source,line,static_link_pattern
client/src/App.jsx,157,/admin/dispatch?${…}
client/src/App.jsx,167,/admin/lawn-assessments?${…}
client/src/App.jsx,175,/admin/equipment?${…}
client/src/App.jsx,251,./components/admin/AdminTabRedirect
client/src/App.jsx,357,./pages/admin/ReviewsPage
client/src/App.jsx,358,./pages/admin/AdminDispatchPage
client/src/App.jsx,359,./pages/admin/InventoryPage
client/src/App.jsx,360,./pages/admin/CommunicationsPageV2
client/src/App.jsx,361,./pages/admin/CustomersPageV2
client/src/App.jsx,362,./pages/admin/ReferralsPageV2
client/src/App.jsx,363,./pages/admin/DashboardPageV2
client/src/App.jsx,364,./pages/admin/EstimatesPageV2
client/src/App.jsx,365,./pages/admin/AgentEstimatePage
client/src/App.jsx,366,./pages/admin/CommercialProposalPage
client/src/App.jsx,371,./pages/admin/AssessmentsHubPage
client/src/App.jsx,372,./pages/admin/RecruitingPage
client/src/App.jsx,375,./pages/admin/AdsPage
client/src/App.jsx,376,./pages/admin/SEOPage
client/src/App.jsx,377,./pages/admin/BlogPage
client/src/App.jsx,378,./pages/admin/AgentsHubPage
client/src/App.jsx,379,./pages/admin/KnowledgeHubPage
client/src/App.jsx,380,./pages/admin/SettingsPage
client/src/App.jsx,381,./pages/admin/PestPressureSettingsPage
client/src/App.jsx,384,./pages/admin/SocialMediaPage
client/src/App.jsx,385,./pages/admin/TaxPage
client/src/App.jsx,386,./pages/admin/ToolHealthPage
client/src/App.jsx,387,./pages/admin/PriceMatchPage
client/src/App.jsx,388,./pages/admin/DuplicateCustomersPage
client/src/App.jsx,389,./pages/admin/EquipmentPage
client/src/App.jsx,390,./pages/admin/TurfHeightReviewPage
client/src/App.jsx,391,./pages/admin/AdminInvoicesPage
client/src/App.jsx,392,./pages/admin/BillingRecoveryPage
client/src/App.jsx,393,./pages/admin/PayersPage
client/src/App.jsx,394,./pages/admin/ContractsPage
client/src/App.jsx,409,./pages/admin/TimeTrackingPage
client/src/App.jsx,410,./pages/admin/ServiceLibraryPage
client/src/App.jsx,411,./pages/admin/ProjectsPage
client/src/App.jsx,412,./pages/admin/NewsletterPage
client/src/App.jsx,413,./pages/admin/CompliancePage
client/src/App.jsx,414,./pages/admin/PricingHubPage
client/src/App.jsx,415,./pages/admin/_DesignSystemPage
client/src/App.jsx,416,./pages/admin/_DesignSystemFlagsPage
client/src/App.jsx,417,./pages/admin/EmailPage
client/src/App.jsx,418,./pages/admin/BankingPage
client/src/App.jsx,419,./pages/admin/MorePage
client/src/App.jsx,545,/admin/login
client/src/App.jsx,546,/admin/change-password
client/src/App.jsx,547,/admin/forgot-password
client/src/App.jsx,548,/admin/reset-password
client/src/App.jsx,554,/admin/pipeline?tab=new
client/src/App.jsx,559,/admin
client/src/App.jsx,568,/admin/pipeline
client/src/App.jsx,578,/admin/dashboard
client/src/App.jsx,581,/admin/ppc
client/src/App.jsx,585,/admin/blog?tab=autopilot
client/src/App.jsx,586,/admin/blog?tab=registry
client/src/App.jsx,587,/admin/agents?tab=hygiene
client/src/App.jsx,589,/admin/agents?tab=decisions
client/src/App.jsx,591,/admin/agents?tab=drafts
client/src/App.jsx,597,/admin/pricing-logic
client/src/App.jsx,609,/admin/service-library
client/src/App.jsx,624,/admin/equipment
client/src/App.jsx,630,/admin/knowledge
client/src/App.jsx,647,/admin/customers?view=health
client/src/App.jsx,649,/admin/pipeline
client/src/App.jsx,654,/admin/contracts?tab=templates
client/src/App.jsx,655,/admin/contracts?tab=requests
client/src/App.jsx,656,/admin/service-library?tab=discounts
client/src/App.jsx,658,/admin/compliance
client/src/App.jsx,660,/admin/communications
client/src/App.jsx,661,/admin/communications
client/src/App.jsx,665,/admin/pricing-logic?section=reality
client/src/App.jsx,667,/admin/agents
client/src/App.jsx,669,/admin/pricing-logic
client/src/components/AdminLayoutV2.jsx,38,./admin/GlobalCommandPalette
client/src/components/AdminLayoutV2.jsx,80,/admin/login
client/src/components/AdminLayoutV2.jsx,83,/admin/auth/me
client/src/components/AdminLayoutV2.jsx,93,/admin/forgot-password
client/src/components/AdminLayoutV2.jsx,108,/admin/login
client/src/components/AdminLayoutV2.jsx,125,/admin/schedule
client/src/components/AdminLayoutV2.jsx,157,/admin/login
client/src/components/NotificationBell.jsx,80,/admin/notifications
client/src/components/ServiceRecapModal.jsx,94,/admin/dispatch/${…}/pest-recap
client/src/components/TechLayout.jsx,56,${…}/admin/auth/me
client/src/components/TechLayout.jsx,81,/admin/change-password
client/src/components/TechLayout.jsx,92,/admin/login?next=${…}
client/src/components/TechLayout.jsx,203,/admin/login?next=${…}
client/src/components/admin/AuthenticatedCallAudio.jsx,111,${…}/admin/call-recordings/audio/${…}
client/src/components/admin/CallBridgeLink.jsx,16,${…}/admin/communications/call
client/src/components/admin/CallIntelligencePanel.jsx,106,/admin/call-recordings/calls/${…}/intelligence
client/src/components/admin/CallIntelligencePanel.jsx,148,/admin/call-recordings/commitments/${…}
client/src/components/admin/CallIntelligencePanel.jsx,274,/admin/customers?search=${…}&limit=8
client/src/components/admin/CallIntelligencePanel.jsx,292,/admin/call-recordings/calls/${…}/customer
client/src/components/admin/CallIntelligencePanel.jsx,305,/admin/call-recordings/calls/${…}/customer
client/src/components/admin/CallIntelligencePanel.jsx,335,/admin/call-recordings/calls/${…}/commitments
client/src/components/admin/CallIntelligencePanel.jsx,494,/admin/call-recordings/calls/${…}/adopt-recording
client/src/components/admin/CallRoutingSettingsV2.jsx,51,/admin/settings/call-routing/status
client/src/components/admin/CallRoutingSettingsV2.jsx,54,/admin/settings/call-routing
client/src/components/admin/CallRoutingSettingsV2.jsx,82,/admin/settings/call-routing
client/src/components/admin/CallRoutingSettingsV2.jsx,100,/admin/settings/call-routing/reset
client/src/components/admin/CancelPlanDialog.jsx,100,/admin/customers/${…}/cancel-plan/preview
client/src/components/admin/CancelPlanDialog.jsx,171,/admin/customers/${…}/cancel-plan
client/src/components/admin/Customer360ProfileV2.jsx,93,../../pages/admin/SchedulePage
client/src/components/admin/Customer360ProfileV2.jsx,904,/admin/document-templates?status=active&limit=100
client/src/components/admin/Customer360ProfileV2.jsx,932,/admin/customers/${…}/autopay-setup-link
client/src/components/admin/Customer360ProfileV2.jsx,957,/admin/contracts/customer/${…}/autopay-authorization
client/src/components/admin/Customer360ProfileV2.jsx,987,/admin/contracts/${…}/share-link
client/src/components/admin/Customer360ProfileV2.jsx,1014,/admin/contracts/${…}/cancel
client/src/components/admin/Customer360ProfileV2.jsx,1045,/admin/contracts/${…}/renewal-notice
client/src/components/admin/Customer360ProfileV2.jsx,1076,/admin/contracts/${…}/remind
client/src/components/admin/Customer360ProfileV2.jsx,1077,/admin/contracts/${…}/send-${…}
client/src/components/admin/Customer360ProfileV2.jsx,1115,/admin/document-templates/${…}/contracts
client/src/components/admin/Customer360ProfileV2.jsx,1156,/admin/contracts/${…}/events
client/src/components/admin/Customer360ProfileV2.jsx,2569,/admin/dispatch/customers/${…}/property-map
client/src/components/admin/Customer360ProfileV2.jsx,2691,/admin/dispatch/customers/${…}/property-zones
client/src/components/admin/Customer360ProfileV2.jsx,2921,/admin/dispatch/customers/${…}/property-map
client/src/components/admin/Customer360ProfileV2.jsx,3055,/admin/dispatch/customers/${…}/termite-stations
client/src/components/admin/Customer360ProfileV2.jsx,3203,${…}/admin/customers/${…}
client/src/components/admin/Customer360ProfileV2.jsx,3286,${…}/admin/customers/${…}/autopay-state
client/src/components/admin/Customer360ProfileV2.jsx,3312,/admin/customers/${…}/charge-now
client/src/components/admin/Customer360ProfileV2.jsx,3456,/admin/customers/${…}/credits
client/src/components/admin/Customer360ProfileV2.jsx,3496,/admin/customers/${…}/credits
client/src/components/admin/Customer360ProfileV2.jsx,3765,/admin/services/dropdown
client/src/components/admin/Customer360ProfileV2.jsx,3990,/admin/customers/${…}/annual-prepay
client/src/components/admin/Customer360ProfileV2.jsx,4024,/admin/customers/${…}/annual-prepay
client/src/components/admin/Customer360ProfileV2.jsx,4280,/admin/customers/${…}/deposit-credit
client/src/components/admin/Customer360ProfileV2.jsx,4378,/admin/customers/${…}/annual-prepay-invoice
client/src/components/admin/Customer360ProfileV2.jsx,4391,/admin/customers/${…}/annual-prepay-invoice
client/src/components/admin/Customer360ProfileV2.jsx,4713,/admin/customers/${…}/cancel-signup
client/src/components/admin/Customer360ProfileV2.jsx,4723,/admin/customers/${…}/cancel-signup
client/src/components/admin/Customer360ProfileV2.jsx,4959,/admin/customers/${…}/refund
client/src/components/admin/Customer360ProfileV2.jsx,5201,/admin/customers/${…}
client/src/components/admin/Customer360ProfileV2.jsx,5211,/admin/payers
client/src/components/admin/Customer360ProfileV2.jsx,5259,/admin/customers/${…}/resume-service
client/src/components/admin/Customer360ProfileV2.jsx,5300,/admin/customers/${…}
client/src/components/admin/Customer360ProfileV2.jsx,5340,/admin/payers
client/src/components/admin/Customer360ProfileV2.jsx,5403,/admin/customers/${…}
client/src/components/admin/Customer360ProfileV2.jsx,5404,/admin/customers/${…}/timeline
client/src/components/admin/Customer360ProfileV2.jsx,5434,/admin/customers/${…}/timeline
client/src/components/admin/Customer360ProfileV2.jsx,5454,/admin/customers/${…}/comms
client/src/components/admin/Customer360ProfileV2.jsx,5654,/admin/customers/${…}/notification-prefs
client/src/components/admin/Customer360ProfileV2.jsx,5691,/admin/customers/${…}/notification-prefs
client/src/components/admin/Customer360ProfileV2.jsx,5856,/admin/communications/sms
client/src/components/admin/Customer360ProfileV2.jsx,5867,/admin/customers/${…}
client/src/components/admin/Customer360ProfileV2.jsx,5868,/admin/customers/${…}/comms
client/src/components/admin/Customer360ProfileV2.jsx,6076,/admin/communications?phone=${…}&action=sms
client/src/components/admin/Customer360ProfileV2.jsx,6096,/admin/schedule?customer=${…}
client/src/components/admin/Customer360ProfileV2.jsx,6102,/admin/invoices?customer=${…}
client/src/components/admin/Customer360ProfileV2.jsx,6333,/admin/customers?customerId=${…}
client/src/components/admin/Customer360ProfileV2.jsx,6392,/admin/customers?customerId=${…}
client/src/components/admin/Customer360ProfileV2.jsx,6452,/admin/customers/${…}
client/src/components/admin/Customer360ProfileV2.jsx,8083,/admin/communications?phone=${…}&action=sms
client/src/components/admin/Customer360ProfileV2.jsx,8375,/admin/customers/${…}
client/src/components/admin/Customer360ProfileV2.jsx,8417,/admin/customers/${…}
client/src/components/admin/CustomerPropertiesPanelV2.jsx,78,/admin/customers/${…}/properties
client/src/components/admin/CustomerPropertiesPanelV2.jsx,110,/admin/customers/${…}/properties
client/src/components/admin/CustomerPropertiesPanelV2.jsx,148,/admin/customers/${…}/properties/${…}
client/src/components/admin/CustomerRequestsPanel.jsx,50,/admin/requests?customerId=${…}&openOnly=true&limit=50
client/src/components/admin/CustomerRequestsPanel.jsx,80,/admin/requests/${…}
client/src/components/admin/EstimateModalsV2.jsx,19,../../pages/admin/EstimatePage
client/src/components/admin/EstimateModalsV2.jsx,52,/admin/estimates/${…}/follow-up
client/src/components/admin/EstimateModalsV2.jsx,118,/admin/estimates/${…}
client/src/components/admin/EstimateModalsV2.jsx,264,/admin/estimates/${…}/extend
client/src/components/admin/ExpenseCapture.jsx,80,/admin/job-expenses/receipt-upload
client/src/components/admin/ExpenseCapture.jsx,90,/admin/job-expenses
client/src/components/admin/GlobalCommandPalette.jsx,81,/admin/schedule
client/src/components/admin/GlobalCommandPalette.jsx,82,/admin/dispatch
client/src/components/admin/GlobalCommandPalette.jsx,83,/admin/dashboard
client/src/components/admin/GlobalCommandPalette.jsx,84,/admin
client/src/components/admin/GlobalCommandPalette.jsx,85,/admin/customers
client/src/components/admin/GlobalCommandPalette.jsx,86,/admin/pipeline
client/src/components/admin/GlobalCommandPalette.jsx,87,/admin/estimates
client/src/components/admin/GlobalCommandPalette.jsx,88,/admin/seo
client/src/components/admin/GlobalCommandPalette.jsx,89,/admin/blog
client/src/components/admin/GlobalCommandPalette.jsx,90,/admin/ppc
client/src/components/admin/GlobalCommandPalette.jsx,91,/admin/social-media
client/src/components/admin/GlobalCommandPalette.jsx,92,/admin/inventory
client/src/components/admin/GlobalCommandPalette.jsx,93,/admin/revenue
client/src/components/admin/GlobalCommandPalette.jsx,94,/admin/invoices
client/src/components/admin/GlobalCommandPalette.jsx,95,/admin/tax
client/src/components/admin/GlobalCommandPalette.jsx,96,/admin/reviews
client/src/components/admin/GlobalCommandPalette.jsx,97,/admin/referrals
client/src/components/admin/GlobalCommandPalette.jsx,98,/admin/communications
client/src/components/admin/GlobalCommandPalette.jsx,99,/admin/email
client/src/components/admin/GlobalCommandPalette.jsx,100,/admin/banking
client/src/components/admin/GlobalCommandPalette.jsx,101,/admin/pricing-logic
client/src/components/admin/GlobalCommandPalette.jsx,148,/admin/pipeline
client/src/components/admin/GlobalCommandPalette.jsx,148,/admin/pipeline/
client/src/components/admin/GlobalCommandPalette.jsx,167,/admin
client/src/components/admin/GlobalCommandPalette.jsx,402,/admin/intelligence-bar/quick-actions?context=${…}
client/src/components/admin/GlobalCommandPalette.jsx,474,/admin/intelligence-bar/threads?limit=20
client/src/components/admin/GlobalCommandPalette.jsx,493,/admin/intelligence-bar/threads/${…}
client/src/components/admin/GlobalCommandPalette.jsx,509,/admin/intelligence-bar/threads/latest
client/src/components/admin/GlobalCommandPalette.jsx,543,/admin/intelligence-bar/query
client/src/components/admin/IntegrationHealthSection.jsx,76,/admin/integrations/health
client/src/components/admin/IntegrationHealthSection.jsx,89,/admin/token-health/check
client/src/components/admin/JobCostCard.jsx,49,/admin/job-costs?scheduled_service_id=${…}&limit=1
client/src/components/admin/JobCostCard.jsx,54,/admin/job-forms/submissions?scheduled_service_id=${…}
client/src/components/admin/JobCostCard.jsx,69,/admin/job-costs/recalc/${…}
client/src/components/admin/JobFormSection.jsx,54,/admin/job-forms/templates/by-service/${…}
client/src/components/admin/MobileNewCustomerSheet.jsx,106,${…}/admin/customers/quick-add
client/src/components/admin/MobileServiceLibrary.jsx,42,/admin/services?${…}
client/src/components/admin/MobileServiceLibrary.jsx,440,/admin/discounts
client/src/components/admin/MobileServiceLibrary.jsx,631,/admin/discounts
client/src/components/admin/MobileServiceLibrary.jsx,631,/admin/discounts/${…}
client/src/components/admin/MobileServiceLibrary.jsx,1030,/admin/services
client/src/components/admin/MobileServiceLibrary.jsx,1030,/admin/services/${…}
client/src/components/admin/MobileServiceLibrary.jsx,1056,/admin/services/${…}
client/src/components/admin/NotificationBell.jsx,67,/admin/notifications/unread-count
client/src/components/admin/NotificationBell.jsx,76,/admin/notifications?limit=25
client/src/components/admin/NotificationBell.jsx,125,/admin/notifications/${…}/read
client/src/components/admin/NotificationBell.jsx,140,/admin/notifications/read-all
client/src/components/admin/NotificationBell.jsx,377,/admin/communications#notifications
client/src/components/admin/OwedCommitmentsSummary.jsx,43,/admin/call-recordings/commitments/open?customer_id=${…}&limit=${…}
client/src/components/admin/OwedCommitmentsSummary.jsx,70,/admin/call-recordings/commitments/${…}
client/src/components/admin/OwedCommitmentsSummary.jsx,106,/admin/communications#tab=owed
client/src/components/admin/PendingActionsCard.jsx,184,/admin/intelligence-bar/confirm-action
client/src/components/admin/PendingActionsCard.jsx,184,/admin/intelligence-bar/cancel-action
client/src/components/admin/PortalUsageTab.jsx,123,/admin/usage/summary?days=${…}&scope=${…}
client/src/components/admin/PricingLogicPanel.jsx,79,/admin/pricing-config/changelog${…}
client/src/components/admin/PricingLogicPanel.jsx,513,/admin/pricing-proposals?status=${…}&limit=50
client/src/components/admin/PricingLogicPanel.jsx,602,/admin/pricing-proposals/${…}/${…}
client/src/components/admin/PricingLogicPanel.jsx,1313,/admin/pricing-config/${…}
client/src/components/admin/PricingLogicPanel.jsx,1325,/admin/pricing-config/${…}
client/src/components/admin/PricingLogicPanel.jsx,1751,/admin/pricing-config/lawn-brackets
client/src/components/admin/PricingLogicPanel.jsx,1768,/admin/pricing-config/lawn-brackets/${…}
client/src/components/admin/PricingLogicPanel.jsx,1918,/admin/pricing-config/discount-rules
client/src/components/admin/PricingLogicPanel.jsx,1932,/admin/pricing-config/discount-rules/${…}
client/src/components/admin/PricingLogicPanel.jsx,2189,/admin/inventory?limit=200
client/src/components/admin/PricingLogicPanel.jsx,2360,/admin/pricing-config/audit-log?limit=30
client/src/components/admin/PricingLogicPanel.jsx,2424,/admin/pricing-config
client/src/components/admin/PushSettings.jsx,87,/admin/push/preferences
client/src/components/admin/PushSettings.jsx,126,/admin/push/preferences
client/src/components/admin/PushSettingsV2.jsx,116,/admin/push/preferences
client/src/components/admin/PushSettingsV2.jsx,161,/admin/push/preferences
client/src/components/admin/ServiceOutlineComposerModal.jsx,135,/admin/service-outlines/preview
client/src/components/admin/ServiceOutlineComposerModal.jsx,158,/admin/service-outlines/${…}/events
client/src/components/admin/ServiceOutlineComposerModal.jsx,170,/admin/service-outlines/${…}
client/src/components/admin/ServiceOutlineComposerModal.jsx,200,/admin/service-outlines
client/src/components/admin/ServiceOutlineComposerModal.jsx,230,/admin/service-outlines/${…}/approve
client/src/components/admin/ServiceOutlineComposerModal.jsx,236,/admin/service-outlines/${…}/send
client/src/components/admin/ServiceOutlineComposerModal.jsx,277,/admin/service-outlines/${…}/regenerate
client/src/components/admin/StickyActionBar.jsx,133,/admin/estimates?${…}
client/src/components/admin/StickyActionBar.jsx,133,/admin/estimates
client/src/components/admin/StickyActionBar.jsx,145,/admin/communications?phone=${…}&action=sms
client/src/components/admin/StickyActionBar.jsx,167,/admin/schedule?customer=${…}
client/src/components/admin/StickyActionBar.jsx,177,/admin/invoices?customer=${…}
client/src/components/dashboard/AiChartsPanel.jsx,263,/admin/dashboard/widgets
client/src/components/dashboard/AiChartsPanel.jsx,278,/admin/dashboard/ai-chart/preview
client/src/components/dashboard/AiChartsPanel.jsx,294,/admin/dashboard/widgets
client/src/components/dashboard/AiChartsPanel.jsx,309,/admin/dashboard/widgets/${…}
client/src/components/dashboard/SmsInboxWidget.jsx,27,${…}/admin/dashboard-ops/inbox
client/src/components/dashboard/SmsInboxWidget.jsx,47,${…}/admin/dashboard-ops/inbox/${…}/read
client/src/components/dashboard/SmsInboxWidget.jsx,58,${…}/admin/dashboard-ops/inbox/${…}/reply
client/src/components/dashboard/SmsInboxWidget.jsx,78,/admin/communications
client/src/components/dispatch/JobDrawer.jsx,249,${…}/admin/dispatch/jobs/${…}
client/src/components/dispatch/JobDrawer.jsx,321,${…}/admin/schedule/${…}/${…}
client/src/components/dispatch/JobDrawer.jsx,345,${…}/admin/dispatch/technicians
client/src/components/dispatch/JobDrawer.jsx,371,${…}/admin/dispatch/jobs/${…}/assign
client/src/components/dispatch/JobDrawer.jsx,411,${…}/admin/dispatch/${…}/status
client/src/components/dispatch/TechDrawer.jsx,130,${…}/admin/dispatch/techs/${…}
client/src/components/equipment/MileageTab.jsx,58,/admin/mileage/dashboard
client/src/components/equipment/MileageTab.jsx,65,/admin/mileage/trips?page=${…}&limit=30
client/src/components/equipment/MileageTab.jsx,83,/admin/mileage/daily?start_date=${…}&end_date=${…}
client/src/components/equipment/MileageTab.jsx,89,/admin/mileage/irs-report?year=${…}
client/src/components/equipment/MileageTab.jsx,101,/admin/mileage/sync
client/src/components/equipment/MileageTab.jsx,106,/admin/mileage/trips/${…}
client/src/components/equipment/MileageTab.jsx,113,/admin/mileage/trips/${…}
client/src/components/equipment/MileageTab.jsx,120,/admin/mileage/irs-report/export?year=${…}
client/src/components/estimates/CommercialProposalModal.jsx,77,/admin/estimates/${…}/proposal
client/src/components/estimates/CommercialProposalModal.jsx,165,/admin/estimates/${…}/proposal
client/src/components/estimates/CommercialProposalModal.jsx,200,${…}/admin/estimates/${…}/proposal.pdf
client/src/components/schedule/AnnualPrepayLauncher.jsx,8,../admin/Customer360ProfileV2
client/src/components/schedule/AnnualPrepayLauncher.jsx,57,/admin/customers/${…}
client/src/components/schedule/AnnualPrepayLauncher.jsx,106,/admin/invoices/${…}
client/src/components/schedule/AnnualPrepayLauncher.jsx,121,/admin/invoices/${…}/void
client/src/components/schedule/CalendarViewsV2.jsx,64,/admin/login
client/src/components/schedule/CalendarViewsV2.jsx,171,/admin/schedule/week?start=${…}
client/src/components/schedule/CalendarViewsV2.jsx,416,/admin/schedule/month?month=${…}
client/src/components/schedule/CalendarViewsV2.jsx,495,/admin/dispatch/${…}/reschedule
client/src/components/schedule/CreateAppointmentModal.jsx,520,/admin/services?${…}
client/src/components/schedule/CreateAppointmentModal.jsx,562,/admin/customers/${…}/schedule-estimates
client/src/components/schedule/CreateAppointmentModal.jsx,572,/admin/estimates/${…}/schedule-source
client/src/components/schedule/CreateAppointmentModal.jsx,671,/admin/schedule/annual-prepay-availability
client/src/components/schedule/CreateAppointmentModal.jsx,708,/admin/schedule/card-request-availability
client/src/components/schedule/CreateAppointmentModal.jsx,1041,/admin/technicians
client/src/components/schedule/CreateAppointmentModal.jsx,1048,/admin/discounts
client/src/components/schedule/CreateAppointmentModal.jsx,1081,/admin/schedule/mosquito-onetime-quote?customerId=${…}
client/src/components/schedule/CreateAppointmentModal.jsx,1100,/admin/customers?search=${…}&limit=8
client/src/components/schedule/CreateAppointmentModal.jsx,1122,/admin/customers/quick-add
client/src/components/schedule/CreateAppointmentModal.jsx,1166,/admin/schedule/find-time
client/src/components/schedule/CreateAppointmentModal.jsx,1460,/admin/schedule/annual-prepay-preview?${…}
client/src/components/schedule/CreateAppointmentModal.jsx,1545,/admin/schedule/mosquito-onetime-quote?customerId=${…}
client/src/components/schedule/CreateAppointmentModal.jsx,1720,/admin/schedule
client/src/components/schedule/CreateAppointmentModal.jsx,1806,/admin/schedule/annual-prepay-preview?${…}
client/src/components/schedule/CreateAppointmentModal.jsx,1818,/admin/customers/${…}/annual-prepay-invoice
client/src/components/schedule/InlineTechPicker.jsx,22,${…}/admin/schedule/${…}/assign
client/src/components/schedule/MarkPrepaidModal.jsx,177,/admin/schedule/${…}/prepaid
client/src/components/schedule/MobileAppointmentDetailSheet.jsx,180,/admin/schedule/${…}/card-request
client/src/components/schedule/MobileAppointmentDetailSheet.jsx,190,/admin/schedule/${…}/card-request
client/src/components/schedule/MobileAppointmentDetailSheet.jsx,193,/admin/schedule/${…}/card-request
client/src/components/schedule/MobileAppointmentDetailSheet.jsx,205,/admin/schedule/annual-prepay-availability
client/src/components/schedule/MobileAppointmentDetailSheet.jsx,224,/admin/schedule/${…}/estimate-source
client/src/components/schedule/MobileAppointmentDetailSheet.jsx,336,/admin/dispatch/${…}/note
client/src/components/schedule/MobileAppointmentDetailSheet.jsx,377,/admin/dispatch/${…}/status
client/src/components/schedule/MobileCardOnFileSheet.jsx,57,${…}/admin/customers/${…}/cards
client/src/components/schedule/MobileCardOnFileSheet.jsx,72,${…}/admin/invoices/${…}/charge-card
client/src/components/schedule/MobileCashTenderSheet.jsx,64,${…}/admin/invoices/${…}/record-payment
client/src/components/schedule/MobileCheckTenderSheet.jsx,34,${…}/admin/invoices/${…}/record-payment
client/src/components/schedule/MobileCheckoutSheet.jsx,253,${…}/admin/schedule/${…}/invoice
client/src/components/schedule/MobileCustomerDetailSheet.jsx,23,../admin/CallBridgeLink
client/src/components/schedule/MobileCustomerDetailSheet.jsx,64,/admin/customers/${…}${…}
client/src/components/schedule/MobileCustomerDetailSheet.jsx,134,/admin/customers?customerId=${…}
client/src/components/schedule/MobileCustomerDetailSheet.jsx,174,/admin/customers?customerId=${…}
client/src/components/schedule/MobileCustomerDetailSheet.jsx,325,/admin/customers?customerId=${…}
client/src/components/schedule/MobileDispatchList.jsx,434,/admin/schedule/week?start=${…}
client/src/components/schedule/MobileItemDiscountPickerSheet.jsx,47,/admin/discounts
client/src/components/schedule/MobilePaymentSheet.jsx,67,${…}/admin/invoices/${…}/send
client/src/components/schedule/MobileServiceEditModal.jsx,104,/admin/schedule/${…}/update-details
client/src/components/schedule/MobileServicePickerSheet.jsx,46,/admin/services?is_active=true&limit=500
client/src/components/schedule/MobileWeekGrid.jsx,420,/admin/schedule/week?start=${…}
client/src/components/schedule/MobileWeekGrid.jsx,594,/admin/dispatch/${…}/reschedule
client/src/components/schedule/MobileWeekGrid.jsx,616,/admin/schedule/week?start=${…}
client/src/components/schedule/PrepaySwitchSheet.jsx,144,/admin/schedule/annual-prepay-preview?scheduledServiceId=${…}
client/src/components/schedule/PrepaySwitchSheet.jsx,159,/admin/schedule/${…}/prepay-switch/undo
client/src/components/schedule/PrepaySwitchSheet.jsx,184,/admin/schedule/${…}/prepay-switch
client/src/components/schedule/PrepaySwitchSheet.jsx,229,/admin/invoices/${…}
client/src/components/schedule/PrepaySwitchSheet.jsx,257,/admin/invoices/${…}/void
client/src/components/schedule/PrepaySwitchSheet.jsx,295,/admin/invoices/${…}
client/src/components/schedule/PrepaySwitchSheet.jsx,303,/admin/schedule/${…}/prepay-switch/status?invoiceId=${…}
client/src/components/schedule/PrepaySwitchSheet.jsx,311,/admin/schedule/${…}/prepay-switch/status?invoiceId=${…}
client/src/components/schedule/RainOutSheet.jsx,335,${…}/admin/dispatch/${…}/rain-out-options
client/src/components/schedule/RainOutSheet.jsx,460,${…}/admin/dispatch/${…}/rain-out/custom-preview
client/src/components/schedule/RainOutSheet.jsx,495,${…}/admin/dispatch/${…}/rain-out/target-check
client/src/components/schedule/RainOutSheet.jsx,574,${…}/admin/dispatch/${…}/rain-out
client/src/components/schedule/RecurringAlertsBannerV2.jsx,22,/admin/login
client/src/components/schedule/RecurringAlertsBannerV2.jsx,38,/admin/schedule/recurring-alerts
client/src/components/schedule/RecurringAlertsBannerV2.jsx,48,/admin/schedule/recurring-alerts/${…}/action
client/src/components/schedule/ScheduleClientSearch.jsx,121,/admin/schedule/list?search=${…}&from=${…}&limit=50
client/src/components/schedule/ScheduleCustomerSidebar.jsx,9,../admin/CallBridgeLink
client/src/components/schedule/ScheduleCustomerSidebar.jsx,121,/admin/customers/${…}${…}
client/src/components/schedule/ScheduleCustomerSidebar.jsx,188,/admin/dispatch/${…}/note
client/src/components/schedule/ScheduleCustomerSidebar.jsx,221,/admin/dispatch/${…}/status
client/src/components/schedule/ScheduleCustomerSidebar.jsx,342,/admin/communications?phone=${…}
client/src/components/schedule/ScheduleCustomerSidebar.jsx,396,/admin/invoices?customer=${…}
client/src/components/schedule/ScheduleListView.jsx,123,/admin/schedule/list?${…}
client/src/components/schedule/ScheduleListView.jsx,287,/admin/schedule/bulk-action
client/src/components/schedule/TimeGridDay.jsx,1247,/admin/schedule/${…}/assign
client/src/components/schedule/TimeGridDay.jsx,1266,/admin/dispatch/${…}/reschedule
client/src/components/schedule/TimeGridDay.jsx,1320,/admin/dispatch/${…}/reschedule
client/src/components/schedule/TimeGridDay.jsx,1396,/admin/dispatch/${…}/reschedule
client/src/components/schedule/TimeGridDay.jsx,1445,/admin/schedule/${…}/assign
client/src/components/schedule/TimeGridDay.jsx,1490,/admin/visits/group
client/src/components/schedule/TimeGridDay.jsx,1511,/admin/visits/${…}/split
client/src/components/schedule/TimeGridDays.jsx,737,/admin/schedule/week?start=${…}
client/src/components/schedule/TimeGridDays.jsx,935,/admin/schedule/${…}/assign
client/src/components/schedule/TimeGridDays.jsx,941,/admin/dispatch/${…}/reschedule
client/src/components/schedule/TimeGridDays.jsx,964,/admin/schedule/week?start=${…}
client/src/components/schedule/TreatmentPlanPanel.jsx,149,/admin/treatment-plans/${…}${…}
client/src/components/schedule/WeatherBar.jsx,12,${…}/admin/dashboard-ops/weather?date=${…}
client/src/components/schedule/seriesMove.js,117,${…}/admin/dispatch/${…}/series-move-preview?newDate=${…}
client/src/components/schedule/useBestTimes.js,36,${…}/admin/schedule/find-time
client/src/components/schedule/useSlotConflicts.js,31,${…}/admin/dispatch/slot-check
client/src/components/tech/CreateProjectModal.jsx,665,/admin/projects/types
client/src/components/tech/CreateProjectModal.jsx,678,/admin/customers/${…}/estimates-summary
client/src/components/tech/CreateProjectModal.jsx,692,/admin/customers?search=${…}&limit=8
client/src/components/tech/CreateProjectModal.jsx,713,/admin/projects/service-search?${…}
client/src/components/tech/CreateProjectModal.jsx,809,/admin/dispatch/products/catalog
client/src/components/tech/CreateProjectModal.jsx,860,/admin/projects/scheduled-service/${…}/application-prefill
client/src/components/tech/CreateProjectModal.jsx,995,/admin/projects/applicators
client/src/components/tech/CreateProjectModal.jsx,1213,/admin/projects/ai-write-preview
client/src/components/tech/CreateProjectModal.jsx,1246,/admin/customers/${…}/latest-scheduled-service
client/src/components/tech/CreateProjectModal.jsx,1320,/admin/projects/wdo-treatment-photo
client/src/components/tech/CreateProjectModal.jsx,1415,/admin/projects
client/src/components/tech/CreateProjectModal.jsx,1441,/admin/projects/${…}
client/src/components/tech/CreateProjectModal.jsx,1472,/admin/projects/${…}/photos
client/src/components/tech/CreateProjectModal.jsx,1503,/admin/projects/${…}
client/src/components/tech/CreateProjectModal.jsx,1564,/admin/projects/${…}/send-with-invoice
client/src/components/tech/CreateProjectModal.jsx,1581,/admin/projects/${…}/send-with-invoice
client/src/components/tech/CreateProjectModal.jsx,1601,/admin/projects/${…}/close
client/src/components/tech/CreateProjectModal.jsx,1647,/admin/projects/${…}/send
client/src/components/tech/CreateProjectModal.jsx,1657,/admin/projects/${…}/close
client/src/components/tech/CreateProjectModal.jsx,1693,/admin/projects/${…}/send-with-invoice
client/src/components/tech/CreateProjectModal.jsx,1702,/admin/invoices/${…}/charge-card-quote
client/src/components/tech/CreateProjectModal.jsx,1722,/admin/invoices/${…}/charge-card
client/src/components/tech/CreateProjectModal.jsx,1746,/admin/projects/${…}/send
client/src/components/tech/CreateProjectModal.jsx,1761,/admin/projects/${…}/close
client/src/components/tech/ProjectFindingFieldInput.jsx,541,/admin/customers?search=${…}&limit=8
client/src/components/tech/TechIntelligenceBar.jsx,94,/admin/intelligence-bar/quick-actions?context=tech
client/src/components/tech/TechIntelligenceBar.jsx,112,/admin/intelligence-bar/query
client/src/components/tech/WdoIntelligenceBar.jsx,151,/admin/projects/wdo-history
client/src/components/tech/WdoIntelligenceBar.jsx,229,/admin/projects/wdo-intelligence
client/src/components/tech/WdoSignaturePad.jsx,152,/admin/projects/${…}/wdo-signature
client/src/components/tech/WdoSignaturePad.jsx,182,/admin/projects/${…}/wdo-signature
client/src/config/adminNavigation.js,53,/admin/dashboard
client/src/config/adminNavigation.js,63,/admin/customers
client/src/config/adminNavigation.js,69,/admin/pipeline
client/src/config/adminNavigation.js,76,/admin/schedule
client/src/config/adminNavigation.js,82,/admin/timetracking
client/src/config/adminNavigation.js,88,/admin/service-library
client/src/config/adminNavigation.js,95,/admin/projects
client/src/config/adminNavigation.js,101,/admin/contracts
client/src/config/adminNavigation.js,109,/admin/communications
client/src/config/adminNavigation.js,116,/admin/reviews
client/src/config/adminNavigation.js,123,/admin/referrals
client/src/config/adminNavigation.js,130,/admin/email
client/src/config/adminNavigation.js,137,/admin/ppc
client/src/config/adminNavigation.js,144,/admin/seo
client/src/config/adminNavigation.js,151,/admin/social-media
client/src/config/adminNavigation.js,158,/admin/blog
client/src/config/adminNavigation.js,165,/admin/newsletter
client/src/config/adminNavigation.js,172,/admin/lawn-assessments
client/src/config/adminNavigation.js,175,/admin/lawn-assessments?tab=field
client/src/config/adminNavigation.js,179,/admin/recruiting
client/src/config/adminNavigation.js,187,/admin/agents
client/src/config/adminNavigation.js,194,/admin/agent-estimate
client/src/config/adminNavigation.js,202,/admin/equipment
client/src/config/adminNavigation.js,208,/admin/inventory
client/src/config/adminNavigation.js,214,/admin/price-match
client/src/config/adminNavigation.js,221,/admin/compliance
client/src/config/adminNavigation.js,228,/admin/knowledge
client/src/config/adminNavigation.js,234,/admin/invoices
client/src/config/adminNavigation.js,241,/admin/billing-recovery
client/src/config/adminNavigation.js,248,/admin/payers
client/src/config/adminNavigation.js,256,/admin/banking
client/src/config/adminNavigation.js,263,/admin/tax
client/src/config/adminNavigation.js,270,/admin/pricing-logic
client/src/config/adminNavigation.js,277,/admin/tool-health
client/src/config/adminNavigation.js,284,/admin/settings
client/src/config/adminNavigation.js,295,/admin/more
client/src/config/adminNavigation.js,429,/admin/schedule
client/src/config/adminNavigation.js,430,/admin/dispatch
client/src/config/adminNavigation.js,431,/admin/timetracking
client/src/config/adminNavigation.js,432,/admin/projects
client/src/config/adminNavigation.js,433,/admin/customers
client/src/config/adminNavigation.js,434,/admin/communications
client/src/config/adminNavigation.js,435,/admin/lawn-assessments
client/src/config/adminNavigation.js,436,/admin/lawn-assessment
client/src/config/adminNavigation.js,437,/admin/lawn-protocol
client/src/config/adminNavigation.js,438,/admin/lawn-diagnostic
client/src/config/adminNavigation.js,439,/admin/turf-height
client/src/config/adminNavigation.js,440,/admin/protocols
client/src/config/adminNavigation.js,441,/admin/equipment
client/src/config/adminNavigation.js,442,/admin/equipment-calibration
client/src/config/adminNavigation.js,443,/admin/fleet
client/src/config/adminNavigation.js,444,/admin/inventory
client/src/config/adminNavigation.js,445,/admin/knowledge
client/src/config/adminNavigation.js,446,/admin/kb
client/src/config/adminNavigation.js,447,/admin/settings
client/src/config/adminNavigation.js,448,/admin/more
client/src/config/adminNavigation.js,454,/admin/customers/duplicates
client/src/config/adminNavigation.js,455,/admin/settings/pest-pressure
client/src/config/adminNavigation.js,460,/admin
client/src/config/adminNavigation.js,460,/admin/
client/src/config/adminNavigation.js,478,/admin
client/src/config/adminNavigation.js,479,/admin/dispatch
client/src/config/mobileSettingsSections.js,8,/admin/invoices
client/src/config/mobileSettingsSections.js,9,/admin/banking
client/src/config/mobileSettingsSections.js,13,/admin/settings?tab=integrations
client/src/config/mobileSettingsSections.js,20,/admin/communications
client/src/config/mobileSettingsSections.js,22,/admin/settings?tab=team
client/src/config/mobileSettingsSections.js,26,/admin/settings?tab=service-reports
client/src/config/mobileSettingsSections.js,32,/admin/settings?tab=blackout-days
client/src/config/mobileSettingsSections.js,38,/admin/settings?tab=link-library
client/src/config/mobileSettingsSections.js,44,/admin/settings?tab=kpi-targets
client/src/config/mobileSettingsSections.js,50,/admin/settings?tab=integrations
client/src/config/mobileSettingsSections.js,53,/admin/settings?tab=general
client/src/config/mobileSettingsSections.js,54,/admin/settings?tab=system
client/src/config/mobileSettingsSections.js,55,/admin/settings?tab=usage
client/src/config/mobileSettingsSections.js,59,/admin/_design-system/flags
client/src/hooks/useCustomerCards.js,52,${…}/admin/customers/${…}/cards
client/src/hooks/useDispatchAlerts.js,68,${…}/admin/dispatch/alerts?unresolved=true
client/src/hooks/useDispatchAlerts.js,157,${…}/admin/dispatch/alerts/${…}/resolve
client/src/hooks/useDispatchAlerts.js,167,${…}/admin/dispatch/alerts/resolve-all
client/src/hooks/useDispatchBoard.js,125,${…}/admin/dispatch/board
client/src/hooks/useFeatureFlag.js,20,${…}/admin/feature-flags
client/src/hooks/useIntelligenceBar.js,77,/admin/intelligence-bar/quick-actions${…}
client/src/hooks/useIntelligenceBar.js,150,/admin/intelligence-bar/query
client/src/lib/adminBookmarkMeta.js,37,/admin
client/src/lib/adminBookmarkMeta.js,37,/admin/
client/src/lib/adminUsage.js,212,${…}/admin/usage/track
client/src/lib/cardHoldCancel.js,22,${…}/admin/dispatch/${…}/card-hold
client/src/lib/customerPortalChrome.js,18,/admin
client/src/lib/pricingEngineClient.js,30,/admin/pricing-config/estimate
client/src/lib/pricingEngineClient.js,40,/admin/pricing-config/quick-quote
client/src/lib/push-subscribe.js,120,${…}/admin/push/subscription-status
client/src/lib/push-subscribe.js,172,${…}/admin/push/vapid-key
client/src/lib/push-subscribe.js,199,${…}/admin/push/subscribe
client/src/lib/push-subscribe.js,267,${…}/admin/push/unsubscribe
client/src/lib/push-subscribe.js,280,${…}/admin/push/test
client/src/pages/AdminChangePasswordPage.jsx,39,/admin/login
client/src/pages/AdminChangePasswordPage.jsx,51,${…}/admin/auth/change-password
client/src/pages/AdminChangePasswordPage.jsx,74,/admin/settings?passwordChanged=1
client/src/pages/AdminForgotPasswordPage.jsx,23,${…}/admin/auth/forgot-password
client/src/pages/AdminForgotPasswordPage.jsx,82,/admin/login
client/src/pages/AdminLoginPage.jsx,44,${…}/admin/auth/login
client/src/pages/AdminLoginPage.jsx,60,/admin/forgot-password
client/src/pages/AdminLoginPage.jsx,87,/admin
client/src/pages/AdminLoginPage.jsx,130,/admin/forgot-password
client/src/pages/AdminResetPasswordPage.jsx,50,${…}/admin/auth/reset-password
client/src/pages/AdminResetPasswordPage.jsx,70,/admin/settings?passwordChanged=1
client/src/pages/AdminResetPasswordPage.jsx,105,/admin/forgot-password
client/src/pages/LoginPage.jsx,20,/admin
client/src/pages/admin/AdminDispatchPage.jsx,43,../../components/admin/AdminCommandHeader
client/src/pages/admin/AdminDispatchPage.jsx,46,../../components/admin/AdminTabRedirect
client/src/pages/admin/AdminDispatchPage.jsx,113,/admin/dispatch
client/src/pages/admin/AdminDispatchPage.jsx,135,/admin/agents
client/src/pages/admin/AdminDispatchPage.jsx,158,/admin/agents?tab=dispatch
client/src/pages/admin/AdminInvoicesPage.jsx,82,../../components/admin/AdminCommandHeader
client/src/pages/admin/AdminInvoicesPage.jsx,347,/admin/invoices/${…}/attachments
client/src/pages/admin/AdminInvoicesPage.jsx,536,/admin/invoices/stats
client/src/pages/admin/AdminInvoicesPage.jsx,691,/admin/invoices/payment-notices?status=parked&limit=100
client/src/pages/admin/AdminInvoicesPage.jsx,716,/admin/invoices/payment-notices/${…}/apply
client/src/pages/admin/AdminInvoicesPage.jsx,745,/admin/invoices/payment-notices/${…}/ignore
client/src/pages/admin/AdminInvoicesPage.jsx,987,/admin/invoices?${…}
client/src/pages/admin/AdminInvoicesPage.jsx,1042,/admin/invoices/${…}
client/src/pages/admin/AdminInvoicesPage.jsx,1094,/admin/invoices/${…}
client/src/pages/admin/AdminInvoicesPage.jsx,1130,/admin/invoices/${…}/void
client/src/pages/admin/AdminInvoicesPage.jsx,1150,/admin/invoices/${…}/unvoid
client/src/pages/admin/AdminInvoicesPage.jsx,1169,/admin/invoices/${…}/reverse-prepaid
client/src/pages/admin/AdminInvoicesPage.jsx,1191,/admin/invoices/${…}/payment-plan/cancel
client/src/pages/admin/AdminInvoicesPage.jsx,1222,/admin/invoices/${…}/archive
client/src/pages/admin/AdminInvoicesPage.jsx,1238,/admin/invoices/${…}/unarchive
client/src/pages/admin/AdminInvoicesPage.jsx,1310,/admin/invoices/batch/send-receipts
client/src/pages/admin/AdminInvoicesPage.jsx,1311,/admin/invoices/batch/send
client/src/pages/admin/AdminInvoicesPage.jsx,2531,/admin/invoices/${…}/attachments
client/src/pages/admin/AdminInvoicesPage.jsx,2568,/admin/invoices/${…}/attachments/${…}/url
client/src/pages/admin/AdminInvoicesPage.jsx,2581,/admin/invoices/${…}/attachments/${…}
client/src/pages/admin/AdminInvoicesPage.jsx,2842,/admin/invoices/${…}/recipients
client/src/pages/admin/AdminInvoicesPage.jsx,2886,/admin/invoices/${…}/send
client/src/pages/admin/AdminInvoicesPage.jsx,3190,/admin/invoices/${…}/recipients
client/src/pages/admin/AdminInvoicesPage.jsx,3231,/admin/invoices/${…}/send-receipt
client/src/pages/admin/AdminInvoicesPage.jsx,3511,/admin/invoices/${…}/credit-context
client/src/pages/admin/AdminInvoicesPage.jsx,3537,/admin/invoices/${…}/apply-credit
client/src/pages/admin/AdminInvoicesPage.jsx,3781,/admin/invoices/${…}/recipients
client/src/pages/admin/AdminInvoicesPage.jsx,3846,/admin/invoices/${…}/record-payment
client/src/pages/admin/AdminInvoicesPage.jsx,4201,/admin/invoices/${…}
client/src/pages/admin/AdminInvoicesPage.jsx,4277,/admin/invoices/${…}/annual-prepay
client/src/pages/admin/AdminInvoicesPage.jsx,4315,/admin/invoices/${…}/annual-prepay
client/src/pages/admin/AdminInvoicesPage.jsx,4594,/admin/invoices/${…}/payment-plan
client/src/pages/admin/AdminInvoicesPage.jsx,4949,/admin/discounts
client/src/pages/admin/AdminInvoicesPage.jsx,5021,/admin/invoices/customers/search?q=${…}
client/src/pages/admin/AdminInvoicesPage.jsx,5036,/admin/invoices/service-records/${…}
client/src/pages/admin/AdminInvoicesPage.jsx,5054,/admin/services?search=${…}&is_active=true&limit=10
client/src/pages/admin/AdminInvoicesPage.jsx,5352,/admin/invoices/notes/ai
client/src/pages/admin/AdminInvoicesPage.jsx,5394,/admin/invoices/email-message/ai
client/src/pages/admin/AdminInvoicesPage.jsx,5476,/admin/invoices
client/src/pages/admin/AdminInvoicesPage.jsx,5497,/admin/invoices/${…}/send
client/src/pages/admin/AdminInvoicesPage.jsx,5520,/admin/invoices/${…}
client/src/pages/admin/AdminInvoicesPage.jsx,5551,/admin/invoices/${…}/schedule-send
client/src/pages/admin/AdminInvoicesPage.jsx,5631,/admin/invoices/${…}
client/src/pages/admin/AdminInvoicesPage.jsx,5740,/admin/invoices/${…}/schedule-send
client/src/pages/admin/AdminInvoicesPage.jsx,5761,/admin/invoices/${…}/send
client/src/pages/admin/AdminInvoicesPage.jsx,5775,/admin/invoices/${…}
client/src/pages/admin/AdminInvoicesPage.jsx,5808,/admin/invoices/${…}
client/src/pages/admin/AdminInvoicesPage.jsx,7127,/admin/invoices/${…}/followup
client/src/pages/admin/AdminInvoicesPage.jsx,7139,/admin/invoices/${…}/followup/${…}
client/src/pages/admin/AdminPriceChangePage.jsx,71,/admin/price-change/preview
client/src/pages/admin/AdminPriceChangePage.jsx,94,/admin/price-change/send
client/src/pages/admin/AdsPage.jsx,19,../../components/admin/AdminCommandHeader
client/src/pages/admin/AdsPage.jsx,252,/admin/ads/campaigns
client/src/pages/admin/AdsPage.jsx,423,/admin/ads/call-bridge?period=${…}
client/src/pages/admin/AdsPage.jsx,442,/admin/ads/call-bridge/apply
client/src/pages/admin/AdsPage.jsx,730,/admin/ads/service-lines?period=${…}
client/src/pages/admin/AdsPage.jsx,1036,/admin/ads/advisor
client/src/pages/admin/AdsPage.jsx,1037,/admin/ads/advisor/history
client/src/pages/admin/AdsPage.jsx,1063,/admin/ads/advisor/generate
client/src/pages/admin/AdsPage.jsx,1092,${…}/admin/ads/advisor/apply
client/src/pages/admin/AdsPage.jsx,1646,/admin/ads/capacity-heatmap
client/src/pages/admin/AdsPage.jsx,1885,/admin/seo/dashboard?period=${…}
client/src/pages/admin/AdsPage.jsx,1896,/admin/seo/sync
client/src/pages/admin/AdsPage.jsx,1899,/admin/seo/dashboard?period=${…}
client/src/pages/admin/AdsPage.jsx,2675,/admin/seo/advisor
client/src/pages/admin/AdsPage.jsx,2676,/admin/seo/advisor/history
client/src/pages/admin/AdsPage.jsx,2689,/admin/seo/advisor/generate
client/src/pages/admin/AdsPage.jsx,3253,/admin/seo/rankings?days=${…}
client/src/pages/admin/AdsPage.jsx,3417,/admin/seo/backlinks
client/src/pages/admin/AdsPage.jsx,3574,/admin/seo/qa
client/src/pages/admin/AdsPage.jsx,3734,/admin/seo/ai-overview
client/src/pages/admin/AdsPage.jsx,3884,/admin/seo/funnel?days=${…}
client/src/pages/admin/AdsPage.jsx,4025,/admin/seo/citations
client/src/pages/admin/AdsPage.jsx,4167,/admin/seo/audit
client/src/pages/admin/AdsPage.jsx,4178,/admin/seo/audit/run
client/src/pages/admin/AdsPage.jsx,4179,/admin/seo/audit
client/src/pages/admin/AdsPage.jsx,4567,/admin/ppc
client/src/pages/admin/AgentActivityTab.jsx,126,/admin/notifications/${…}/read
client/src/pages/admin/AgentActivityTab.jsx,236,/admin/agents/activity?hours=${…}
client/src/pages/admin/AgentDecisionsPage.jsx,3,../../components/admin/AdminCommandHeader
client/src/pages/admin/AgentDecisionsPage.jsx,143,/admin/agent-decisions?status=${…}&limit=100
client/src/pages/admin/AgentDecisionsPage.jsx,176,/admin/agent-decisions/${…}/context
client/src/pages/admin/AgentDecisionsPage.jsx,214,/admin/agent-decisions/${…}/review
client/src/pages/admin/AgentDecisionsPage.jsx,238,/admin/agent-decisions/${…}/reply-training
client/src/pages/admin/AgentEstimatePage.jsx,19,../../components/admin/AdminCommandHeader
client/src/pages/admin/AgentEstimatePage.jsx,23,../../components/admin/PendingActionsCard
client/src/pages/admin/AgentEstimatePage.jsx,24,../../components/admin/IntelligenceBarShell
client/src/pages/admin/AgentEstimatePage.jsx,516,/admin/agent-estimate/memory
client/src/pages/admin/AgentEstimatePage.jsx,535,/admin/agent-estimate/memory/${…}
client/src/pages/admin/AgentEstimatePage.jsx,653,/admin/agent-estimate/lead/${…}
client/src/pages/admin/AgentEstimatePage.jsx,674,/admin/agent-estimate/memory
client/src/pages/admin/AgentEstimatePage.jsx,737,/admin/leads?${…}
client/src/pages/admin/AgentEstimatePage.jsx,799,/admin/estimates/${…}/send
client/src/pages/admin/AgentModelsTab.jsx,61,/admin/agents/models
client/src/pages/admin/AgentOpsPage.jsx,19,../../components/admin/AdminCommandHeader
client/src/pages/admin/AgentOpsPage.jsx,329,/admin/agents/overview
client/src/pages/admin/AgentQueueTab.jsx,65,/admin/agents/queue
client/src/pages/admin/AgentShadowDraftsPage.jsx,657,/admin/agents/shadow-drafts${…}
client/src/pages/admin/AgentShadowDraftsPage.jsx,658,/admin/agents/shadow-scores
client/src/pages/admin/AgentShadowDraftsPage.jsx,659,/admin/agents/intent-modes
client/src/pages/admin/AgentShadowDraftsPage.jsx,669,/admin/agents/voice-profiles
client/src/pages/admin/AgentShadowDraftsPage.jsx,676,/admin/agents/sealed-eval
client/src/pages/admin/AgentShadowDraftsPage.jsx,683,/admin/agents/pathology
client/src/pages/admin/AgentShadowDraftsPage.jsx,710,/admin/agents/voice-profiles/${…}/review
client/src/pages/admin/AgentShadowDraftsPage.jsx,714,/admin/agents/voice-profiles
client/src/pages/admin/AgentShadowDraftsPage.jsx,735,/admin/agents/sealed-eval
client/src/pages/admin/AgentShadowDraftsPage.jsx,745,/admin/agents/sealed-eval
client/src/pages/admin/AgentShadowDraftsPage.jsx,759,/admin/agents/sealed-eval/seal
client/src/pages/admin/AgentShadowDraftsPage.jsx,777,/admin/agents/sealed-eval/runs
client/src/pages/admin/AgentShadowDraftsPage.jsx,793,/admin/agents/sealed-eval/runs
client/src/pages/admin/AgentShadowDraftsPage.jsx,815,/admin/agents/pathology/proposals/${…}/review
client/src/pages/admin/AgentShadowDraftsPage.jsx,819,/admin/agents/pathology
client/src/pages/admin/AgentShadowDraftsPage.jsx,836,/admin/agents/intent-modes/${…}
client/src/pages/admin/AgentShadowDraftsPage.jsx,848,/admin/agents/intent-modes
client/src/pages/admin/AgentShadowDraftsPage.jsx,871,/admin/agents/intent-modes/${…}
client/src/pages/admin/AgentShadowDraftsPage.jsx,878,/admin/agents/intent-modes
client/src/pages/admin/AgentsHubPage.jsx,39,../../components/admin/AdminCommandHeader
client/src/pages/admin/AgentsHubPage.jsx,108,/admin/agents/control/hub
client/src/pages/admin/AgentsHubPage.jsx,142,/admin/agents
client/src/pages/admin/AssessmentsHubPage.jsx,20,../../components/admin/AdminCommandHeader
client/src/pages/admin/AssessmentsHubPage.jsx,56,/admin/lawn-assessments
client/src/pages/admin/AutoDispatchPage.jsx,4,../../components/admin/AdminCommandHeader
client/src/pages/admin/AutoDispatchPage.jsx,76,/admin/auto-dispatch/services/${…}/${…}
client/src/pages/admin/AutoDispatchPage.jsx,89,/admin/customers?customerId=${…}
client/src/pages/admin/AutoDispatchPage.jsx,97,/admin/dispatch?tab=schedule&date=${…}&appointment=${…}
client/src/pages/admin/AutoDispatchPage.jsx,160,/admin/auto-dispatch/runs?limit=50
client/src/pages/admin/AutoDispatchPage.jsx,170,/admin/auto-dispatch/runs/${…}
client/src/pages/admin/AutoDispatchPage.jsx,182,/admin/auto-dispatch/run
client/src/pages/admin/AutoDispatchPage.jsx,203,/admin/dispatch
client/src/pages/admin/AutonomousContentReviewPage.jsx,86,/admin/content/autonomous/review?status=${…}&limit=50&offset=${…}&actionType=${…}
client/src/pages/admin/AutonomousContentReviewPage.jsx,120,/admin/content/internal-links?status=all&limit=100
client/src/pages/admin/AutonomousContentReviewPage.jsx,136,/admin/content/autonomous/impact?limit=100
client/src/pages/admin/AutonomousContentReviewPage.jsx,181,/admin/content/autonomous/review/${…}
client/src/pages/admin/AutonomousContentReviewPage.jsx,207,/admin/content/internal-links/${…}
client/src/pages/admin/AutonomousContentReviewPage.jsx,229,/admin/content/autonomous/review/${…}/decision
client/src/pages/admin/AutonomousContentReviewPage.jsx,251,/admin/content/internal-links/${…}/decision
client/src/pages/admin/BankingPage.jsx,22,../../components/admin/AdminCommandHeader
client/src/pages/admin/BankingPage.jsx,197,/admin/banking/payouts?limit=20&page=${…}
client/src/pages/admin/BankingPage.jsx,230,/admin/banking/payouts/${…}
client/src/pages/admin/BankingPage.jsx,571,/admin/banking/cash-flow?start_date=${…}&end_date=${…}&period=${…}
client/src/pages/admin/BankingPage.jsx,844,/admin/banking/reconciliation
client/src/pages/admin/BankingPage.jsx,866,/admin/banking/reconciliation/${…}
client/src/pages/admin/BankingPage.jsx,1143,/admin/banking/payouts?limit=5&page=1&start_date=${…}&end_date=${…}
client/src/pages/admin/BankingPage.jsx,1153,/admin/banking/export?format=${…}&start_date=${…}&end_date=${…}
client/src/pages/admin/BankingPage.jsx,1446,/admin/banking/payouts/instant
client/src/pages/admin/BankingPage.jsx,1447,/admin/banking/payouts/standard
client/src/pages/admin/BankingPage.jsx,1752,/admin/banking/balance
client/src/pages/admin/BankingPage.jsx,1769,/admin/banking/stats
client/src/pages/admin/BillingRecoveryPage.jsx,24,../../components/admin/AdminCommandHeader
client/src/pages/admin/BillingRecoveryPage.jsx,122,/admin/dispatch?${…}
client/src/pages/admin/BillingRecoveryPage.jsx,189,/admin/billing-recovery/leaks?days=${…}
client/src/pages/admin/BillingRecoveryPage.jsx,190,/admin/billing-recovery/aging
client/src/pages/admin/BillingRecoveryPage.jsx,193,/admin/billing-recovery/at-risk-mrr
client/src/pages/admin/BillingRecoveryPage.jsx,216,/admin/billing-recovery/${…}/bill
client/src/pages/admin/BillingRecoveryPage.jsx,230,/admin/billing-recovery/${…}/dismiss
client/src/pages/admin/BillingRecoveryPage.jsx,361,/admin/customers?customerId=${…}
client/src/pages/admin/BlogPage.jsx,14,../../components/admin/AdminCommandHeader
client/src/pages/admin/BlogPage.jsx,169,/admin/content/blog?status=${…}
client/src/pages/admin/BlogPage.jsx,405,/admin/content/authors
client/src/pages/admin/BlogPage.jsx,448,${…}/admin/content/blog/${…}/regenerate-image
client/src/pages/admin/BlogPage.jsx,470,/admin/content/blog/${…}/generate
client/src/pages/admin/BlogPage.jsx,493,/admin/content/blog/${…}/optimize
client/src/pages/admin/BlogPage.jsx,505,/admin/content/blog/${…}
client/src/pages/admin/BlogPage.jsx,562,/admin/content/blog/${…}/publish-astro
client/src/pages/admin/BlogPage.jsx,585,/admin/content/blog/${…}/merge-astro
client/src/pages/admin/BlogPage.jsx,608,/admin/content/blog/${…}/refresh-astro
client/src/pages/admin/BlogPage.jsx,628,/admin/content/blog/${…}/unpublish-astro
client/src/pages/admin/BlogPage.jsx,653,/admin/content/blog/${…}/share-social
client/src/pages/admin/BlogPage.jsx,2051,/admin/content/blog/audit
client/src/pages/admin/BlogPage.jsx,2523,/admin/content/weather
client/src/pages/admin/BlogPage.jsx,2535,/admin/content/generate
client/src/pages/admin/BlogPage.jsx,2953,/admin/blog
client/src/pages/admin/BlogPage.jsx,2983,/admin/content/blog/analytics
client/src/pages/admin/BlogPage.jsx,2991,/admin/content/blog/ideas
client/src/pages/admin/CallLogTabV2.jsx,36,../../components/admin/AuthenticatedCallAudio
client/src/pages/admin/CallLogTabV2.jsx,40,../../components/admin/CallTranscriptSync
client/src/pages/admin/CallLogTabV2.jsx,41,../../components/admin/CallIntelligencePanel
client/src/pages/admin/CallLogTabV2.jsx,527,/ai/admin/calls?id=${…}
client/src/pages/admin/CallLogTabV2.jsx,557,/ai/admin/calls${…}
client/src/pages/admin/CallLogTabV2.jsx,558,/ai/admin/calls/route-calibration?days=30
client/src/pages/admin/CallLogTabV2.jsx,559,/admin/call-recordings/stats
client/src/pages/admin/CallLogTabV2.jsx,622,/admin/call-recordings/process/${…}
client/src/pages/admin/CallLogTabV2.jsx,641,/admin/communications/call
client/src/pages/admin/CallLogTabV2.jsx,680,/admin/communications/call
client/src/pages/admin/CallLogTabV2.jsx,711,/admin/customers/new?${…}
client/src/pages/admin/CallLogTabV2.jsx,720,/admin/communications?${…}#tab=sms
client/src/pages/admin/CallLogTabV2.jsx,742,/admin/call-recordings/process/${…}${…}
client/src/pages/admin/CallLogTabV2.jsx,781,/ai/admin/calls/${…}/route-feedback
client/src/pages/admin/CallLogTabV2.jsx,1279,${…}/admin/customers?search=${…}&limit=8
client/src/pages/admin/CallRecordingsPanel.jsx,41,../../components/admin/AuthenticatedCallAudio
client/src/pages/admin/CallRecordingsPanel.jsx,235,/admin/call-recordings/stats
client/src/pages/admin/CallRecordingsPanel.jsx,236,/admin/call-recordings/recordings?limit=30
client/src/pages/admin/CallRecordingsPanel.jsx,260,/admin/call-recordings/process-all
client/src/pages/admin/CallRecordingsPanel.jsx,284,/admin/call-recordings/process/${…}${…}
client/src/pages/admin/CallRecordingsPanel.jsx,720,/admin/call-recordings/process/${…}?operator=true
client/src/pages/admin/CallRecordingsPanel.jsx,734,/admin/call-recordings/recording/${…}
client/src/pages/admin/CallRecordingsPanel.jsx,761,/admin/call-recordings/synopsis/${…}
client/src/pages/admin/CommercialProposalPage.jsx,9,../../components/admin/AdminCommandHeader
client/src/pages/admin/CommercialProposalPage.jsx,341,/admin/estimates/${…}/proposal
client/src/pages/admin/CommercialProposalPage.jsx,350,/admin/estimates/${…}/proposal
client/src/pages/admin/CommercialProposalPage.jsx,374,/admin/estimates/${…}/proposal/generated
client/src/pages/admin/CommercialProposalPage.jsx,793,/admin/estimates/${…}/proposal
client/src/pages/admin/CommercialProposalPage.jsx,807,/admin/estimates/${…}/proposal
client/src/pages/admin/CommercialProposalPage.jsx,846,${…}/admin/estimates/${…}/proposal.pdf
client/src/pages/admin/CommercialProposalPage.jsx,886,/admin/estimates/${…}/send
client/src/pages/admin/CommercialProposalPage.jsx,921,/admin/estimates/${…}/mark-accepted
client/src/pages/admin/CommercialProposalPage.jsx,961,/admin/estimates
client/src/pages/admin/CommercialProposalPage.jsx,977,/admin/estimates
client/src/pages/admin/CommunicationsPage.jsx,37,../../components/admin/AuthenticatedCallAudio
client/src/pages/admin/CommunicationsPage.jsx,38,../../components/admin/PushSettings
client/src/pages/admin/CommunicationsPage.jsx,39,../../components/admin/CallBridgeLink
client/src/pages/admin/CommunicationsPage.jsx,1003,/ai/admin/calls${…}
client/src/pages/admin/CommunicationsPage.jsx,1027,/admin/communications/call
client/src/pages/admin/CommunicationsPage.jsx,1063,/admin/call-recordings/calls/${…}/disposition
client/src/pages/admin/CommunicationsPage.jsx,1103,/admin/customers/new?${…}
client/src/pages/admin/CommunicationsPage.jsx,1394,${…}/admin/customers?search=${…}&limit=8
client/src/pages/admin/CommunicationsPage.jsx,1859,/admin/csr/overview?days=30
client/src/pages/admin/CommunicationsPage.jsx,1860,/admin/csr/follow-up-tasks
client/src/pages/admin/CommunicationsPage.jsx,1861,/admin/csr/weekly-recommendation
client/src/pages/admin/CommunicationsPage.jsx,1862,/admin/csr/leaderboard
client/src/pages/admin/CommunicationsPage.jsx,1863,/admin/csr/lead-quality?days=30
client/src/pages/admin/CommunicationsPage.jsx,1875,/admin/csr/follow-up-tasks/${…}
client/src/pages/admin/CommunicationsPage.jsx,1879,/admin/csr/follow-up-tasks
client/src/pages/admin/CommunicationsPage.jsx,2432,/admin/sms-templates
client/src/pages/admin/CommunicationsPage.jsx,2443,/admin/sms-templates/${…}
client/src/pages/admin/CommunicationsPage.jsx,2458,/admin/sms-templates/${…}
client/src/pages/admin/CommunicationsPageV2.jsx,87,../../components/admin/PushSettingsV2
client/src/pages/admin/CommunicationsPageV2.jsx,88,../../components/admin/CallRoutingSettingsV2
client/src/pages/admin/CommunicationsPageV2.jsx,89,../../components/admin/CallBridgeLink
client/src/pages/admin/CommunicationsPageV2.jsx,90,../../components/admin/Customer360ProfileV2
client/src/pages/admin/CommunicationsPageV2.jsx,91,../../components/admin/InsertLinkSheet
client/src/pages/admin/CommunicationsPageV2.jsx,92,../../components/admin/AdminCommandHeader
client/src/pages/admin/CommunicationsPageV2.jsx,908,/admin/communications/log?${…}
client/src/pages/admin/CommunicationsPageV2.jsx,911,/admin/communications/stats
client/src/pages/admin/CommunicationsPageV2.jsx,984,/admin/communications/messages/read
client/src/pages/admin/CommunicationsPageV2.jsx,1000,/admin/communications/ai-auto-reply-status
client/src/pages/admin/CommunicationsPageV2.jsx,1020,/admin/communications/agent-draft?${…}
client/src/pages/admin/CommunicationsPageV2.jsx,1069,/admin/drafts/${…}
client/src/pages/admin/CommunicationsPageV2.jsx,1137,/admin/communications/ai-auto-reply
client/src/pages/admin/CommunicationsPageV2.jsx,1279,/admin/drafts/${…}/approve
client/src/pages/admin/CommunicationsPageV2.jsx,1284,/admin/drafts/${…}/revise
client/src/pages/admin/CommunicationsPageV2.jsx,1291,/admin/communications/schedule-sms
client/src/pages/admin/CommunicationsPageV2.jsx,1309,/admin/communications/sms
client/src/pages/admin/CommunicationsPageV2.jsx,1410,${…}/admin/communications/attach
client/src/pages/admin/CommunicationsPageV2.jsx,1455,/admin/communications/ai-draft
client/src/pages/admin/CommunicationsPageV2.jsx,1504,/admin/communications/reschedule-link
client/src/pages/admin/CommunicationsPageV2.jsx,1638,/admin/communications/reservice-link
client/src/pages/admin/CommunicationsPageV2.jsx,1735,/admin/communications/link-library
client/src/pages/admin/CommunicationsPageV2.jsx,1895,/admin/communications/customer-link
client/src/pages/admin/CommunicationsPageV2.jsx,2028,/admin/communications/rewrite-sms
client/src/pages/admin/CommunicationsPageV2.jsx,2445,${…}/admin/customers?search=${…}&limit=8
client/src/pages/admin/CommunicationsPageV2.jsx,3244,/admin/customers?search=${…}&limit=8
client/src/pages/admin/CommunicationsPageV2.jsx,3264,/admin/communications/send-prep
client/src/pages/admin/CommunicationsPageV2.jsx,3475,/admin/communications
client/src/pages/admin/CommunicationsTabsV2.jsx,143,/admin/sms-templates
client/src/pages/admin/CommunicationsTabsV2.jsx,152,/admin/sms-templates/issues?limit=10
client/src/pages/admin/CommunicationsTabsV2.jsx,180,/admin/sms-templates/${…}
client/src/pages/admin/CommunicationsTabsV2.jsx,198,/admin/sms-templates/${…}/variants
client/src/pages/admin/CommunicationsTabsV2.jsx,271,/admin/sms-templates/${…}/variants/${…}
client/src/pages/admin/CommunicationsTabsV2.jsx,272,/admin/sms-templates/${…}/variants
client/src/pages/admin/CommunicationsTabsV2.jsx,304,/admin/sms-templates/${…}/variants/${…}
client/src/pages/admin/CommunicationsTabsV2.jsx,321,/admin/sms-templates/${…}
client/src/pages/admin/CommunicationsTabsV2.jsx,331,/admin/sms-templates/${…}
client/src/pages/admin/CommunicationsTabsV2.jsx,418,/admin/sms-templates/issues?limit=10
client/src/pages/admin/CommunicationsTabsV2.jsx,812,/admin/csr/overview?days=30
client/src/pages/admin/CommunicationsTabsV2.jsx,813,/admin/csr/follow-up-tasks
client/src/pages/admin/CommunicationsTabsV2.jsx,814,/admin/csr/weekly-recommendation
client/src/pages/admin/CommunicationsTabsV2.jsx,815,/admin/csr/leaderboard
client/src/pages/admin/CommunicationsTabsV2.jsx,816,/admin/csr/lead-quality?days=30
client/src/pages/admin/CommunicationsTabsV2.jsx,828,/admin/csr/follow-up-tasks/${…}
client/src/pages/admin/CommunicationsTabsV2.jsx,832,/admin/csr/follow-up-tasks
client/src/pages/admin/CompliancePage.jsx,10,../../components/admin/AdminCommandHeader
client/src/pages/admin/CompliancePage.jsx,16,/api/admin/compliance-v2
client/src/pages/admin/CompliancePage.jsx,907,/admin/compliance
client/src/pages/admin/ContentCalendar.jsx,80,/admin/content/calendar?start=${…}&end=${…}
client/src/pages/admin/ContentCalendar.jsx,101,/admin/content/blog?status=draft&limit=100&sort=updated_at&order=desc
client/src/pages/admin/ContentCalendar.jsx,188,/admin/content/schedule-blog/${…}
client/src/pages/admin/ContentCalendar.jsx,202,/admin/content/schedule-social
client/src/pages/admin/ContentRegistryPage.jsx,11,../../components/admin/AdminCommandHeader
client/src/pages/admin/ContentRegistryPage.jsx,165,/admin/content-registry?${…}
client/src/pages/admin/ContentRegistryPage.jsx,202,/admin/content-registry/sync
client/src/pages/admin/ContractsPage.jsx,26,../../components/admin/AdminCommandHeader
client/src/pages/admin/ContractsPage.jsx,44,/admin/contracts
client/src/pages/admin/CredentialsPage.jsx,349,/admin/credentials
client/src/pages/admin/CredentialsPage.jsx,366,/admin/credentials/${…}
client/src/pages/admin/CredentialsPage.jsx,371,/admin/credentials
client/src/pages/admin/CredentialsPage.jsx,394,/admin/credentials/${…}
client/src/pages/admin/CustomerEstimatesPanel.jsx,25,../../components/admin/CallBridgeLink
client/src/pages/admin/CustomerEstimatesPanel.jsx,91,/admin/customers/${…}/estimates-summary
client/src/pages/admin/CustomerEstimatesPanel.jsx,92,/admin/customers/${…}/comms?limit=15
client/src/pages/admin/CustomerEstimatesPanel.jsx,134,/admin/estimates?${…}
client/src/pages/admin/CustomerEstimatesPanel.jsx,141,/admin/estimates
client/src/pages/admin/CustomerEstimatesPanel.jsx,301,/admin/communications/call
client/src/pages/admin/CustomerEstimatesPanel.jsx,326,/admin/communications?phone=${…}
client/src/pages/admin/CustomerEstimatesPanel.jsx,343,/admin/customers?customerId=${…}
client/src/pages/admin/CustomerEstimatesPanel.jsx,482,/admin/estimates/${…}
client/src/pages/admin/CustomerEstimatesPanel.jsx,530,/admin/communications?phone=${…}
client/src/pages/admin/CustomerHealthPage.jsx,669,/admin/health/scores/${…}
client/src/pages/admin/CustomerHealthPage.jsx,976,/admin/health/rescore/${…}
client/src/pages/admin/CustomerHealthPage.jsx,1030,/admin/health/scores?${…}
client/src/pages/admin/CustomerHealthPage.jsx,1423,/admin/health/alerts?${…}
client/src/pages/admin/CustomerHealthPage.jsx,1441,/admin/health/alerts/${…}/action
client/src/pages/admin/CustomerHealthPage.jsx,1454,/admin/health/alerts/${…}
client/src/pages/admin/CustomerHealthPage.jsx,1705,/admin/health/dashboard
client/src/pages/admin/CustomerHealthPage.jsx,1714,/admin/health/rescore-all
client/src/pages/admin/CustomerHealthPage.jsx,1717,/admin/health/dashboard
client/src/pages/admin/CustomerHealthTabs.jsx,682,/admin/health/scores/${…}
client/src/pages/admin/CustomerHealthTabs.jsx,989,/admin/health/rescore/${…}
client/src/pages/admin/CustomerHealthTabs.jsx,1043,/admin/health/scores?${…}
client/src/pages/admin/CustomerHealthTabs.jsx,1452,/admin/health/alerts?${…}
client/src/pages/admin/CustomerHealthTabs.jsx,1470,/admin/health/alerts/${…}/action
client/src/pages/admin/CustomerHealthTabs.jsx,1483,/admin/health/alerts/${…}
client/src/pages/admin/CustomerHealthTabs.jsx,1734,/admin/health/quiet
client/src/pages/admin/CustomerHealthTabs.jsx,1856,/admin/health/dashboard
client/src/pages/admin/CustomersPage.jsx,29,../../components/admin/CallBridgeLink
client/src/pages/admin/CustomersPage.jsx,335,${…}/admin/customers
client/src/pages/admin/CustomersPage.jsx,718,${…}/admin/customers/${…}
client/src/pages/admin/CustomersPage.jsx,947,/admin/customers/intelligence
client/src/pages/admin/CustomersPage.jsx,958,/admin/customers/intelligence/scan
client/src/pages/admin/CustomersPage.jsx,962,/admin/customers/intelligence
client/src/pages/admin/CustomersPage.jsx,973,/admin/customers/intelligence/retention/${…}/approve
client/src/pages/admin/CustomersPage.jsx,976,/admin/customers/intelligence
client/src/pages/admin/CustomersPage.jsx,986,/admin/customers/intelligence/retention/${…}/skip
client/src/pages/admin/CustomersPage.jsx,989,/admin/customers/intelligence
client/src/pages/admin/CustomersPage.jsx,998,/admin/customers/intelligence/upsells/${…}
client/src/pages/admin/CustomersPage.jsx,1002,/admin/customers/intelligence
client/src/pages/admin/CustomersPage.jsx,1749,/admin/customers/${…}/timeline
client/src/pages/admin/CustomersPage.jsx,1914,/admin/customers?limit=5000
client/src/pages/admin/CustomersPageV2.jsx,52,../../components/admin/Customer360ProfileV2
client/src/pages/admin/CustomersPageV2.jsx,53,../../components/admin/AdminCommandHeader
client/src/pages/admin/CustomersPageV2.jsx,54,../../components/admin/MobileNewCustomerSheet
client/src/pages/admin/CustomersPageV2.jsx,295,${…}/admin/customers/${…}
client/src/pages/admin/CustomersPageV2.jsx,549,${…}/admin/customers
client/src/pages/admin/CustomersPageV2.jsx,1106,/admin/customers/new
client/src/pages/admin/CustomersPageV2.jsx,1215,/admin/customers?customerId=${…}
client/src/pages/admin/CustomersPageV2.jsx,1216,/admin/customers
client/src/pages/admin/CustomersPageV2.jsx,1261,/admin/customers/${…}
client/src/pages/admin/CustomersPageV2.jsx,1298,/admin/customers?${…}
client/src/pages/admin/CustomersPageV2.jsx,1322,/admin/customers/pipeline/view
client/src/pages/admin/CustomersPageV2.jsx,1378,${…}/admin/customers/${…}
client/src/pages/admin/CustomersPageV2.jsx,1845,/admin/communications/call
client/src/pages/admin/CustomersPageV2.jsx,1870,/admin/communications?phone=${…}
client/src/pages/admin/CustomersPageV2.jsx,1956,/admin/communications/call
client/src/pages/admin/CustomersPageV2.jsx,1981,/admin/communications?phone=${…}
client/src/pages/admin/DashboardPageV2.jsx,184,/admin/leads?${…}
client/src/pages/admin/DashboardPageV2.jsx,214,/admin/dashboard
client/src/pages/admin/DashboardPageV2.jsx,218,/admin/dashboard/compare?period=this_month&against=last_month
client/src/pages/admin/DashboardPageV2.jsx,221,/admin/dashboard/sales-capture
client/src/pages/admin/DashboardPageV2.jsx,224,/admin/dashboard/today-completion
client/src/pages/admin/DashboardPageV2.jsx,226,/admin/billing-health
client/src/pages/admin/DashboardPageV2.jsx,227,/admin/dashboard/alerts
client/src/pages/admin/DashboardPageV2.jsx,247,/admin/dashboard/funnel
client/src/pages/admin/DashboardPageV2.jsx,248,/admin/dashboard/aging
client/src/pages/admin/DashboardPageV2.jsx,249,/admin/dashboard/mrr-trend?months=12
client/src/pages/admin/DashboardPageV2.jsx,250,/admin/dashboard/service-mix
client/src/pages/admin/DashboardPageV2.jsx,251,/admin/dashboard/revenue-by-city
client/src/pages/admin/DashboardPageV2.jsx,252,/admin/dashboard/review-trend
client/src/pages/admin/DashboardPageV2.jsx,253,/admin/dashboard/retention-cohort?months=12
client/src/pages/admin/DashboardPageV2.jsx,254,/admin/ads/capital-allocation?period=quarter
client/src/pages/admin/DashboardPageV2.jsx,272,/admin/kpi-targets
client/src/pages/admin/DashboardPageV2.jsx,273,/admin/dashboard/kpi-history?days=90
client/src/pages/admin/DashboardPageV2.jsx,289,/admin/dashboard/ebitda-bridge
client/src/pages/admin/DashboardPageV2.jsx,298,/admin/dashboard/mrr-bridge?months=6
client/src/pages/admin/DashboardPageV2.jsx,308,/admin/revenue/overview?period=month
client/src/pages/admin/DashboardPageV2.jsx,316,/admin/dashboard/churn-reasons?months=12
client/src/pages/admin/DashboardPageV2.jsx,326,/admin/command-center/stale-visits
client/src/pages/admin/DashboardPageV2.jsx,405,/admin/dashboard/core-kpis?${…}
client/src/pages/admin/DashboardPageV2.jsx,451,/admin/dashboard/calls-by-source?${…}
client/src/pages/admin/DashboardPageV2.jsx,454,/admin/dashboard/leads-by-source?${…}
client/src/pages/admin/DashboardPageV2.jsx,457,/admin/dashboard/channel-mix?${…}
client/src/pages/admin/DashboardPageV2.jsx,462,/admin/dashboard/lead-funnel?${…}
client/src/pages/admin/DashboardPageV2.jsx,469,/admin/dashboard/channel-roi?${…}
client/src/pages/admin/DataHygienePage.jsx,4,../../components/admin/AdminCommandHeader
client/src/pages/admin/DataHygienePage.jsx,106,/admin/data-hygiene/proposals?status=${…}&limit=100
client/src/pages/admin/DataHygienePage.jsx,107,/admin/data-hygiene/metrics?days=30
client/src/pages/admin/DataHygienePage.jsx,145,/admin/data-hygiene/scan
client/src/pages/admin/DataHygienePage.jsx,163,/admin/data-hygiene/proposals/${…}/approve
client/src/pages/admin/DataHygienePage.jsx,178,/admin/data-hygiene/proposals/${…}/reject
client/src/pages/admin/DataHygienePage.jsx,197,/admin/data-hygiene/proposals/${…}/revert
client/src/pages/admin/DataHygienePage.jsx,219,/admin/data-hygiene/proposals/${…}/reveal
client/src/pages/admin/DiscountsTabs.jsx,186,/admin/discounts
client/src/pages/admin/DiscountsTabs.jsx,217,/admin/discounts/${…}
client/src/pages/admin/DiscountsTabs.jsx,223,/admin/discounts
client/src/pages/admin/DiscountsTabs.jsx,239,/admin/discounts/${…}
client/src/pages/admin/DiscountsTabs.jsx,260,/admin/discounts/calculate
client/src/pages/admin/DiscountsTabs.jsx,281,/admin/customers?search=${…}&limit=5
client/src/pages/admin/DiscountsTabs.jsx,290,/admin/discounts/stats
client/src/pages/admin/DispatchBoardPage.jsx,114,${…}/admin/dispatch/jobs/${…}/assign
client/src/pages/admin/DispatchPageV2.jsx,75,../../components/admin/Customer360ProfileV2
client/src/pages/admin/DispatchPageV2.jsx,503,/admin/projects/types
client/src/pages/admin/DispatchPageV2.jsx,675,/admin/schedule?date=${…}
client/src/pages/admin/DispatchPageV2.jsx,676,/admin/dispatch/products/catalog
client/src/pages/admin/DispatchPageV2.jsx,731,/admin/customers/${…}
client/src/pages/admin/DispatchPageV2.jsx,885,/admin/schedule/${…}/status
client/src/pages/admin/DispatchPageV2.jsx,956,/admin/dispatch/${…}/complete
client/src/pages/admin/DispatchPageV2.jsx,1833,/admin/dispatch/${…}/schedule-followup
client/src/pages/admin/DocumentRequestsPage.jsx,14,../../components/admin/AdminCommandHeader
client/src/pages/admin/DocumentRequestsPage.jsx,91,/admin/contracts/requests?${…}
client/src/pages/admin/DocumentRequestsPage.jsx,92,/admin/contracts/requests/stats
client/src/pages/admin/DocumentRequestsPage.jsx,116,/admin/contracts/${…}/remind
client/src/pages/admin/DocumentRequestsPage.jsx,117,/admin/contracts/${…}/send-${…}
client/src/pages/admin/DocumentRequestsPage.jsx,139,/admin/contracts/${…}/share-link
client/src/pages/admin/DocumentRequestsPage.jsx,158,/admin/contracts/${…}/cancel
client/src/pages/admin/DocumentRequestsPage.jsx,302,/admin/customers?customerId=${…}
client/src/pages/admin/DocumentTemplatesPage.jsx,15,../../components/admin/AdminCommandHeader
client/src/pages/admin/DocumentTemplatesPage.jsx,281,/admin/document-templates?${…}
client/src/pages/admin/DocumentTemplatesPage.jsx,298,/admin/document-templates/${…}
client/src/pages/admin/DocumentTemplatesPage.jsx,345,/admin/customers?search=${…}&limit=8&sort=name
client/src/pages/admin/DocumentTemplatesPage.jsx,421,/admin/document-templates
client/src/pages/admin/DocumentTemplatesPage.jsx,436,/admin/document-templates/${…}
client/src/pages/admin/DocumentTemplatesPage.jsx,457,/admin/document-templates/${…}/versions
client/src/pages/admin/DocumentTemplatesPage.jsx,487,/admin/document-templates/${…}/preview
client/src/pages/admin/DocumentTemplatesPage.jsx,506,/admin/document-templates/${…}/contracts
client/src/pages/admin/DocumentTemplatesPage.jsx,553,/admin/document-templates/${…}/bulk-preview
client/src/pages/admin/DocumentTemplatesPage.jsx,574,/admin/document-templates/${…}/bulk-send
client/src/pages/admin/DuplicateCustomersPage.jsx,4,../../components/admin/AdminCommandHeader
client/src/pages/admin/DuplicateCustomersPage.jsx,61,/admin/customers?customerId=${…}
client/src/pages/admin/DuplicateCustomersPage.jsx,92,/admin/customer-duplicates
client/src/pages/admin/DuplicateCustomersPage.jsx,96,/admin/customer-duplicates/merges
client/src/pages/admin/DuplicateCustomersPage.jsx,217,/admin/customer-duplicates/merge
client/src/pages/admin/DuplicateCustomersPage.jsx,233,/admin/customer-duplicates/link-as-property
client/src/pages/admin/DuplicateCustomersPage.jsx,254,/admin/customer-duplicates/dismiss
client/src/pages/admin/DuplicateCustomersPage.jsx,291,/admin/customers?customerId=${…}
client/src/pages/admin/DuplicateCustomersPage.jsx,318,/admin/customer-duplicates/merges/${…}/revert
client/src/pages/admin/EmailAutomationsPanelV2.jsx,61,/admin/automations/templates
client/src/pages/admin/EmailAutomationsPanelV2.jsx,72,/admin/automations/templates/${…}
client/src/pages/admin/EmailAutomationsPanelV2.jsx,278,/admin/automations/templates/${…}/segment-preview
client/src/pages/admin/EmailAutomationsPanelV2.jsx,307,/admin/automations/templates/${…}/segment-send
client/src/pages/admin/EmailAutomationsPanelV2.jsx,348,/admin/customers?search=${…}&limit=8
client/src/pages/admin/EmailAutomationsPanelV2.jsx,378,/admin/automations/templates/${…}/trigger
client/src/pages/admin/EmailAutomationsPanelV2.jsx,622,/admin/automations/templates/${…}
client/src/pages/admin/EmailAutomationsPanelV2.jsx,636,/admin/automations/templates/${…}/steps
client/src/pages/admin/EmailAutomationsPanelV2.jsx,653,/admin/automations/templates/${…}/test
client/src/pages/admin/EmailAutomationsPanelV2.jsx,821,/admin/automations/steps/${…}
client/src/pages/admin/EmailAutomationsPanelV2.jsx,844,/admin/automations/steps/${…}
client/src/pages/admin/EmailAutomationsPanelV2.jsx,854,/admin/automations/draft-ai
client/src/pages/admin/EmailPage.jsx,5,../../components/admin/AdminCommandHeader
client/src/pages/admin/EmailPage.jsx,169,/api/admin/email/oauth/status
client/src/pages/admin/EmailPage.jsx,179,/api/admin/email/stats
client/src/pages/admin/EmailPage.jsx,189,/api/admin/email/daily-digest
client/src/pages/admin/EmailPage.jsx,213,/api/admin/email/inbox?${…}
client/src/pages/admin/EmailPage.jsx,224,/api/admin/email/blocked
client/src/pages/admin/EmailPage.jsx,235,/api/admin/email/oauth/auth-url
client/src/pages/admin/EmailPage.jsx,268,/api/admin/email/message/${…}
client/src/pages/admin/EmailPage.jsx,281,/api/admin/email/message/${…}/read
client/src/pages/admin/EmailPage.jsx,290,/api/admin/email/thread/${…}
client/src/pages/admin/EmailPage.jsx,302,/api/admin/email/message/${…}/star
client/src/pages/admin/EmailPage.jsx,318,/api/admin/email/message/${…}/archive
client/src/pages/admin/EmailPage.jsx,331,/api/admin/email/message/${…}/trash
client/src/pages/admin/EmailPage.jsx,345,/api/admin/email/message/${…}/reclassify
client/src/pages/admin/EmailPage.jsx,369,/api/admin/email/send
client/src/pages/admin/EmailPage.jsx,381,/api/admin/email/thread/${…}
client/src/pages/admin/EmailPage.jsx,397,/api/admin/email/message/${…}/ai-draft
client/src/pages/admin/EmailPage.jsx,415,/api/admin/email/send
client/src/pages/admin/EmailPage.jsx,450,/api/admin/customers?search=${…}&limit=8
client/src/pages/admin/EmailPage.jsx,500,/api/admin/email/block
client/src/pages/admin/EmailPage.jsx,517,/api/admin/email/blocked/${…}
client/src/pages/admin/EmailPage.jsx,528,/api/admin/email/message/${…}/attachment/${…}
client/src/pages/admin/EmailPage.jsx,1380,/api/admin/email/message/${…}/attachment/${…}
client/src/pages/admin/EmailTemplatesPanelV2.jsx,542,/admin/customers?customerId=${…}
client/src/pages/admin/EmailTemplatesPanelV2.jsx,1680,/admin/email-templates
client/src/pages/admin/EmailTemplatesPanelV2.jsx,1703,/admin/email-templates/preference-groups
client/src/pages/admin/EmailTemplatesPanelV2.jsx,1716,/admin/email-templates/${…}
client/src/pages/admin/EmailTemplatesPanelV2.jsx,1738,/admin/email-templates/send-history?limit=100
client/src/pages/admin/EmailTemplatesPanelV2.jsx,1746,/admin/email-templates/issues?limit=100
client/src/pages/admin/EmailTemplatesPanelV2.jsx,1759,/admin/email-templates/suppressions?${…}
client/src/pages/admin/EmailTemplatesPanelV2.jsx,1770,/admin/email-templates/deliverability
client/src/pages/admin/EmailTemplatesPanelV2.jsx,1778,/admin/email-templates/automations
client/src/pages/admin/EmailTemplatesPanelV2.jsx,1791,/admin/email-templates/automations/${…}/runs?limit=100
client/src/pages/admin/EmailTemplatesPanelV2.jsx,1882,/admin/email-templates
client/src/pages/admin/EmailTemplatesPanelV2.jsx,1904,/admin/email-templates/${…}/versions
client/src/pages/admin/EmailTemplatesPanelV2.jsx,1917,/admin/email-templates/versions/${…}
client/src/pages/admin/EmailTemplatesPanelV2.jsx,1949,/admin/email-templates/versions/${…}/preview
client/src/pages/admin/EmailTemplatesPanelV2.jsx,1970,/admin/email-templates/versions/${…}/test
client/src/pages/admin/EmailTemplatesPanelV2.jsx,1988,/admin/email-templates/versions/${…}/publish
client/src/pages/admin/EmailTemplatesPanelV2.jsx,2006,/admin/email-templates/${…}
client/src/pages/admin/EmailTemplatesPanelV2.jsx,2047,/admin/email-templates/${…}
client/src/pages/admin/EmailTemplatesPanelV2.jsx,2078,/admin/email-templates/${…}
client/src/pages/admin/EmailTemplatesPanelV2.jsx,2101,/admin/email-templates/suppressions
client/src/pages/admin/EmailTemplatesPanelV2.jsx,2124,/admin/email-templates/suppressions/${…}/release
client/src/pages/admin/EmailTemplatesPanelV2.jsx,2150,/admin/email-templates/${…}/fixtures
client/src/pages/admin/EmailTemplatesPanelV2.jsx,2173,/admin/email-templates/fixtures/${…}
client/src/pages/admin/EmailTemplatesPanelV2.jsx,2195,/admin/email-templates/fixtures/${…}/default
client/src/pages/admin/EmailTemplatesPanelV2.jsx,2213,/admin/email-templates/fixtures/${…}
client/src/pages/admin/EmailTemplatesPanelV2.jsx,2231,/admin/email-templates/automations/${…}
client/src/pages/admin/EmailTemplatesPanelV2.jsx,2270,/admin/email-templates/automations/${…}
client/src/pages/admin/EmailTemplatesPanelV2.jsx,2293,/admin/email-templates/automations/${…}/dry-run
client/src/pages/admin/EmailTemplatesPanelV2.jsx,2314,/admin/email-templates/automations/runs/process-due
client/src/pages/admin/EmailTemplatesPanelV2.jsx,2338,/admin/email-templates/automations/runs/process-due
client/src/pages/admin/EquipmentCalibrationPanel.jsx,108,/admin/equipment-systems/reconciliation
client/src/pages/admin/EquipmentCalibrationPanel.jsx,116,/admin/equipment-systems
client/src/pages/admin/EquipmentCalibrationPanel.jsx,141,/admin/equipment-systems/${…}
client/src/pages/admin/EquipmentCalibrationPanel.jsx,198,/admin/equipment-systems/${…}/calibrations
client/src/pages/admin/EquipmentCalibrationPanel.jsx,231,/admin/equipment-systems/calibrations/${…}/verify
client/src/pages/admin/EquipmentMaintenancePage.jsx,3,../../components/admin/AdminCommandHeader
client/src/pages/admin/EquipmentMaintenancePage.jsx,224,/admin/equipment-maintenance
client/src/pages/admin/EquipmentMaintenancePage.jsx,225,/admin/equipment-maintenance/analytics/overview
client/src/pages/admin/EquipmentMaintenancePage.jsx,226,/admin/equipment-maintenance/alerts?status=new
client/src/pages/admin/EquipmentMaintenancePage.jsx,240,/admin/equipment-maintenance/analytics/costs
client/src/pages/admin/EquipmentMaintenancePage.jsx,241,/admin/equipment-maintenance/analytics/reliability
client/src/pages/admin/EquipmentMaintenancePage.jsx,242,/admin/equipment-maintenance/mileage/summary
client/src/pages/admin/EquipmentMaintenancePage.jsx,243,/admin/equipment-maintenance/schedules/due
client/src/pages/admin/EquipmentMaintenancePage.jsx,244,/admin/equipment-maintenance/records/recent?limit=100
client/src/pages/admin/EquipmentMaintenancePage.jsx,296,/admin/equipment-maintenance/alerts/${…}
client/src/pages/admin/EquipmentMaintenancePage.jsx,584,/admin/equipment-maintenance/${…}
client/src/pages/admin/EquipmentMaintenancePage.jsx,586,/admin/equipment-maintenance/${…}/mileage?limit=30
client/src/pages/admin/EquipmentMaintenancePage.jsx,1444,/admin/equipment-maintenance/${…}/records
client/src/pages/admin/EquipmentMaintenancePage.jsx,1803,/admin/equipment-maintenance/${…}/mileage
client/src/pages/admin/EquipmentPage.jsx,6,../../components/admin/AdminCommandHeader
client/src/pages/admin/EquipmentPage.jsx,258,/admin/equipment
client/src/pages/admin/EquipmentPage.jsx,415,/admin/equipment/equipment
client/src/pages/admin/EquipmentPage.jsx,439,/admin/equipment/equipment/${…}
client/src/pages/admin/EquipmentPage.jsx,445,/admin/equipment/equipment
client/src/pages/admin/EquipmentPage.jsx,819,/admin/equipment/tank-mixes
client/src/pages/admin/EquipmentPage.jsx,827,/admin/equipment/tank-mixes/${…}/recalculate
client/src/pages/admin/EquipmentPage.jsx,831,/admin/equipment/tank-mixes
client/src/pages/admin/EquipmentPage.jsx,1018,/admin/equipment/job-costs/summary
client/src/pages/admin/EquipmentPage.jsx,1019,/admin/equipment/job-costs?limit=30
client/src/pages/admin/EquipmentPage.jsx,1181,/admin/equipment/equipment
client/src/pages/admin/EquipmentPage.jsx,1256,/admin/equipment/equipment/${…}/maintenance
client/src/pages/admin/EstimatePage.jsx,33,../../components/admin/PricingLogicPanel
client/src/pages/admin/EstimatePage.jsx,35,../../components/admin/PestProductionDiagnosticsPanel
client/src/pages/admin/EstimatePage.jsx,1184,/api/admin/customers?search=${…}&limit=5
client/src/pages/admin/EstimatePage.jsx,1280,/api/admin/customers?search=${…}
client/src/pages/admin/EstimatePage.jsx,1346,/api/admin/customers/${…}/waveguard-qualifying-services
client/src/pages/admin/EstimatePage.jsx,1393,/api/admin/pricing-config/${…}
client/src/pages/admin/EstimatePage.jsx,1467,/admin/discounts
client/src/pages/admin/EstimatePage.jsx,1590,/api/admin/estimator/property-lookup
client/src/pages/admin/EstimatePage.jsx,1685,/api/admin/customers?search=${…}&limit=3
client/src/pages/admin/EstimatePage.jsx,1820,/api/admin/lookup/satellite-ai
client/src/pages/admin/EstimatePage.jsx,2255,/api/admin/estimator/calculate-estimate
client/src/pages/admin/EstimatePage.jsx,2407,/api/admin/customers/${…}/waveguard-qualifying-services?street=${…}
client/src/pages/admin/EstimatePage.jsx,2521,/api/admin/estimates/${…}
client/src/pages/admin/EstimatePage.jsx,2521,/api/admin/estimates
client/src/pages/admin/EstimatePage.jsx,2588,/api/admin/estimates/${…}/send
client/src/pages/admin/EstimatePage.jsx,4511,/api/admin/customers?search=${…}&limit=1
client/src/pages/admin/EstimatePage.jsx,6461,/admin/estimates/${…}/follow-up
client/src/pages/admin/EstimatePage.jsx,6607,/admin/estimates/${…}
client/src/pages/admin/EstimatePage.jsx,6831,/admin/estimates
client/src/pages/admin/EstimatePage.jsx,6846,/admin/estimates/${…}
client/src/pages/admin/EstimatePage.jsx,7395,/admin/estimates/${…}/send
client/src/pages/admin/EstimatePage.jsx,7451,/admin/estimates/${…}/send
client/src/pages/admin/EstimatePage.jsx,7536,"/admin/estimates?source=website,lead_webhook,referral"
client/src/pages/admin/EstimatePage.jsx,7543,/admin/estimates
client/src/pages/admin/EstimateToolViewV2.jsx,55,../../components/admin/PestProductionDiagnosticsPanel
client/src/pages/admin/EstimateToolViewV2.jsx,2797,/api/admin/estimates/${…}/group
client/src/pages/admin/EstimateToolViewV2.jsx,2835,/api/admin/leads/${…}
client/src/pages/admin/EstimateToolViewV2.jsx,2877,/api/admin/estimates/${…}/edit-source
client/src/pages/admin/EstimateToolViewV2.jsx,3109,/api/admin/customers?search=${…}&limit=5
client/src/pages/admin/EstimateToolViewV2.jsx,3158,/api/admin/customers?search=${…}
client/src/pages/admin/EstimateToolViewV2.jsx,3282,/api/admin/estimates/customer-spend/${…}
client/src/pages/admin/EstimateToolViewV2.jsx,3317,/admin/triage?status=active&customer_id=${…}
client/src/pages/admin/EstimateToolViewV2.jsx,3389,/api/admin/estimator/turf-preview
client/src/pages/admin/EstimateToolViewV2.jsx,3452,/api/admin/estimator/property-lookup/verify
client/src/pages/admin/EstimateToolViewV2.jsx,3486,/api/admin/estimator/property-lookup/verify
client/src/pages/admin/EstimateToolViewV2.jsx,3627,/admin/pricing-config/lawn_pricing_v2
client/src/pages/admin/EstimateToolViewV2.jsx,3642,/admin/discounts
client/src/pages/admin/EstimateToolViewV2.jsx,3663,/admin/pricing-config/onetime_flea
client/src/pages/admin/EstimateToolViewV2.jsx,3690,/admin/pricing-config/${…}
client/src/pages/admin/EstimateToolViewV2.jsx,3729,/admin/pricing-config/termite_rental
client/src/pages/admin/EstimateToolViewV2.jsx,3892,/api/admin/estimator/property-lookup
client/src/pages/admin/EstimateToolViewV2.jsx,4069,/api/admin/customers/at-address
client/src/pages/admin/EstimateToolViewV2.jsx,4198,/api/admin/lookup/satellite-ai
client/src/pages/admin/EstimateToolViewV2.jsx,4784,/api/admin/estimator/calculate-estimate
client/src/pages/admin/EstimateToolViewV2.jsx,4991,/api/admin/estimates/${…}
client/src/pages/admin/EstimateToolViewV2.jsx,5014,/api/admin/estimates/${…}
client/src/pages/admin/EstimateToolViewV2.jsx,5015,/api/admin/estimates
client/src/pages/admin/EstimateToolViewV2.jsx,5059,/admin/estimates/${…}/proposal
client/src/pages/admin/EstimateToolViewV2.jsx,5068,/admin/estimates/${…}/proposal
client/src/pages/admin/EstimateToolViewV2.jsx,5112,/api/admin/estimates/${…}/send
client/src/pages/admin/EstimateToolViewV2.jsx,5812,/admin/estimates?editEstimateId=${…}
client/src/pages/admin/EstimateToolViewV2.jsx,8545,/api/admin/customers?search=${…}&limit=1
client/src/pages/admin/EstimatesPageV2.jsx,27,../../components/admin/PricingLogicPanel
client/src/pages/admin/EstimatesPageV2.jsx,28,../../components/admin/AdminCommandHeader
client/src/pages/admin/EstimatesPageV2.jsx,32,../../components/admin/ServiceOutlineComposerModal
client/src/pages/admin/EstimatesPageV2.jsx,43,../../components/admin/EstimateModalsV2
client/src/pages/admin/EstimatesPageV2.jsx,122,/admin/estimates?archived=only&${…}
client/src/pages/admin/EstimatesPageV2.jsx,125,/admin/estimates?sentOnly=1&${…}
client/src/pages/admin/EstimatesPageV2.jsx,126,/admin/estimates?status=draft&${…}
client/src/pages/admin/EstimatesPageV2.jsx,166,${…}/admin/estimates/${…}/send
client/src/pages/admin/EstimatesPageV2.jsx,991,/admin/estimates/${…}/pricing-audit
client/src/pages/admin/EstimatesPageV2.jsx,1035,/admin/inventory?tab=protocols&serviceLine=${…}&add=1
client/src/pages/admin/EstimatesPageV2.jsx,1042,/admin/inventory?tab=protocols&serviceLine=${…}&highlight=costs
client/src/pages/admin/EstimatesPageV2.jsx,1048,/admin/pricing-logic?service=${…}&focus=margin
client/src/pages/admin/EstimatesPageV2.jsx,1782,/admin/estimates?archived=only&status=accepted&limit=all
client/src/pages/admin/EstimatesPageV2.jsx,1813,/admin/estimates/${…}/archive
client/src/pages/admin/EstimatesPageV2.jsx,1827,/admin/estimates/${…}/unarchive
client/src/pages/admin/EstimatesPageV2.jsx,1844,/admin/estimates/${…}
client/src/pages/admin/EstimatesPageV2.jsx,1925,/admin/estimates/${…}/mark-accepted
client/src/pages/admin/EstimatesPageV2.jsx,1962,/admin/estimates/${…}/mark-accepted
client/src/pages/admin/EstimatesPageV2.jsx,1995,/admin/estimates/${…}/send-booking-link
client/src/pages/admin/EstimatesPageV2.jsx,2365,/admin/communications/call
client/src/pages/admin/EstimatesPageV2.jsx,2393,/admin/communications?phone=${…}
client/src/pages/admin/EstimatesPageV2.jsx,2421,/admin/estimates?${…}
client/src/pages/admin/EstimatesPageV2.jsx,2663,/admin/estimates?editEstimateId=${…}
client/src/pages/admin/EstimatesPageV2.jsx,2790,/admin/estimates/${…}/proposal
client/src/pages/admin/EstimatesPageV2.jsx,2851,/admin/estimates/${…}
client/src/pages/admin/EstimatesPageV2.jsx,3399,/admin/communications/call
client/src/pages/admin/EstimatesPageV2.jsx,3422,/admin/communications?phone=${…}
client/src/pages/admin/EstimatesPageV2.jsx,3445,/admin/estimates?editEstimateId=${…}
client/src/pages/admin/EstimatesPageV2.jsx,3540,/admin/estimates?${…}
client/src/pages/admin/EstimatesPageV2.jsx,3632,/admin/estimates/${…}/mark-accepted
client/src/pages/admin/EstimatesPageV2.jsx,3669,/admin/estimates/${…}/mark-accepted
client/src/pages/admin/EstimatesPageV2.jsx,3702,/admin/estimates/${…}/send-booking-link
client/src/pages/admin/EstimatesPageV2.jsx,3722,/admin/estimates/${…}/archive
client/src/pages/admin/EstimatesPageV2.jsx,3734,/admin/estimates/${…}/unarchive
client/src/pages/admin/EstimatesPageV2.jsx,3754,/admin/estimates/${…}
client/src/pages/admin/EstimatesPageV2.jsx,4108,/admin/pipeline
client/src/pages/admin/GBPManagement.jsx,165,/admin/gbp/locations
client/src/pages/admin/GBPManagement.jsx,172,/admin/reviews/gbp-locations
client/src/pages/admin/GBPManagement.jsx,192,/admin/gbp/updates?status=${…}&limit=100
client/src/pages/admin/GBPManagement.jsx,217,/admin/gbp/locations/${…}/sync
client/src/pages/admin/GBPManagement.jsx,233,/admin/gbp/locations/${…}/sync
client/src/pages/admin/GBPManagement.jsx,249,/admin/gbp/locations/${…}/push
client/src/pages/admin/GBPManagement.jsx,261,/admin/gbp/updates/${…}/approve
client/src/pages/admin/GBPManagement.jsx,274,/admin/gbp/updates/${…}/reject
client/src/pages/admin/GBPManagement.jsx,286,/admin/gbp/updates/bulk-reject
client/src/pages/admin/GBPManagement.jsx,845,/admin/gbp/locations/${…}
client/src/pages/admin/GBPManagement.jsx,1034,/admin/gbp/locations/${…}/hours
client/src/pages/admin/GBPManagement.jsx,1039,/admin/gbp/locations/${…}/special-hours
client/src/pages/admin/GBPManagement.jsx,1256,/admin/gbp/services/suggestions?category=${…}
client/src/pages/admin/GBPManagement.jsx,1282,/admin/gbp/locations/${…}/services
client/src/pages/admin/GBPManagement.jsx,1939,/admin/gbp/locations/bulk-edit
client/src/pages/admin/GBPManagement.jsx,2084,/admin/gbp/notifications?email=admin@wavespestcontrol.com
client/src/pages/admin/GBPManagement.jsx,2094,/admin/gbp/notifications
client/src/pages/admin/InventoryPage.jsx,15,../../components/admin/AdminCommandHeader
client/src/pages/admin/InventoryPage.jsx,238,/admin/inventory
client/src/pages/admin/InventoryPage.jsx,245,/admin/inventory/stats
client/src/pages/admin/InventoryPage.jsx,523,/admin/inventory/lawn-outline-facts
client/src/pages/admin/InventoryPage.jsx,572,/admin/inventory/lawn-outline-facts/${…}
client/src/pages/admin/InventoryPage.jsx,587,/admin/inventory/lawn-outline-facts/${…}
client/src/pages/admin/InventoryPage.jsx,797,/admin/service-outlines/content-modules
client/src/pages/admin/InventoryPage.jsx,831,/admin/service-outlines/content-modules/${…}
client/src/pages/admin/InventoryPage.jsx,992,/admin/inventory/price-sync/vendors
client/src/pages/admin/InventoryPage.jsx,993,/admin/inventory/price-sync/needs-mapping
client/src/pages/admin/InventoryPage.jsx,994,/admin/inventory/price-sync/review-queue
client/src/pages/admin/InventoryPage.jsx,1014,/admin/inventory/price-sync/manual-seed-template
client/src/pages/admin/InventoryPage.jsx,1015,/admin/inventory/price-sync/mappings/export?mode=${…}
client/src/pages/admin/InventoryPage.jsx,1038,/admin/inventory/price-sync/mappings/import
client/src/pages/admin/InventoryPage.jsx,1056,/admin/inventory/price-sync/auto-map
client/src/pages/admin/InventoryPage.jsx,1076,/admin/inventory/price-sync/hermes-login-discovery
client/src/pages/admin/InventoryPage.jsx,1585,/admin/inventory/waveguard-forecast?days=${…}
client/src/pages/admin/InventoryPage.jsx,1606,/admin/inventory/waveguard-forecast/${…}/restock-request
client/src/pages/admin/InventoryPage.jsx,1798,/admin/inventory/unit-review?days=14
client/src/pages/admin/InventoryPage.jsx,1819,/admin/inventory/unit-review/${…}/fix
client/src/pages/admin/InventoryPage.jsx,1993,/admin/inventory?search=${…}&category=${…}&limit=${…}&page=${…}${…}${…}
client/src/pages/admin/InventoryPage.jsx,1998,/admin/inventory/vendors
client/src/pages/admin/InventoryPage.jsx,2013,/admin/inventory/${…}/pricing
client/src/pages/admin/InventoryPage.jsx,2049,/admin/inventory/${…}
client/src/pages/admin/InventoryPage.jsx,2277,/admin/inventory
client/src/pages/admin/InventoryPage.jsx,2622,/admin/inventory/${…}
client/src/pages/admin/InventoryPage.jsx,2800,/admin/inventory/restock-requests/${…}/order-evidence
client/src/pages/admin/InventoryPage.jsx,2812,/admin/inventory/restock-requests?status=${…}
client/src/pages/admin/InventoryPage.jsx,2829,/admin/inventory/restock-requests/${…}/action
client/src/pages/admin/InventoryPage.jsx,3078,/admin/inventory/${…}
client/src/pages/admin/InventoryPage.jsx,3224,/admin/inventory/${…}/movements
client/src/pages/admin/InventoryPage.jsx,3248,/admin/inventory/${…}/adjust
client/src/pages/admin/InventoryPage.jsx,3273,/admin/inventory/${…}/pricing/refresh
client/src/pages/admin/InventoryPage.jsx,3766,/admin/inventory?limit=500
client/src/pages/admin/InventoryPage.jsx,3803,/admin/inventory/${…}
client/src/pages/admin/InventoryPage.jsx,3960,/admin/inventory/vendors
client/src/pages/admin/InventoryPage.jsx,3969,/admin/inventory/vendors/${…}
client/src/pages/admin/InventoryPage.jsx,4152,/admin/inventory/approvals?status=pending&limit=100
client/src/pages/admin/InventoryPage.jsx,4163,/admin/inventory/approvals/${…}/${…}
client/src/pages/admin/InventoryPage.jsx,4179,/admin/inventory/approvals/bulk
client/src/pages/admin/InventoryPage.jsx,4447,/admin/inventory/service-usage
client/src/pages/admin/InventoryPage.jsx,4448,/admin/inventory?limit=200
client/src/pages/admin/InventoryPage.jsx,4449,/admin/inventory/protocol-health
client/src/pages/admin/InventoryPage.jsx,4503,/admin/inventory/service-usage/${…}
client/src/pages/admin/InventoryPage.jsx,4516,/admin/inventory/service-usage/${…}
client/src/pages/admin/InventoryPage.jsx,4531,/admin/inventory/service-usage
client/src/pages/admin/InventoryPage.jsx,4847,/admin/dispatch?tab=protocols
client/src/pages/admin/InventoryPage.jsx,5489,/admin/inventory/service-usage
client/src/pages/admin/InventoryPage.jsx,5635,/admin/inventory/vendors
client/src/pages/admin/InventoryPage.jsx,5636,/admin/inventory/scrape-jobs
client/src/pages/admin/InventoryPage.jsx,5648,/admin/inventory/scrape-jobs/${…}/trigger
client/src/pages/admin/KnowledgeBasePage.jsx,5,../../components/admin/AdminCommandHeader
client/src/pages/admin/KnowledgeBasePage.jsx,151,/admin/knowledge
client/src/pages/admin/KnowledgeBasePage.jsx,163,/admin/kb/stats
client/src/pages/admin/KnowledgeBasePage.jsx,347,/admin/kb/search?q=${…}&${…}
client/src/pages/admin/KnowledgeBasePage.jsx,352,/admin/kb?${…}
client/src/pages/admin/KnowledgeBasePage.jsx,366,/admin/kb/${…}/verify
client/src/pages/admin/KnowledgeBasePage.jsx,376,/admin/kb/${…}/flag
client/src/pages/admin/KnowledgeBasePage.jsx,387,/admin/kb/${…}
client/src/pages/admin/KnowledgeBasePage.jsx,395,/admin/kb/${…}
client/src/pages/admin/KnowledgeBasePage.jsx,837,/admin/kb
client/src/pages/admin/KnowledgeBasePage.jsx,1037,/admin/kb/audit/run
client/src/pages/admin/KnowledgeBasePage.jsx,1211,/admin/kb/tokens/status
client/src/pages/admin/KnowledgeBasePage.jsx,1224,/admin/kb/tokens/check
client/src/pages/admin/KnowledgeBasePage.jsx,1453,/admin/wiki/review/queue
client/src/pages/admin/KnowledgeBasePage.jsx,1459,/admin/wiki?limit=200
client/src/pages/admin/KnowledgeBasePage.jsx,1468,/admin/wiki/${…}
client/src/pages/admin/KnowledgeBasePage.jsx,1481,/admin/wiki/review/${…}
client/src/pages/admin/KnowledgeBasePage.jsx,1499,/admin/wiki/tier/${…}
client/src/pages/admin/KnowledgeBasePage.jsx,1516,/admin/wiki/update/${…}
client/src/pages/admin/KnowledgeHubPage.jsx,4,../../components/admin/AdminCommandHeader
client/src/pages/admin/KnowledgePage.jsx,14,../../components/admin/AdminCommandHeader
client/src/pages/admin/KnowledgePage.jsx,106,/admin/knowledge/query
client/src/pages/admin/KnowledgePage.jsx,112,/admin/knowledge/file-back
client/src/pages/admin/KnowledgePage.jsx,307,/admin/knowledge/article/${…}
client/src/pages/admin/KnowledgePage.jsx,443,/admin/knowledge/health
client/src/pages/admin/KnowledgePage.jsx,568,/admin/knowledge/sources
client/src/pages/admin/KnowledgePage.jsx,578,/admin/knowledge/compile
client/src/pages/admin/KnowledgePage.jsx,581,/admin/knowledge/sources
client/src/pages/admin/KnowledgePage.jsx,587,/admin/knowledge/sources
client/src/pages/admin/KnowledgePage.jsx,600,/admin/knowledge/sources
client/src/pages/admin/KnowledgePage.jsx,849,/admin/knowledge
client/src/pages/admin/KnowledgePage.jsx,869,/admin/knowledge?
client/src/pages/admin/KnowledgePage.jsx,881,/admin/knowledge/queries
client/src/pages/admin/LawnAssessmentPanel.jsx,3,../../components/admin/AdminCommandHeader
client/src/pages/admin/LawnAssessmentPanel.jsx,144,/admin/lawn-assessment/customers
client/src/pages/admin/LawnAssessmentPanel.jsx,154,/admin/lawn-assessment/customers?q=${…}
client/src/pages/admin/LawnAssessmentPanel.jsx,207,/admin/lawn-assessment/assess
client/src/pages/admin/LawnAssessmentPanel.jsx,256,/admin/lawn-assessment/confirm
client/src/pages/admin/LawnAssessmentPanel.jsx,304,/admin/lawn-assessment/history/${…}
client/src/pages/admin/LawnAssessmentPanel.jsx,316,/admin/customers/${…}/turf-profile
client/src/pages/admin/LawnAssessmentPanel.jsx,359,/admin/customers/${…}/turf-profile
client/src/pages/admin/LawnProtocolCommandCenterPage.jsx,18,../../components/admin/AdminCommandHeader
client/src/pages/admin/LawnProtocolCommandCenterPage.jsx,202,/admin/service-library
client/src/pages/admin/LawnProtocolCommandCenterPage.jsx,233,/admin/protocols/lawn/command-center${…}
client/src/pages/admin/LawnProtocolCommandCenterPage.jsx,257,/admin/inventory?search=${…}&limit=8
client/src/pages/admin/LawnProtocolCommandCenterPage.jsx,266,/admin/protocols/lawn/products/${…}
client/src/pages/admin/LawnProtocolCommandCenterPage.jsx,282,/admin/protocols/lawn/windows/${…}
client/src/pages/admin/LawnProtocolCommandCenterPage.jsx,298,/admin/protocols/lawn/windows/${…}
client/src/pages/admin/LawnProtocolCommandCenterPage.jsx,314,/admin/protocols/lawn/windows/${…}/wiki-sync
client/src/pages/admin/LawnProtocolCommandCenterPage.jsx,332,/admin/protocols/lawn/drafts
client/src/pages/admin/LawnProtocolCommandCenterPage.jsx,350,/admin/protocols/lawn/drafts/${…}/publish
client/src/pages/admin/LawnProtocolCommandCenterPage.jsx,616,/admin/inventory?tab=protocols
client/src/pages/admin/LawnProtocolCommandCenterPage.jsx,742,/admin/kb
client/src/pages/admin/LeadsTabs.jsx,4,../../components/admin/CallBridgeLink
client/src/pages/admin/LeadsTabs.jsx,5,../../components/admin/AuthenticatedCallAudio
client/src/pages/admin/LeadsTabs.jsx,85,/admin/call-recordings/commitments/open?lead_id=${…}&limit=${…}
client/src/pages/admin/LeadsTabs.jsx,98,/admin/call-recordings/commitments/${…}
client/src/pages/admin/LeadsTabs.jsx,141,/admin/communications#tab=owed
client/src/pages/admin/LeadsTabs.jsx,953,/admin/leads?${…}
client/src/pages/admin/LeadsTabs.jsx,967,/admin/leads/sources
client/src/pages/admin/LeadsTabs.jsx,985,/admin/leads/analytics/by-source?include_inactive=1
client/src/pages/admin/LeadsTabs.jsx,997,/admin/leads/analytics/overview
client/src/pages/admin/LeadsTabs.jsx,998,/admin/leads/analytics/funnel
client/src/pages/admin/LeadsTabs.jsx,999,/admin/leads/analytics/by-source
client/src/pages/admin/LeadsTabs.jsx,1000,/admin/leads/analytics/by-channel
client/src/pages/admin/LeadsTabs.jsx,1001,/admin/leads/analytics/response
client/src/pages/admin/LeadsTabs.jsx,1002,/admin/leads/analytics/lost
client/src/pages/admin/LeadsTabs.jsx,1018,/admin/customers?limit=1
client/src/pages/admin/LeadsTabs.jsx,1020,/admin/dispatch/technicians
client/src/pages/admin/LeadsTabs.jsx,1032,/admin/services?is_active=true&limit=200
client/src/pages/admin/LeadsTabs.jsx,1088,/admin/leads/${…}
client/src/pages/admin/LeadsTabs.jsx,1174,/admin/leads/${…}
client/src/pages/admin/LeadsTabs.jsx,1200,/admin/leads/${…}
client/src/pages/admin/LeadsTabs.jsx,1234,/admin/leads
client/src/pages/admin/LeadsTabs.jsx,1237,/admin/leads/sources
client/src/pages/admin/LeadsTabs.jsx,1248,/admin/leads/${…}/convert
client/src/pages/admin/LeadsTabs.jsx,1254,/admin/leads/${…}/lost
client/src/pages/admin/LeadsTabs.jsx,1260,/admin/leads/${…}/assign
client/src/pages/admin/LeadsTabs.jsx,1266,/admin/leads/${…}
client/src/pages/admin/LeadsTabs.jsx,1276,/admin/leads/sources/${…}/cost
client/src/pages/admin/LeadsTabs.jsx,2410,/admin/leads/${…}/send-sms
client/src/pages/admin/LeadsTabs.jsx,2471,/admin/estimates?${…}
client/src/pages/admin/LeadsTabs.jsx,2481,/admin/agent-estimate?leadId=${…}
client/src/pages/admin/LeadsTabs.jsx,2754,/admin/leads/${…}/send-sms
client/src/pages/admin/LeadsTabs.jsx,2890,/admin/leads/${…}/schedule-callback
client/src/pages/admin/LeadsTabs.jsx,3122,/admin/leads/${…}/schedule-appointment
client/src/pages/admin/LeadsTabs.jsx,3607,/admin/leads/sources/${…}
client/src/pages/admin/MorePage.jsx,10,../../components/admin/AdminCommandHeader
client/src/pages/admin/MorePage.jsx,43,/admin
client/src/pages/admin/MorePage.jsx,49,/admin/login
client/src/pages/admin/NewsletterPage.jsx,23,../../components/admin/AdminCommandHeader
client/src/pages/admin/NewsletterPage.jsx,600,/admin/newsletter/events?days=14&limit=12
client/src/pages/admin/NewsletterPage.jsx,815,/admin/newsletter/events/inbox?${…}
client/src/pages/admin/NewsletterPage.jsx,827,/admin/newsletter/events/sources
client/src/pages/admin/NewsletterPage.jsx,843,/admin/newsletter/events/${…}
client/src/pages/admin/NewsletterPage.jsx,859,/admin/newsletter/events/bulk-action
client/src/pages/admin/NewsletterPage.jsx,892,/admin/newsletter/events/merge
client/src/pages/admin/NewsletterPage.jsx,1397,/admin/newsletter/calendar?pastWeeks=4&futureWeeks=12
client/src/pages/admin/NewsletterPage.jsx,1414,/admin/newsletter/calendar/${…}
client/src/pages/admin/NewsletterPage.jsx,1419,/admin/newsletter/calendar
client/src/pages/admin/NewsletterPage.jsx,1442,/admin/newsletter/calendar
client/src/pages/admin/NewsletterPage.jsx,1454,/admin/newsletter/calendar/${…}
client/src/pages/admin/NewsletterPage.jsx,1464,/admin/newsletter/calendar/${…}/draft-from-plan
client/src/pages/admin/NewsletterPage.jsx,1563,/admin/newsletter
client/src/pages/admin/NewsletterPage.jsx,1589,/admin/newsletter/sends
client/src/pages/admin/NewsletterPage.jsx,1605,/admin/newsletter/subscribers?limit=1
client/src/pages/admin/NewsletterTabs.jsx,421,/admin/newsletter/quizzes
client/src/pages/admin/NewsletterTabs.jsx,664,/admin/newsletter/subscribers?status=active&limit=1
client/src/pages/admin/NewsletterTabs.jsx,667,/admin/auth/me
client/src/pages/admin/NewsletterTabs.jsx,674,/admin/newsletter/tags
client/src/pages/admin/NewsletterTabs.jsx,691,/admin/newsletter/sends/${…}
client/src/pages/admin/NewsletterTabs.jsx,706,/admin/newsletter/sends/latest-autopilot${…}
client/src/pages/admin/NewsletterTabs.jsx,723,/admin/newsletter/segment-preview
client/src/pages/admin/NewsletterTabs.jsx,793,/admin/newsletter/sends/${…}
client/src/pages/admin/NewsletterTabs.jsx,801,/admin/newsletter/sends
client/src/pages/admin/NewsletterTabs.jsx,821,/admin/newsletter/preview
client/src/pages/admin/NewsletterTabs.jsx,840,/admin/newsletter/sends/${…}/test
client/src/pages/admin/NewsletterTabs.jsx,859,/admin/newsletter/sends/${…}/validate
client/src/pages/admin/NewsletterTabs.jsx,888,/admin/newsletter/sends/${…}/send
client/src/pages/admin/NewsletterTabs.jsx,918,/admin/newsletter/sends/${…}/schedule
client/src/pages/admin/NewsletterTabs.jsx,969,/admin/newsletter/draft-ai
client/src/pages/admin/NewsletterTabs.jsx,1944,/admin/newsletter/events/digest-plan
client/src/pages/admin/NewsletterTabs.jsx,2204,/admin/newsletter/sends
client/src/pages/admin/NewsletterTabs.jsx,2222,/admin/newsletter/sends/${…}/cancel-schedule
client/src/pages/admin/NewsletterTabs.jsx,2242,/admin/newsletter/sends/${…}
client/src/pages/admin/NewsletterTabs.jsx,2255,/admin/newsletter/sends/${…}/resume
client/src/pages/admin/NewsletterTabs.jsx,2273,/admin/newsletter/sends/${…}
client/src/pages/admin/NewsletterTabs.jsx,2293,/admin/newsletter/sends/${…}
client/src/pages/admin/NewsletterTabs.jsx,2310,/admin/newsletter/sends/${…}/quiz-results
client/src/pages/admin/NewsletterTabs.jsx,2848,/admin/newsletter/subscribers?${…}
client/src/pages/admin/NewsletterTabs.jsx,2878,/admin/newsletter/subscribers?${…}
client/src/pages/admin/NewsletterTabs.jsx,2898,${…}/admin/newsletter/subscribers.csv?${…}
client/src/pages/admin/NewsletterTabs.jsx,2926,/admin/newsletter/subscribers
client/src/pages/admin/NewsletterTabs.jsx,2947,/admin/newsletter/subscribers/import
client/src/pages/admin/NewsletterTabs.jsx,2961,/admin/newsletter/subscribers/${…}
client/src/pages/admin/NotificationEventsTabV2.jsx,456,/admin/notification-events
client/src/pages/admin/NotificationEventsTabV2.jsx,501,/admin/sms-templates/${…}
client/src/pages/admin/NotificationEventsTabV2.jsx,521,/admin/sms-templates/${…}
client/src/pages/admin/NotificationEventsTabV2.jsx,550,/admin/email-templates/automations/${…}
client/src/pages/admin/NotificationEventsTabV2.jsx,560,/admin/email-templates/versions/${…}
client/src/pages/admin/OwedTabV2.jsx,92,/admin/call-recordings/commitments/open?${…}
client/src/pages/admin/OwedTabV2.jsx,120,/admin/call-recordings/commitments/open?${…}
client/src/pages/admin/OwedTabV2.jsx,140,/admin/call-recordings/commitments/${…}
client/src/pages/admin/OwedTabV2.jsx,215,/admin/customers?customerId=${…}
client/src/pages/admin/PPCDashboardPage.jsx,424,/admin/ads/campaigns
client/src/pages/admin/PPCDashboardPage.jsx,425,/admin/ads/funnel?period=30d
client/src/pages/admin/PPCDashboardPage.jsx,426,/admin/ads/revenue-attribution?period=month
client/src/pages/admin/PayerArAgingDialog.jsx,40,/admin/payers/ar-aging
client/src/pages/admin/PayerDetailSheet.jsx,91,/admin/payers/${…}/statements
client/src/pages/admin/PayerDetailSheet.jsx,103,/admin/payers/${…}/ar
client/src/pages/admin/PayerDetailSheet.jsx,232,/admin/payers/${…}/statements/${…}
client/src/pages/admin/PayersPage.jsx,14,../../components/admin/AdminCommandHeader
client/src/pages/admin/PayersPage.jsx,86,/admin/payers?${…}
client/src/pages/admin/PayersPage.jsx,126,/admin/payers/${…}
client/src/pages/admin/PayersPage.jsx,144,/admin/payers
client/src/pages/admin/PayersPage.jsx,144,/admin/payers/${…}
client/src/pages/admin/PendingDraftsTab.jsx,72,/admin/communications?${…}
client/src/pages/admin/PendingDraftsTab.jsx,257,/admin/drafts?status=pending
client/src/pages/admin/PendingDraftsTab.jsx,278,/admin/drafts?status=pending&before=${…}
client/src/pages/admin/PendingDraftsTab.jsx,347,/admin/drafts/${…}/approve
client/src/pages/admin/PendingDraftsTab.jsx,354,/admin/drafts/${…}/revise
client/src/pages/admin/PendingDraftsTab.jsx,363,/admin/drafts/${…}/reject
client/src/pages/admin/PestPressureSettingsPage.jsx,4,../../components/admin/AdminCommandHeader
client/src/pages/admin/PestPressureSettingsPage.jsx,48,/admin/login
client/src/pages/admin/PestPressureSettingsPage.jsx,336,/admin/pest-pressure/config
client/src/pages/admin/PestPressureSettingsPage.jsx,393,/admin/pest-pressure/config
client/src/pages/admin/PestPressureSettingsPage.jsx,422,/admin/pest-pressure/scores/recent?limit=25
client/src/pages/admin/PestPressureSettingsPage.jsx,423,/admin/pest-pressure/audit?limit=25
client/src/pages/admin/PestPressureSettingsPage.jsx,440,/admin/pest-pressure/scores/${…}/recalculate
client/src/pages/admin/PestPressureSettingsPage.jsx,481,/admin/pest-pressure/scores/${…}/override
client/src/pages/admin/PestPressureSettingsPage.jsx,498,/admin/pest-pressure/scores/${…}/override
client/src/pages/admin/PestPressureSettingsPage.jsx,513,/admin/pest-pressure/preview
client/src/pages/admin/PestPressureSettingsPage.jsx,942,/admin/customers?customerId=${…}
client/src/pages/admin/PhotoAssessmentDetailSheet.jsx,73,/admin/photo-assessments/${…}/${…}/send-report
client/src/pages/admin/PhotoAssessmentDetailSheet.jsx,152,/admin/leads?search=${…}&limit=8
client/src/pages/admin/PhotoAssessmentDetailSheet.jsx,153,/admin/customers?search=${…}&limit=8
client/src/pages/admin/PhotoAssessmentDetailSheet.jsx,171,/admin/photo-assessments/${…}/${…}/link
client/src/pages/admin/PhotoAssessmentDetailSheet.jsx,362,/admin/photo-assessments/${…}/${…}
client/src/pages/admin/PhotoAssessmentDetailSheet.jsx,397,/admin/photo-assessments/${…}/${…}/generate-link
client/src/pages/admin/PhotoAssessmentsPage.jsx,163,/admin/photo-assessments/${…}
client/src/pages/admin/PhotoAssessmentsPage.jsx,242,/admin/photo-assessments?${…}
client/src/pages/admin/PhotoAssessmentsPage.jsx,243,/admin/photo-assessments/funnel?days=30
client/src/pages/admin/PriceMatchPage.jsx,3,../../components/admin/AdminCommandHeader
client/src/pages/admin/PriceMatchPage.jsx,99,/admin/price-match/drafts?status=${…}
client/src/pages/admin/PriceMatchPage.jsx,118,/admin/price-match/drafts/${…}
client/src/pages/admin/PriceMatchPage.jsx,127,/admin/price-match/drafts/${…}
client/src/pages/admin/PriceMatchPage.jsx,141,/admin/price-match/drafts/${…}/${…}
client/src/pages/admin/PriceMatchPage.jsx,191,/admin/price-match/scan
client/src/pages/admin/PricingHubPage.jsx,9,../../components/admin/AdminCommandHeader
client/src/pages/admin/PricingHubPage.jsx,36,/admin/pricing-logic
client/src/pages/admin/PricingLogicPage.jsx,12,../../components/admin/PricingLogicPanel
client/src/pages/admin/PricingLogicPage.jsx,13,../../components/admin/AdminCommandHeader
client/src/pages/admin/PricingLogicPage.jsx,106,/admin/pricing-config/margin-check
client/src/pages/admin/PricingLogicPage.jsx,664,/admin/pricing-config/pest-calibration?${…}
client/src/pages/admin/PricingLogicPage.jsx,684,/admin/pricing-config/pest-calibration?${…}
client/src/pages/admin/PricingLogicPage.jsx,1396,/admin/pricing-logic
client/src/pages/admin/PricingRealityCheckPage.jsx,146,/admin/pricing-reality-check?${…}
client/src/pages/admin/PricingRealityCheckPage.jsx,276,/admin/customers?customerId=${…}
client/src/pages/admin/PricingRealityCheckPage.jsx,318,/admin/dispatch?serviceId=${…}
client/src/pages/admin/PricingStrategyPage.jsx,95,/admin/pricing/dashboard
client/src/pages/admin/PricingStrategyPage.jsx,522,/admin/pricing/calculate-value
client/src/pages/admin/PricingStrategyPage.jsx,826,/admin/pricing/offers
client/src/pages/admin/PricingStrategyPage.jsx,1032,/admin/pricing/upsell-rules
client/src/pages/admin/PricingStrategyPage.jsx,1033,/admin/pricing/upsell-opportunities
client/src/pages/admin/PricingStrategyPage.jsx,1046,/admin/pricing/trigger-upsell/${…}
client/src/pages/admin/PricingStrategyPage.jsx,1225,/admin/pricing/ltv-analysis
client/src/pages/admin/PricingStrategyPage.jsx,1234,/admin/pricing/recalculate-ltv
client/src/pages/admin/PricingStrategyPage.jsx,1235,/admin/pricing/ltv-analysis
client/src/pages/admin/ProjectsPage.jsx,4,../../components/admin/AdminCommandHeader
client/src/pages/admin/ProjectsPage.jsx,816,/admin/projects/${…}/photos/${…}/url
client/src/pages/admin/ProjectsPage.jsx,1217,/admin/projects?${…}
client/src/pages/admin/ProjectsPage.jsx,1221,/admin/projects?${…}
client/src/pages/admin/ProjectsPage.jsx,1274,/admin/projects/types
client/src/pages/admin/ProjectsPage.jsx,1579,/admin/projects/${…}
client/src/pages/admin/ProjectsPage.jsx,1580,/admin/projects/${…}/activity
client/src/pages/admin/ProjectsPage.jsx,1683,/admin/dispatch/products/catalog
client/src/pages/admin/ProjectsPage.jsx,1706,/admin/projects/${…}
client/src/pages/admin/ProjectsPage.jsx,1724,/admin/projects/${…}
client/src/pages/admin/ProjectsPage.jsx,1802,/admin/projects/${…}/send
client/src/pages/admin/ProjectsPage.jsx,1833,/admin/projects/${…}/send
client/src/pages/admin/ProjectsPage.jsx,1871,/admin/projects/${…}/fdacs-pdf
client/src/pages/admin/ProjectsPage.jsx,1931,/admin/projects/${…}/send-with-invoice
client/src/pages/admin/ProjectsPage.jsx,1977,/admin/projects/${…}/send-with-invoice
client/src/pages/admin/ProjectsPage.jsx,2025,/admin/projects/${…}/send-prep-guide
client/src/pages/admin/ProjectsPage.jsx,2050,/admin/projects/${…}/send-portal-invite
client/src/pages/admin/ProjectsPage.jsx,2085,/admin/projects/${…}/ai-write
client/src/pages/admin/ProjectsPage.jsx,2103,/admin/projects/${…}
client/src/pages/admin/ProjectsPage.jsx,2147,/admin/projects/${…}
client/src/pages/admin/ProjectsPage.jsx,2194,/admin/projects/${…}/close
client/src/pages/admin/ProjectsPage.jsx,2246,/admin/projects/${…}/photos/${…}
client/src/pages/admin/ProjectsPage.jsx,2262,/admin/projects/${…}/photos
client/src/pages/admin/ProjectsPage.jsx,3375,/admin/projects/${…}/photos/${…}
client/src/pages/admin/ProjectsPage.jsx,3395,/admin/projects/${…}/photos/${…}/url
client/src/pages/admin/ProtocolReferenceTabV2.jsx,947,/admin/protocols/programs?${…}
client/src/pages/admin/ProtocolReferenceTabV2.jsx,968,/admin/protocols/programs
client/src/pages/admin/ProtocolReferenceTabV2.jsx,981,/admin/protocols/programs?${…}
client/src/pages/admin/ProtocolReferenceTabV2.jsx,1006,/admin/equipment-systems/calibrations
client/src/pages/admin/ProtocolReferenceTabV2.jsx,1036,/admin/protocols/lawn-mix?${…}
client/src/pages/admin/RecruitingPage.jsx,16,../../components/admin/AdminCommandHeader
client/src/pages/admin/RecruitingPage.jsx,113,/admin/careers?status=${…}&offset=${…}
client/src/pages/admin/RecruitingPage.jsx,135,/admin/careers/${…}
client/src/pages/admin/RecruitingPage.jsx,166,/admin/careers/${…}/status
client/src/pages/admin/ReferralsPage.jsx,144,/admin/referrals/stats
client/src/pages/admin/ReferralsPage.jsx,145,/admin/referrals/promoters
client/src/pages/admin/ReferralsPage.jsx,146,/admin/referrals/queue
client/src/pages/admin/ReferralsPage.jsx,147,/admin/referrals/payouts
client/src/pages/admin/ReferralsPage.jsx,165,/admin/referrals/enroll
client/src/pages/admin/ReferralsPage.jsx,191,/admin/referrals/submit
client/src/pages/admin/ReferralsPage.jsx,221,/admin/referrals/${…}/status
client/src/pages/admin/ReferralsPage.jsx,229,/admin/referrals/payouts/${…}/approve
client/src/pages/admin/ReferralsPageV2.jsx,12,../../components/admin/AdminCommandHeader
client/src/pages/admin/ReferralsPageV2.jsx,271,/admin/referrals/stats
client/src/pages/admin/ReferralsPageV2.jsx,272,/admin/referrals/promoters?status=all
client/src/pages/admin/ReferralsPageV2.jsx,275,/admin/referrals/queue
client/src/pages/admin/ReferralsPageV2.jsx,276,/admin/referrals/payouts
client/src/pages/admin/ReferralsPageV2.jsx,292,/admin/referrals/settings
client/src/pages/admin/ReferralsPageV2.jsx,296,/admin/referrals/analytics
client/src/pages/admin/ReferralsPageV2.jsx,309,/admin/customers?search=${…}&limit=8
client/src/pages/admin/ReferralsPageV2.jsx,324,/admin/referrals/enroll
client/src/pages/admin/ReferralsPageV2.jsx,345,/admin/referrals/${…}/status
client/src/pages/admin/ReferralsPageV2.jsx,358,/admin/referrals/${…}/convert
client/src/pages/admin/ReferralsPageV2.jsx,375,/admin/referrals/payouts/${…}/approve
client/src/pages/admin/ReferralsPageV2.jsx,386,/admin/referrals/settings
client/src/pages/admin/ReferralsPageV2.jsx,417,/admin/referrals/submit
client/src/pages/admin/RevenuePage.jsx,203,/admin/ads/revenue-attribution?period=${…}
client/src/pages/admin/RevenuePage.jsx,374,/admin/revenue/overview?period=${…}
client/src/pages/admin/ReviewVelocityEngine.jsx,530,/admin/reviews/outreach-activity?limit=100
client/src/pages/admin/ReviewVelocityEngine.jsx,552,/admin/reviews/outreach-analytics?days=90
client/src/pages/admin/ReviewVelocityEngine.jsx,561,/admin/reviews/outreach-candidates
client/src/pages/admin/ReviewVelocityEngine.jsx,619,/admin/reviews/send-request
client/src/pages/admin/ReviewVelocityEngine.jsx,661,/admin/reviews/outreach/start-sequence
client/src/pages/admin/ReviewVelocityEngine.jsx,1730,/admin/communications/call
client/src/pages/admin/ReviewVelocityEngine.jsx,1766,/admin/communications?phone=${…}
client/src/pages/admin/ReviewVelocityEngine.jsx,2455,/admin/communications/call
client/src/pages/admin/ReviewsPage.jsx,3,../../components/admin/AdminCommandHeader
client/src/pages/admin/ReviewsPage.jsx,417,/admin/reviews/${…}/ai-reply
client/src/pages/admin/ReviewsPage.jsx,1241,/admin/reviews/incentives?days=${…}
client/src/pages/admin/ReviewsPage.jsx,1242,/admin/reviews/incentives/attribution-queue?days=${…}
client/src/pages/admin/ReviewsPage.jsx,1265,/admin/reviews/incentives/sync
client/src/pages/admin/ReviewsPage.jsx,1269,/admin/reviews/incentives/attribution-queue?days=${…}
client/src/pages/admin/ReviewsPage.jsx,1287,/admin/reviews/incentives/mark-paid
client/src/pages/admin/ReviewsPage.jsx,1302,${…}/admin/reviews/incentives/export?days=${…}
client/src/pages/admin/ReviewsPage.jsx,1353,/admin/reviews/incentives/attribution-candidates?${…}
client/src/pages/admin/ReviewsPage.jsx,1371,/admin/reviews/incentives/attribute
client/src/pages/admin/ReviewsPage.jsx,2108,/admin/reviews?${…}
client/src/pages/admin/ReviewsPage.jsx,2128,/admin/reviews?${…}
client/src/pages/admin/ReviewsPage.jsx,2162,/admin/reviews/${…}/retract-reply
client/src/pages/admin/ReviewsPage.jsx,2163,/admin/reviews/${…}/auto-reply/${…}
client/src/pages/admin/ReviewsPage.jsx,2172,/admin/reviews/${…}/reply
client/src/pages/admin/ReviewsPage.jsx,2218,/admin/reviews/${…}/dismiss
client/src/pages/admin/SEODashboardPage.jsx,495,/admin/seo/ai-overview
client/src/pages/admin/SEODashboardPage.jsx,496,/admin/seo/rankings?days=7
client/src/pages/admin/SEODashboardPage.jsx,497,/admin/seo/backlinks
client/src/pages/admin/SEODashboardPage.jsx,655,/admin/seo/sync
client/src/pages/admin/SEODashboardPage.jsx,660,/admin/seo/rankings/track
client/src/pages/admin/SEODashboardPage.jsx,665,/admin/seo/advisor/generate
client/src/pages/admin/SEOPage.jsx,15,../../components/admin/AdminCommandHeader
client/src/pages/admin/SEOPage.jsx,19,../../components/admin/GeoGridMap
client/src/pages/admin/SEOPage.jsx,253,/admin/seo/dashboard?period=${…}${…}
client/src/pages/admin/SEOPage.jsx,460,/admin/seo/sync-health
client/src/pages/admin/SEOPage.jsx,619,/admin/seo/advisor
client/src/pages/admin/SEOPage.jsx,636,/admin/seo/sync
client/src/pages/admin/SEOPage.jsx,637,/admin/seo/advisor/generate
client/src/pages/admin/SEOPage.jsx,879,/admin/seo/geo-grid
client/src/pages/admin/SEOPage.jsx,893,/admin/seo/geo-grid/heatmap?office=${…}&keyword=${…}
client/src/pages/admin/SEOPage.jsx,911,/admin/seo/geo-grid/run
client/src/pages/admin/SEOPage.jsx,922,/admin/seo/geo-grid
client/src/pages/admin/SEOPage.jsx,940,${…}/admin/seo/geo-grid/export?office=${…}&keyword=${…}
client/src/pages/admin/SEOPage.jsx,973,/admin/seo/geo-grid/keywords
client/src/pages/admin/SEOPage.jsx,1262,/admin/seo/rankings?days=7
client/src/pages/admin/SEOPage.jsx,1551,/admin/seo/rankings-monitor?period=${…}
client/src/pages/admin/SEOPage.jsx,1703,/admin/seo/backlinks
client/src/pages/admin/SEOPage.jsx,1715,/admin/seo/llm-mentions
client/src/pages/admin/SEOPage.jsx,1724,/admin/seo/llm-mentions/scan
client/src/pages/admin/SEOPage.jsx,1726,/admin/seo/llm-mentions
client/src/pages/admin/SEOPage.jsx,1727,/admin/seo/backlinks
client/src/pages/admin/SEOPage.jsx,1740,/admin/seo/backlinks/scan
client/src/pages/admin/SEOPage.jsx,1741,/admin/seo/backlinks
client/src/pages/admin/SEOPage.jsx,2553,/admin/backlink-agent/prospects/stats
client/src/pages/admin/SEOPage.jsx,2559,/admin/backlink-agent/prospects?status=${…}
client/src/pages/admin/SEOPage.jsx,2568,/admin/backlink-agent/prospects${…}
client/src/pages/admin/SEOPage.jsx,2579,/admin/backlink-agent/prospects/verify
client/src/pages/admin/SEOPage.jsx,2584,/admin/backlink-agent/prospects/${…}/recheck
client/src/pages/admin/SEOPage.jsx,2591,/admin/backlink-agent/prospects
client/src/pages/admin/SEOPage.jsx,2825,/admin/backlink-agent/prospects/outreach/pending
client/src/pages/admin/SEOPage.jsx,2840,/admin/backlink-agent/prospects/${…}/outreach/send
client/src/pages/admin/SEOPage.jsx,2848,/admin/backlink-agent/prospects/${…}/outreach/reconcile
client/src/pages/admin/SEOPage.jsx,2961,/admin/backlink-agent/prospects/${…}/outreach/draft
client/src/pages/admin/SEOPage.jsx,3041,/admin/backlink-agent/registry?${…}
client/src/pages/admin/SEOPage.jsx,3062,/admin/backlink-agent/registry/${…}
client/src/pages/admin/SEOPage.jsx,3093,/admin/backlink-agent/registry/${…}
client/src/pages/admin/SEOPage.jsx,3116,/admin/backlink-agent/registry/${…}/acquire-anyway
client/src/pages/admin/SEOPage.jsx,3142,/admin/backlink-agent/registry/jobs/investigate
client/src/pages/admin/SEOPage.jsx,3523,/admin/backlink-agent/owner-queue
client/src/pages/admin/SEOPage.jsx,3569,/admin/backlink-agent/owner-queue/rows/${…}/approve
client/src/pages/admin/SEOPage.jsx,3586,/admin/backlink-agent/prospects/${…}/outreach/reconcile
client/src/pages/admin/SEOPage.jsx,3606,/admin/backlink-agent/owner-queue/rows/${…}/send
client/src/pages/admin/SEOPage.jsx,3627,/admin/backlink-agent/owner-queue/domains/${…}/${…}
client/src/pages/admin/SEOPage.jsx,3662,/admin/backlink-agent/prospects/${…}/reconcile-backlink
client/src/pages/admin/SEOPage.jsx,3911,/admin/backlink-agent/policy
client/src/pages/admin/SEOPage.jsx,3939,/admin/backlink-agent/policy
client/src/pages/admin/SEOPage.jsx,4133,/admin/backlink-agent/stats
client/src/pages/admin/SEOPage.jsx,4134,/admin/backlink-agent/queue?limit=50
client/src/pages/admin/SEOPage.jsx,4137,/admin/backlink-agent/profiles
client/src/pages/admin/SEOPage.jsx,4140,/admin/backlink-agent/targets
client/src/pages/admin/SEOPage.jsx,4163,/admin/backlink-agent/queue
client/src/pages/admin/SEOPage.jsx,4173,/admin/backlink-agent/opportunities/bulk
client/src/pages/admin/SEOPage.jsx,4190,/admin/backlink-agent/process
client/src/pages/admin/SEOPage.jsx,4201,/admin/backlink-agent/queue/${…}/retry
client/src/pages/admin/SEOPage.jsx,4206,/admin/backlink-agent/queue/${…}/skip
client/src/pages/admin/SEOPage.jsx,4212,/admin/backlink-agent/targets
client/src/pages/admin/SEOPage.jsx,4220,/admin/backlink-agent/targets/${…}
client/src/pages/admin/SEOPage.jsx,4227,/admin/backlink-agent/poll
client/src/pages/admin/SEOPage.jsx,4232,/admin/backlink-agent/verify-emails
client/src/pages/admin/SEOPage.jsx,4911,/admin/seo/qa
client/src/pages/admin/SEOPage.jsx,5107,/admin/seo/refresh-audit?limit=200
client/src/pages/admin/SEOPage.jsx,5121,/admin/seo/qa/batch
client/src/pages/admin/SEOPage.jsx,5133,/admin/seo/refresh-audit/enqueue
client/src/pages/admin/SEOPage.jsx,5317,/admin/seo/ai-overview
client/src/pages/admin/SEOPage.jsx,5366,/admin/seo/funnel?days=30
client/src/pages/admin/SEOPage.jsx,5427,/admin/seo/site-rollup?days=${…}
client/src/pages/admin/SEOPage.jsx,5689,/admin/seo/citations
client/src/pages/admin/SEOPage.jsx,5797,/admin/analytics/overview?period=${…}
client/src/pages/admin/SEOPage.jsx,5798,/admin/analytics/sources?period=${…}
client/src/pages/admin/SEOPage.jsx,5799,/admin/analytics/landing-pages?period=${…}
client/src/pages/admin/SEOPage.jsx,5800,/admin/analytics/local-performance?period=${…}
client/src/pages/admin/SEOPage.jsx,5801,/admin/analytics/data-manager/readiness?period=${…}
client/src/pages/admin/SEOPage.jsx,5879,/admin/analytics/data-manager/upload
client/src/pages/admin/SEOPage.jsx,6432,/admin/seo/audit
client/src/pages/admin/SEOPage.jsx,6444,/admin/seo/audit/run
client/src/pages/admin/SEOPage.jsx,6445,/admin/seo/audit
client/src/pages/admin/SEOPage.jsx,7164,/admin/seo/url-intelligence/dashboard?domain=${…}
client/src/pages/admin/SEOPage.jsx,7174,/admin/seo/url-intelligence/scan?${…}
client/src/pages/admin/SEOPage.jsx,7181,/admin/seo/url-intelligence/refresh
client/src/pages/admin/SEOPage.jsx,7183,/admin/seo/url-intelligence/dashboard?domain=${…}
client/src/pages/admin/SEOPage.jsx,7444,/admin/seo/url-intelligence/duplicate-clusters?domain=${…}
client/src/pages/admin/SEOPage.jsx,7496,/admin/seo/url-intelligence/intent-routes?domain=${…}${…}&limit=50
client/src/pages/admin/SEOPage.jsx,7575,/admin/seo/actions/summary?domain=${…}
client/src/pages/admin/SEOPage.jsx,7577,/admin/seo/actions?domain=${…}&type=rewrite_title_meta&limit=50
client/src/pages/admin/SEOPage.jsx,7579,/admin/seo/actions?domain=${…}&execution_status=in_progress&limit=50
client/src/pages/admin/SEOPage.jsx,7580,/admin/seo/actions?domain=${…}&execution_status=done&limit=25
client/src/pages/admin/SEOPage.jsx,7582,/admin/seo/url-intelligence/experiments?limit=50
client/src/pages/admin/SEOPage.jsx,7583,/admin/seo/actions?domain=${…}&approval_status=pending&limit=50
client/src/pages/admin/SEOPage.jsx,7593,/admin/seo/actions/${…}/${…}
client/src/pages/admin/SEOPage.jsx,7624,/admin/seo/actions/generate
client/src/pages/admin/SEOPage.jsx,7625,/admin/seo/actions/auto-approve
client/src/pages/admin/SEOPage.jsx,7629,/admin/seo/actions/generate-drafts
client/src/pages/admin/SEOPage.jsx,7828,/admin/seo/url-intelligence/indexation-gap?domain=${…}
client/src/pages/admin/SEOPage.jsx,7834,/admin/seo/url-intelligence/canonical-conflicts?domain=${…}
client/src/pages/admin/SEOPage.jsx,7840,/admin/seo/url-intelligence/scan?diagnosis=indexation_problem&domain=${…}&limit=50
client/src/pages/admin/SEOPage.jsx,7851,/admin/seo/url-intelligence/inspect?url=${…}
client/src/pages/admin/SEOPage.jsx,8172,/admin/seo/url-intelligence/sitemap-issues?domain=${…}
client/src/pages/admin/SchedulePage.jsx,84,../../components/admin/IntelligenceBarShell
client/src/pages/admin/SchedulePage.jsx,454,${…}/admin/schedule/generate-report
client/src/pages/admin/SchedulePage.jsx,1541,/admin/schedule/${…}/estimate-source
client/src/pages/admin/SchedulePage.jsx,1552,/admin/dispatch/${…}/reentry
client/src/pages/admin/SchedulePage.jsx,1595,/admin/schedule/${…}/series-summary
client/src/pages/admin/SchedulePage.jsx,1662,/admin/customers/${…}/properties?context=appointment_address
client/src/pages/admin/SchedulePage.jsx,1689,/admin/schedule/services-dropdown
client/src/pages/admin/SchedulePage.jsx,1700,/admin/payers
client/src/pages/admin/SchedulePage.jsx,1708,/admin/discounts
client/src/pages/admin/SchedulePage.jsx,1735,/admin/customers/${…}${…}
client/src/pages/admin/SchedulePage.jsx,1759,/admin/schedule/${…}/card-request
client/src/pages/admin/SchedulePage.jsx,1781,/admin/schedule/${…}/card-request
client/src/pages/admin/SchedulePage.jsx,1787,/admin/schedule/${…}/card-request
client/src/pages/admin/SchedulePage.jsx,1846,/admin/payers
client/src/pages/admin/SchedulePage.jsx,2183,/admin/schedule/${…}/update-details
client/src/pages/admin/SchedulePage.jsx,2347,/admin/dispatch/${…}/time-on-site
client/src/pages/admin/SchedulePage.jsx,2378,/admin/dispatch/${…}/time-on-site
client/src/pages/admin/SchedulePage.jsx,2423,/admin/dispatch/${…}/reentry
client/src/pages/admin/SchedulePage.jsx,2484,/admin/dispatch/${…}/status
client/src/pages/admin/SchedulePage.jsx,3208,/admin/customers?customerId=${…}
client/src/pages/admin/SchedulePage.jsx,4881,/admin/inventory/waveguard-forecast/${…}/restock-request
client/src/pages/admin/SchedulePage.jsx,4991,/admin/protocols/job-card/products?q=${…}
client/src/pages/admin/SchedulePage.jsx,5012,/admin/protocols/job-card/mix?serviceId=${…}&productId=${…}&gallons=${…}
client/src/pages/admin/SchedulePage.jsx,5248,/admin/protocols/job-card/${…}
client/src/pages/admin/SchedulePage.jsx,5299,/admin/customers/${…}/turf-profile
client/src/pages/admin/SchedulePage.jsx,5332,/admin/protocols/photos/relevant?serviceType=${…}&month=${…}
client/src/pages/admin/SchedulePage.jsx,5340,/admin/protocols/seasonal-index?month=${…}&service_line=${…}
client/src/pages/admin/SchedulePage.jsx,5342,/admin/protocols/scripts?service_line=${…}
client/src/pages/admin/SchedulePage.jsx,5343,/admin/protocols/equipment?service_line=${…}
client/src/pages/admin/SchedulePage.jsx,5345,/admin/protocols/programs?track=${…}
client/src/pages/admin/SchedulePage.jsx,5349,/admin/protocols/lawn-mix?track=${…}&month=${…}&lawnSqft=${…}
client/src/pages/admin/SchedulePage.jsx,5354,/admin/protocols/match?serviceType=${…}
client/src/pages/admin/SchedulePage.jsx,6861,/admin/dispatch/${…}/reschedule-options
client/src/pages/admin/SchedulePage.jsx,6956,/admin/dispatch/${…}/reschedule
client/src/pages/admin/SchedulePage.jsx,8280,/admin/lawn-assessment/history/${…}
client/src/pages/admin/SchedulePage.jsx,8349,/admin/lawn-assessment/service/${…}
client/src/pages/admin/SchedulePage.jsx,8423,/admin/lawn-assessment/assess
client/src/pages/admin/SchedulePage.jsx,8466,/admin/lawn-assessment/confirm
client/src/pages/admin/SchedulePage.jsx,10124,/admin/dispatch/${…}/recap-media
client/src/pages/admin/SchedulePage.jsx,10144,/admin/dispatch/${…}/recap-media/presign
client/src/pages/admin/SchedulePage.jsx,10149,/admin/dispatch/${…}/recap-media/${…}/confirm
client/src/pages/admin/SchedulePage.jsx,10161,/admin/dispatch/${…}/recap-media/${…}
client/src/pages/admin/SchedulePage.jsx,10227,/admin/dispatch/${…}/recap-video
client/src/pages/admin/SchedulePage.jsx,10233,/admin/dispatch/${…}/recap-video
client/src/pages/admin/SchedulePage.jsx,10247,${…}/admin/dispatch/${…}/recap-video/file
client/src/pages/admin/SchedulePage.jsx,10261,/admin/dispatch/${…}/recap-video/${…}
client/src/pages/admin/SchedulePage.jsx,10383,/admin/customers/${…}
client/src/pages/admin/SchedulePage.jsx,10422,/admin/payers/${…}
client/src/pages/admin/SchedulePage.jsx,10446,/admin/customers/${…}/turf-profile
client/src/pages/admin/SchedulePage.jsx,10752,/admin/dispatch/${…}/property-map
client/src/pages/admin/SchedulePage.jsx,11173,/admin/dispatch/${…}/tech-rating-allowed
client/src/pages/admin/SchedulePage.jsx,11507,/admin/dispatch/${…}/reentry-defaults?applicationsRecorded=${…}
client/src/pages/admin/SchedulePage.jsx,11591,/admin/dispatch/${…}/tree-shrub/assess-preview
client/src/pages/admin/SchedulePage.jsx,12149,/admin/schedule/next-visit?customerId=${…}
client/src/pages/admin/SchedulePage.jsx,12181,/admin/dispatch/${…}/tech-tips
client/src/pages/admin/SchedulePage.jsx,12232,/admin/protocols/completion-actions?${…}
client/src/pages/admin/SchedulePage.jsx,12276,/admin/treatment-plans/${…}
client/src/pages/admin/SchedulePage.jsx,13068,/admin/dispatch/recap-preview
client/src/pages/admin/SchedulePage.jsx,13161,/admin/dispatch/recap-preview
client/src/pages/admin/SchedulePage.jsx,14080,/admin/dispatch/${…}/completion-status?idempotencyKey=${…}
client/src/pages/admin/SchedulePage.jsx,15444,/admin/dispatch/${…}/photo-analysis/draft
client/src/pages/admin/SchedulePage.jsx,15963,/admin/customers?customerId=${…}
client/src/pages/admin/SchedulePage.jsx,18228,/admin/customers?customerId=${…}
client/src/pages/admin/ServiceLibraryPage.jsx,5,../../components/admin/AdminCommandHeader
client/src/pages/admin/ServiceLibraryPage.jsx,8,../../components/admin/MobileServiceLibrary
client/src/pages/admin/ServiceLibraryPage.jsx,58,/admin/services?${…}${…}limit=500&offset=${…}
client/src/pages/admin/ServiceLibraryPage.jsx,1026,/admin/services/${…}
client/src/pages/admin/ServiceLibraryPage.jsx,1035,/admin/services/${…}
client/src/pages/admin/ServiceLibraryPage.jsx,1049,/admin/services/${…}
client/src/pages/admin/ServiceLibraryPage.jsx,1392,/admin/services/${…}
client/src/pages/admin/ServiceLibraryPage.jsx,1517,/admin/service-library
client/src/pages/admin/ServiceLibraryPage.jsx,1664,/admin/services
client/src/pages/admin/SettingsPage.jsx,22,../../components/admin/AdminCommandHeader
client/src/pages/admin/SettingsPage.jsx,23,../../components/admin/IntegrationHealthSection
client/src/pages/admin/SettingsPage.jsx,24,../../components/admin/PortalUsageTab
client/src/pages/admin/SettingsPage.jsx,59,/admin/login
client/src/pages/admin/SettingsPage.jsx,210,/admin/settings
client/src/pages/admin/SettingsPage.jsx,253,/admin/settings
client/src/pages/admin/SettingsPage.jsx,262,/admin/auth/me
client/src/pages/admin/SettingsPage.jsx,290,/admin/more
client/src/pages/admin/SettingsPage.jsx,468,/admin/change-password
client/src/pages/admin/SettingsPage.jsx,543,/admin/settings/pest-pressure
client/src/pages/admin/SettingsPage.jsx,913,/admin/settings/visit-timeline
client/src/pages/admin/SettingsPage.jsx,925,/admin/settings/visit-timeline
client/src/pages/admin/SettingsPage.jsx,942,/admin/settings/visit-timeline/reset
client/src/pages/admin/SettingsPage.jsx,1037,/admin/revenue/settings
client/src/pages/admin/SettingsPage.jsx,1070,/admin/revenue/settings
client/src/pages/admin/SettingsPage.jsx,1189,/admin/kpi-targets
client/src/pages/admin/SettingsPage.jsx,1242,/admin/kpi-targets
client/src/pages/admin/SettingsPage.jsx,1251,/admin/kpi-targets
client/src/pages/admin/SettingsPage.jsx,1432,/admin/communications/link-library
client/src/pages/admin/SettingsPage.jsx,1456,/admin/communications/link-library/sync
client/src/pages/admin/SettingsPage.jsx,1476,/admin/communications/link-library
client/src/pages/admin/SettingsPage.jsx,1493,/admin/communications/link-library/${…}
client/src/pages/admin/SettingsPage.jsx,1740,/admin/schedule/blackout-dates
client/src/pages/admin/SettingsPage.jsx,1762,/admin/schedule/blackout-dates/weekly
client/src/pages/admin/SettingsPage.jsx,1781,/admin/schedule/blackout-dates
client/src/pages/admin/SettingsPage.jsx,1801,/admin/schedule/blackout-dates/${…}
client/src/pages/admin/SettingsPage.jsx,1954,/admin/settings/service-coverage
client/src/pages/admin/SettingsPage.jsx,1973,/admin/settings/service-coverage
client/src/pages/admin/SettingsPage.jsx,1990,/admin/settings/service-coverage/reset
client/src/pages/admin/SettingsPage.jsx,2279,/admin/gbp/locations
client/src/pages/admin/SettingsPage.jsx,2290,/admin/settings/google/auth-url?location=${…}
client/src/pages/admin/SettingsPage.jsx,2402,/admin/settings/linkedin/status
client/src/pages/admin/SettingsPage.jsx,2412,/admin/settings/linkedin/auth-url
client/src/pages/admin/SettingsPage.jsx,2542,/admin/auth/me
client/src/pages/admin/SocialMediaPage.jsx,15,../../components/admin/AdminCommandHeader
client/src/pages/admin/SocialMediaPage.jsx,238,/admin/social-media/status
client/src/pages/admin/SocialMediaPage.jsx,239,/admin/social-media/stats
client/src/pages/admin/SocialMediaPage.jsx,240,/admin/social-media/history?limit=20
client/src/pages/admin/SocialMediaPage.jsx,243,/admin/social-media/health
client/src/pages/admin/SocialMediaPage.jsx,244,/admin/social-media/alerts
client/src/pages/admin/SocialMediaPage.jsx,348,/admin/social-media/alerts
client/src/pages/admin/SocialMediaPage.jsx,417,/admin/social-media/pause
client/src/pages/admin/SocialMediaPage.jsx,544,/admin/social-media/health?force=1
client/src/pages/admin/SocialMediaPage.jsx,730,/admin/social-media/autonomous/status
client/src/pages/admin/SocialMediaPage.jsx,742,/admin/social-media/autonomous/run
client/src/pages/admin/SocialMediaPage.jsx,864,/admin/social-media/autonomous/runs?limit=30
client/src/pages/admin/SocialMediaPage.jsx,877,/admin/social-media/autonomous/run
client/src/pages/admin/SocialMediaPage.jsx,896,/admin/social-media/autonomous/runs/${…}/approve
client/src/pages/admin/SocialMediaPage.jsx,915,/admin/social-media/autonomous/runs/${…}/reject
client/src/pages/admin/SocialMediaPage.jsx,1287,/admin/social-media/campaign-builder/preview
client/src/pages/admin/SocialMediaPage.jsx,1304,/admin/social-media/campaign-builder/save
client/src/pages/admin/SocialMediaPage.jsx,1494,/admin/social-media/review-graphics?limit=30
client/src/pages/admin/SocialMediaPage.jsx,1507,/admin/social-media/review-graphics
client/src/pages/admin/SocialMediaPage.jsx,1527,/admin/social-media/review-graphics/${…}/approve
client/src/pages/admin/SocialMediaPage.jsx,1700,/admin/social-media/competitor-swipe
client/src/pages/admin/SocialMediaPage.jsx,1715,/admin/social-media/competitor-swipe/posts
client/src/pages/admin/SocialMediaPage.jsx,1941,/admin/social-media/preview
client/src/pages/admin/SocialMediaPage.jsx,1957,/admin/social-media/publish
client/src/pages/admin/SocialMediaPage.jsx,2173,/admin/social-media/rss
client/src/pages/admin/SocialMediaPage.jsx,2184,/admin/social-media/check-rss
client/src/pages/admin/SocialMediaPage.jsx,2190,/admin/social-media/rss
client/src/pages/admin/SocialMediaPage.jsx,2473,/admin/social-media/analytics
client/src/pages/admin/SourcePerformanceCard.jsx,30,/admin/estimates/source-performance?days=${…}
client/src/pages/admin/TaxPage.jsx,19,../../components/admin/AdminCommandHeader
client/src/pages/admin/TaxPage.jsx,242,/admin/tax/rates
client/src/pages/admin/TaxPage.jsx,379,/admin/tax/service-taxability
client/src/pages/admin/TaxPage.jsx,400,/admin/tax/service-taxability/${…}
client/src/pages/admin/TaxPage.jsx,506,/admin/tax/equipment
client/src/pages/admin/TaxPage.jsx,533,/admin/tax/equipment/${…}
client/src/pages/admin/TaxPage.jsx,546,/admin/tax/equipment
client/src/pages/admin/TaxPage.jsx,567,/admin/tax/equipment
client/src/pages/admin/TaxPage.jsx,973,/admin/tax/expenses/auto-categorize
client/src/pages/admin/TaxPage.jsx,993,/admin/tax/expenses?year=${…}
client/src/pages/admin/TaxPage.jsx,994,/admin/tax/expense-categories
client/src/pages/admin/TaxPage.jsx,1009,/admin/tax/expenses
client/src/pages/admin/TaxPage.jsx,1348,/admin/tax/filings
client/src/pages/admin/TaxPage.jsx,1381,/admin/tax/filings/${…}
client/src/pages/admin/TaxPage.jsx,1596,/admin/tax/advisor/reports
client/src/pages/admin/TaxPage.jsx,1605,/admin/tax/advisor/alerts?status=${…}
client/src/pages/admin/TaxPage.jsx,1616,/admin/tax/advisor/run
client/src/pages/admin/TaxPage.jsx,1617,/admin/tax/advisor/reports
client/src/pages/admin/TaxPage.jsx,1620,/admin/tax/advisor/alerts?status=new
client/src/pages/admin/TaxPage.jsx,1631,/admin/tax/advisor/alerts/${…}
client/src/pages/admin/TaxPage.jsx,1636,/admin/tax/advisor/alerts?status=${…}
client/src/pages/admin/TaxPage.jsx,2174,/admin/tax/exemptions
client/src/pages/admin/TaxPage.jsx,2288,/admin/tax/mileage?limit=200
client/src/pages/admin/TaxPage.jsx,2289,/admin/tax/mileage?limit=200&purpose=${…}
client/src/pages/admin/TaxPage.jsx,2295,/admin/tax/mileage/stats
client/src/pages/admin/TaxPage.jsx,2328,/admin/tax/mileage/bulk-classify
client/src/pages/admin/TaxPage.jsx,2351,/admin/tax/mileage/sync-bouncie
client/src/pages/admin/TaxPage.jsx,2367,/admin/tax/mileage
client/src/pages/admin/TaxPage.jsx,2827,/admin/tax/revenue/reconcile?month=${…}
client/src/pages/admin/TaxPage.jsx,2831,/admin/tax/revenue/quarterly-estimate?quarter=${…}&year=${…}
client/src/pages/admin/TaxPage.jsx,3037,/admin/tax/pnl?period=${…}
client/src/pages/admin/TaxPage.jsx,3071,/admin/revenue/settings
client/src/pages/admin/TaxPage.jsx,3084,${…}/admin/tax/export/pnl?period=${…}
client/src/pages/admin/TaxPage.jsx,3486,${…}/admin/tax/export/${…}
client/src/pages/admin/TaxPage.jsx,3751,/admin/tax/accounts-receivable
client/src/pages/admin/TaxPage.jsx,3776,/admin/sms/send
client/src/pages/admin/TaxPage.jsx,4099,/admin/tax/bank-import/transactions?limit=200&offset=${…}${…}
client/src/pages/admin/TaxPage.jsx,4118,/admin/tax/bank-import/status
client/src/pages/admin/TaxPage.jsx,4122,/admin/tax/bank-import/coverage?year=${…}
client/src/pages/admin/TaxPage.jsx,4128,/admin/tax/expense-categories
client/src/pages/admin/TaxPage.jsx,4169,/admin/tax/bank-import/upload
client/src/pages/admin/TaxPage.jsx,4224,/admin/tax/bank-import/upload
client/src/pages/admin/TaxPage.jsx,4302,/admin/tax/bank-import/match
client/src/pages/admin/TaxPage.jsx,4327,/admin/tax/bank-import/suggest
client/src/pages/admin/TaxPage.jsx,4506,/admin/tax/bank-import/${…}/expense-candidates?offset=${…}
client/src/pages/admin/TaxPage.jsx,4559,/admin/tax/bank-import/${…}/refund-candidates?offset=${…}
client/src/pages/admin/TaxPage.jsx,4565,/admin/tax/bank-import/${…}/payout-candidates
client/src/pages/admin/TaxPage.jsx,4629,/admin/tax/bank-import/${…}/link-expense
client/src/pages/admin/TaxPage.jsx,4654,/admin/tax/bank-import/${…}/apply-refund
client/src/pages/admin/TaxPage.jsx,4655,/admin/tax/bank-import/${…}/link-payout
client/src/pages/admin/TaxPage.jsx,4699,/admin/tax/bank-import/${…}/create-expense
client/src/pages/admin/TaxPage.jsx,4718,/admin/tax/bank-import/${…}/ignore
client/src/pages/admin/TaxPage.jsx,4731,/admin/tax/bank-import/${…}/unignore
client/src/pages/admin/TaxPage.jsx,4746,/admin/tax/bank-import/${…}/unlink
client/src/pages/admin/TaxPage.jsx,4760,/admin/tax/bank-import/${…}/unlink
client/src/pages/admin/TaxPage.jsx,4804,/admin/tax/bank-import/status
client/src/pages/admin/TaxPage.jsx,4807,/admin/tax/dashboard
client/src/pages/admin/TaxPage.jsx,4810,/admin/tax/pnl?period=mtd
client/src/pages/admin/TaxPage.jsx,4813,/admin/tax/accounts-receivable
client/src/pages/admin/TimeTrackingPage.jsx,13,../../components/admin/AdminCommandHeader
client/src/pages/admin/TimeTrackingPage.jsx,295,/admin/timetracking
client/src/pages/admin/TimeTrackingPage.jsx,757,/admin/timetracking/daily?startDate=${…}&endDate=${…}
client/src/pages/admin/TimeTrackingPage.jsx,759,/admin/timetracking
client/src/pages/admin/TimeTrackingPage.jsx,782,/admin/timetracking/entries?technicianId=${…}&startDate=${…}&endDate=${…}
client/src/pages/admin/TimeTrackingPage.jsx,794,${…}/admin/timesheets/export?weekStart=${…}
client/src/pages/admin/TimeTrackingPage.jsx,1149,/admin/timetracking/entries?${…}
client/src/pages/admin/TimeTrackingPage.jsx,1164,/admin/timetracking
client/src/pages/admin/TimeTrackingPage.jsx,1173,/admin/timetracking/entries/${…}
client/src/pages/admin/TimeTrackingPage.jsx,1189,/admin/timetracking/entries/${…}
client/src/pages/admin/TimeTrackingPage.jsx,1788,/admin/timetracking/analytics?startDate=${…}&endDate=${…}
client/src/pages/admin/TimeTrackingPage.jsx,1791,/admin/timetracking/analytics/comparison?startDate=${…}&endDate=${…}
client/src/pages/admin/TimeTrackingPage.jsx,2417,${…}/admin/timetracking/technicians/${…}/photo
client/src/pages/admin/TimeTrackingPage.jsx,2438,/admin/timetracking/technicians
client/src/pages/admin/TimeTrackingPage.jsx,2455,/admin/timetracking/technicians/${…}
client/src/pages/admin/TimeTrackingPage.jsx,2470,/admin/timetracking/technicians
client/src/pages/admin/TimeTrackingPage.jsx,2489,/admin/timetracking/technicians/${…}
client/src/pages/admin/TimeTrackingPage.jsx,2507,/admin/timetracking/technicians/${…}
client/src/pages/admin/TimeTrackingPage.jsx,3394,/admin/timetracking/technicians/${…}/capabilities
client/src/pages/admin/TimeTrackingPage.jsx,3447,/admin/timetracking/technicians/${…}/capabilities
client/src/pages/admin/TimeTrackingPage.jsx,3706,/admin/timetracking/technicians/${…}/earnings?period=this-week
client/src/pages/admin/TimeTrackingPage.jsx,3709,/admin/timetracking/technicians/${…}/earnings?period=last-week
client/src/pages/admin/TimeTrackingPage.jsx,3981,/admin/timetracking/technicians
client/src/pages/admin/TimeTrackingPage.jsx,3995,/admin/timetracking/documents?${…}
client/src/pages/admin/TimeTrackingPage.jsx,4026,${…}/admin/timetracking/documents/upload
client/src/pages/admin/TimeTrackingPage.jsx,4052,/admin/timetracking/documents/${…}/download
client/src/pages/admin/TimeTrackingPage.jsx,4063,/admin/timetracking/documents/${…}
client/src/pages/admin/TimeTrackingPage.jsx,4075,/admin/timetracking/documents/${…}
client/src/pages/admin/TimeTrackingPage.jsx,4803,/admin/timesheets/pending?weekStart=${…}
client/src/pages/admin/TimeTrackingPage.jsx,4828,/admin/timesheets/week-detail?technicianId=${…}&weekStart=${…}
client/src/pages/admin/TimeTrackingPage.jsx,4857,/admin/timesheets/approve
client/src/pages/admin/TimeTrackingPage.jsx,4877,/admin/timesheets/bulk-approve
client/src/pages/admin/TimeTrackingPage.jsx,4905,/admin/timesheets/unlock
client/src/pages/admin/TimeTrackingPage.jsx,4920,/admin/timesheets/dispute
client/src/pages/admin/TimeTrackingPage.jsx,4933,${…}/admin/timesheets/export?weekStart=${…}
client/src/pages/admin/ToolHealthPage.jsx,3,../../components/admin/AdminCommandHeader
client/src/pages/admin/ToolHealthPage.jsx,4,../../components/admin/IntegrationHealthSection
client/src/pages/admin/ToolHealthPage.jsx,90,/admin/tool-health?hours=${…}
client/src/pages/admin/ToolHealthPage.jsx,105,/admin/auth/me
client/src/pages/admin/TriageInboxTabV2.jsx,16,../../components/admin/AuthenticatedCallAudio
client/src/pages/admin/TriageInboxTabV2.jsx,340,/admin/triage/auto-routed
client/src/pages/admin/TriageInboxTabV2.jsx,341,/admin/triage?status=${…}${…}
client/src/pages/admin/TriageInboxTabV2.jsx,361,/admin/triage/${…}/verdict
client/src/pages/admin/TriageInboxTabV2.jsx,362,/admin/triage/auto-routed/${…}/verdict
client/src/pages/admin/TriageInboxTabV2.jsx,404,/admin/triage/${…}/dismiss
client/src/pages/admin/TriageInboxTabV2.jsx,438,/admin/triage/${…}/resolve
client/src/pages/admin/TriageInboxTabV2.jsx,462,/admin/triage/${…}/apply-property-roles
client/src/pages/admin/TurfHeightReviewPage.jsx,4,../../components/admin/AdminCommandHeader
client/src/pages/admin/TurfHeightReviewPage.jsx,46,/admin/turf-height/review
client/src/pages/admin/TurfHeightReviewPage.jsx,58,/admin/turf-height/${…}/resolve
client/src/pages/admin/WinLossSlicesCard.jsx,18,/admin/estimates/win-loss-slices?days=${…}
client/src/pages/admin/_DesignSystemFlagsPage.jsx,83,/admin/feature-flags/all
client/src/pages/admin/_DesignSystemFlagsPage.jsx,84,/admin/feature-flags/visual-service-notes
client/src/pages/admin/_DesignSystemFlagsPage.jsx,105,/admin/feature-flags/toggle
client/src/pages/admin/_DesignSystemFlagsPage.jsx,142,/admin/feature-flags/visual-service-notes
client/src/pages/admin/agents/AgentControlCenterTab.jsx,42,/admin/agents/control/lanes?${…}
client/src/pages/admin/agents/AgentControlCenterTab.jsx,67,/admin/agents?tab=activity
client/src/pages/admin/agents/PickModelDialog.jsx,71,/admin/agents/models/search?q=${…}&providers=${…}&cap=${…}
client/src/pages/admin/agents/PickModelDialog.jsx,93,/admin/agents/models/probe
client/src/pages/admin/pipeline/DuplicateCleanupQueue.jsx,91,/admin/pipeline/opportunities/reviewed-history?limit=8
client/src/pages/admin/pipeline/DuplicateCleanupQueue.jsx,107,/admin/pipeline/opportunities/reviewed-history?limit=8
client/src/pages/admin/pipeline/DuplicateCleanupQueue.jsx,132,/admin/pipeline/opportunities/reviewed-history/reopen
client/src/pages/admin/pipeline/DuplicateCleanupQueue.jsx,304,/admin/pipeline/opportunities/${…}/link-candidates
client/src/pages/admin/pipeline/DuplicateCleanupQueue.jsx,336,/admin/pipeline/opportunities/link
client/src/pages/admin/pipeline/DuplicateCleanupQueue.jsx,357,/admin/pipeline/opportunities/${…}/dismiss-duplicate-risk
client/src/pages/admin/pipeline/OpportunityActions.jsx,29,/admin/estimates?${…}
client/src/pages/admin/pipeline/OpportunityActions.jsx,37,/admin/communications${…}
client/src/pages/admin/pipeline/OpportunityActions.jsx,133,/admin/schedule
client/src/pages/admin/pipeline/OpportunityActions.jsx,135,/admin/estimates?tab=estimates
client/src/pages/admin/pipeline/OpportunityActions.jsx,135,/admin/leads
client/src/pages/admin/pipeline/OpportunityActions.jsx,137,/admin/estimates
client/src/pages/admin/pipeline/OpportunityActions.jsx,143,/admin/leads
client/src/pages/admin/pipeline/OpportunityActions.jsx,144,/admin/estimates?tab=estimates
client/src/pages/admin/pipeline/OpportunityActions.jsx,145,/admin/customers?customerId=${…}
client/src/pages/admin/pipeline/OpportunityActions.jsx,154,/admin/estimates?tab=estimates
client/src/pages/admin/pipeline/OpportunityActions.jsx,243,/admin/pipeline/opportunities/${…}/link-candidates
client/src/pages/admin/pipeline/OpportunityActions.jsx,268,/admin/estimates/${…}/follow-up
client/src/pages/admin/pipeline/OpportunityActions.jsx,272,/admin/estimates/${…}/send
client/src/pages/admin/pipeline/OpportunityActions.jsx,282,/admin/estimates/${…}/mark-accepted
client/src/pages/admin/pipeline/OpportunityActions.jsx,289,/admin/estimates/${…}/mark-accepted
client/src/pages/admin/pipeline/OpportunityActions.jsx,299,/admin/estimates/${…}
client/src/pages/admin/pipeline/OpportunityActions.jsx,306,/admin/estimates/${…}/extend
client/src/pages/admin/pipeline/OpportunityActions.jsx,313,/admin/leads/${…}/lost
client/src/pages/admin/pipeline/OpportunityActions.jsx,320,/admin/pipeline/opportunities/link
client/src/pages/admin/pipeline/OpportunityActions.jsx,344,/admin/pipeline/opportunities/history?${…}
client/src/pages/admin/pipeline/UnifiedPipelineView.jsx,231,/admin/pipeline/saved-views
client/src/pages/admin/pipeline/UnifiedPipelineView.jsx,258,/admin/pipeline/saved-views
client/src/pages/admin/pipeline/UnifiedPipelineView.jsx,279,/admin/pipeline/saved-views/${…}
client/src/pages/admin/pipeline/UnifiedPipelineView.jsx,320,/admin/pipeline/opportunities?${…}
client/src/pages/admin/pipeline/UnifiedPipelineView.jsx,390,/admin/estimates?tab=new
client/src/pages/admin/pipeline/UnifiedPipelineView.jsx,398,/admin/pipeline
client/src/pages/admin/pipeline/UnifiedPipelineView.jsx,404,/admin/estimates
client/src/pages/admin/pipeline/UnifiedPipelineView.jsx,410,/admin/leads
client/src/pages/tech/TechEstimatorPage.jsx,13,/admin/estimates?tab=new
client/src/pages/tech/TechHomePage.jsx,70,../admin/ProjectsPage
client/src/pages/tech/TechHomePage.jsx,135,/admin/dispatch?tab=schedule&completeService=${…}
client/src/pages/tech/TechHomePage.jsx,256,${…}/api/admin/schedule?date=${…}
client/src/pages/tech/TechHomePage.jsx,443,/admin/schedule/${…}/estimate-source
client/src/pages/tech/TechHomePage.jsx,444,/admin/schedule/${…}/visit-brief
client/src/pages/tech/TechHomePage.jsx,498,${…}/api/admin/projects/types
client/src/pages/tech/TechProtocolsPage.jsx,98,/api/admin/protocols/photos/relevant?serviceType=${…}&month=${…}
client/src/pages/tech/TechProtocolsPage.jsx,100,/api/admin/protocols/photos
client/src/pages/tech/TechProtocolsPage.jsx,104,/api/admin/protocols/scripts?service_line=${…}
client/src/pages/tech/TechProtocolsPage.jsx,105,/api/admin/protocols/scripts
client/src/pages/tech/TechProtocolsPage.jsx,108,/api/admin/protocols/equipment?service_line=${…}
client/src/pages/tech/TechProtocolsPage.jsx,109,/api/admin/protocols/equipment
client/src/utils/admin-fetch.js,59,/admin/login
scripts/check-portal-brand.js,59,/admin/
scripts/qa/e2e.js,100,${…}/admin/login
scripts/qa/e2e.js,103,/api/admin/auth/login
scripts/qa/e2e.js,107,${…}/api/admin/auth/login
scripts/qa/e2e.js,108,${…}/api/admin/settings
scripts/qa/e2e.js,109,${…}/api/admin/settings
scripts/qa/e2e.js,125,${…}/api/admin/settings
scripts/qa/e2e.js,150,${…}/api/admin/dispatch/${…}/reschedule
scripts/qa/e2e.js,157,${…}/api/admin/dispatch/${…}/reschedule
scripts/qa/e2e.js,182,${…}/api/admin/dispatch/${…}/complete
scripts/qa/e2e.js,189,${…}/api/admin/dispatch/${…}/complete
server/index.js,346,/api/admin/auth/login
server/index.js,428,/api/admin/auth
server/index.js,458,/api/admin
server/index.js,537,/api/admin/auth
server/index.js,538,/api/admin/push
server/index.js,539,/api/admin/visits
server/index.js,540,/api/admin/intelligence-bar
server/index.js,541,/api/admin/agent-estimate
server/index.js,542,/api/admin/tool-health
server/index.js,543,/api/admin/customers/intelligence
server/index.js,547,/api/admin/customers
server/index.js,548,/api/admin/customers
server/index.js,549,/api/admin/customer-duplicates
server/index.js,550,/api/admin/dashboard
server/index.js,551,/api/admin/kpi-targets
server/index.js,552,/api/admin/usage
server/index.js,553,/api/admin/command-center
server/index.js,554,/api/admin/feature-flags
server/index.js,555,/api/admin/turf-height
server/index.js,556,/api/admin/estimates
server/index.js,557,/api/admin/service-outlines
server/index.js,558,/api/admin/estimates
server/index.js,559,/api/admin/pipeline
server/index.js,560,/api/admin/lookup
server/index.js,579,/api/admin/reviews
server/index.js,580,/api/admin/settings
server/index.js,581,/api/admin/backlink-agent
server/index.js,582,/api/admin/import
server/index.js,583,/api/admin/estimator
server/index.js,584,/api/admin/referrals
server/index.js,586,/api/admin/dispatch
server/index.js,587,/api/admin/auto-dispatch
server/index.js,589,/api/admin/dev
server/index.js,590,/api/admin/dev
server/index.js,591,/api/admin/dev
server/index.js,593,/api/admin/communications
server/index.js,594,/api/admin/communications
server/index.js,595,/api/admin/email-templates
server/index.js,596,/api/admin/notification-events
server/index.js,597,/api/admin/newsletter
server/index.js,639,/api/admin/credentials
server/index.js,640,/api/admin/seo-diagnosis
server/index.js,661,/api/admin/inventory
server/index.js,662,/api/admin/price-match
server/index.js,663,/api/admin/price-change
server/index.js,664,/api/admin/compliance
server/index.js,665,/api/admin/workflows
server/index.js,666,/api/admin/ads
server/index.js,667,/api/admin/seo/actions
server/index.js,668,/api/admin/seo/url-intelligence
server/index.js,669,/api/admin/seo
server/index.js,670,/api/admin/content-registry
server/index.js,671,/api/admin/content
server/index.js,672,/api/admin/knowledge
server/index.js,673,/api/admin/csr
server/index.js,687,/api/admin/protocols
server/index.js,688,/api/admin/revenue
server/index.js,689,/api/admin/schedule/find-time
server/index.js,690,/api/admin/schedule
server/index.js,694,/api/admin/technicians
server/index.js,703,/api/admin/data-hygiene
server/index.js,704,/api/admin/agents
server/index.js,705,/api/admin/agent-decisions
server/index.js,706,/api/admin/drafts
server/index.js,707,/api/admin/gbp
server/index.js,708,/api/admin/automations
server/index.js,709,/api/admin/social-media
server/index.js,710,/api/admin/call-recordings
server/index.js,711,/api/admin/triage
server/index.js,713,/api/admin/contracts
server/index.js,714,/api/admin/document-templates
server/index.js,715,/api/admin/invoices
server/index.js,716,/api/admin/billing-recovery
server/index.js,717,/api/admin/payers
server/index.js,718,/api/admin/job-forms
server/index.js,719,/api/admin/job-costs
server/index.js,720,/api/admin/job-expenses
server/index.js,721,/api/admin/projects
server/index.js,729,/api/admin/tax
server/index.js,730,/api/admin/pricing
server/index.js,731,/api/admin/lawn-assessment
server/index.js,733,/api/admin/photo-assessments
server/index.js,735,/api/admin/careers
server/index.js,736,/api/admin/knowledge-bridge
server/index.js,737,/api/admin/assessment-analytics
server/index.js,738,/api/admin/treatment-plans
server/index.js,739,/api/admin/equipment
server/index.js,740,/api/admin/equipment-systems
server/index.js,741,/api/admin/analytics
server/index.js,742,/api/admin/token-health
server/index.js,743,/api/admin/integrations
server/index.js,753,/api/admin/kb
server/index.js,754,/api/admin/notifications
server/index.js,757,/api/admin/payments
server/index.js,759,/api/admin/review-requests
server/index.js,760,/api/admin/requests
server/index.js,761,/api/admin/wiki
server/index.js,762,/api/admin/health
server/index.js,763,/api/admin/timetracking
server/index.js,764,/api/admin/timesheets
server/index.js,766,/api/admin/leads
server/index.js,767,/api/admin/equipment-maintenance
server/index.js,768,/api/admin/ical-history
server/index.js,769,/api/admin/mileage
server/index.js,770,/api/admin/compliance-v2
server/index.js,771,/api/admin/services
server/index.js,772,/api/admin/discounts
server/index.js,773,/api/admin/banking
server/index.js,774,/api/admin/dashboard-ops
server/index.js,775,/api/admin/sms-templates
server/index.js,776,/api/admin/email
server/index.js,777,/api/admin/pricing-config
server/index.js,778,/api/admin/pest-pressure
server/index.js,779,/api/admin/pricing-proposals
server/index.js,780,/api/admin/pricing-reality-check
server/index.js,789,/api/admin/geofence
server/index.js,790,/api/admin
server/index.js,836,/admin
server/middleware/admin-auth.js,22,/api/admin/auth/me
server/middleware/admin-auth.js,23,/api/admin/auth/change-password
server/middleware/staff-maintenance.js,5,/api/admin
server/middleware/staff-maintenance.js,12,/api/ai/admin
server/routes/admin-agents.js,24,/admin/leads
server/routes/admin-agents.js,31,/admin/seo
server/routes/admin-agents.js,38,/admin/ppc
server/routes/admin-agents.js,45,/admin/reviews
server/routes/admin-agents.js,52,/admin/seo
server/routes/admin-agents.js,59,/admin/agents?tab=dispatch
server/routes/admin-agents.js,66,/admin/pricing-logic
server/routes/admin-agents.js,265,/admin/agents/tasks/${…}/state
server/routes/admin-agents.js,377,/admin/agents?tab=decisions
server/routes/admin-agents.js,416,/admin/communications
server/routes/admin-agents.js,474,/admin/leads?search=${…}
server/routes/admin-agents.js,475,/admin/leads
server/routes/admin-agents.js,481,/admin/agents/leads/${…}/draft-response
server/routes/admin-agents.js,490,/admin/communications?phone=${…}&action=sms
server/routes/admin-agents.js,497,/admin/agents/leads/${…}/mark-contacted
server/routes/admin-agents.js,505,/admin/agents/leads/${…}/schedule-follow-up
server/routes/admin-agents.js,647,/admin/content-engine
server/routes/admin-agents.js,676,/admin/seo
server/routes/admin-agents.js,737,/admin/ppc
server/routes/admin-agents.js,773,/admin/reviews
server/routes/admin-agents.js,781,/admin/agents/reviews/${…}/draft-response
server/routes/admin-agents.js,789,/admin/reviews
server/routes/admin-agents.js,857,/admin/dispatch
server/routes/admin-agents.js,887,/admin/agents?tab=dispatch&run=${…}
server/routes/admin-agents.js,915,/admin/pricing-logic
server/routes/admin-agents.js,1493,/admin/communications?${…}
server/routes/admin-agents.js,1575,/admin/reviews
server/routes/admin-command-center.js,62,/admin/customers?customerId=${…}
server/routes/admin-command-center.js,66,/admin/dispatch?job=${…}
server/routes/admin-command-center.js,70,/admin/estimates?estimateId=${…}
server/routes/admin-command-center.js,74,/admin/leads?leadId=${…}
server/routes/admin-command-center.js,78,/admin/invoices?search=${…}
server/routes/admin-command-center.js,86,/admin/dispatch?tab=schedule&date=${…}
server/routes/admin-command-center.js,387,/admin/communications?customerId=${…}
server/routes/admin-command-center.js,387,/admin/communications
server/routes/admin-command-center.js,495,/admin/dashboard
server/routes/admin-communications.js,1125,/admin/communications
server/routes/admin-communications.js,1337,/admin/communications
server/routes/admin-customers.js,3614,/admin/customers?customerId=${…}
server/routes/admin-customers.js,4105,/admin/customers?customerId=${…}
server/routes/admin-dispatch.js,2558,/admin/customers/${…}
server/routes/admin-dispatch.js,2574,/admin/customers/${…}
server/routes/admin-email.js,97,${…}/admin/email
server/routes/admin-estimates.js,801,/admin/estimates
server/routes/admin-estimates.js,1485,/admin/estimates?estimateId=${…}
server/routes/admin-estimates.js,1929,/admin/estimates?estimateId=${…}
server/routes/admin-estimates.js,4551,/admin/dashboard
server/routes/admin-invoices.js,818,/admin/invoices
server/routes/admin-kpi-targets.js,99,/admin/kpi-targets
server/routes/admin-protocols.js,1301,/admin/dispatch?tab=schedule
server/routes/admin-protocols.js,1302,/admin/lawn-assessments?tab=field
server/routes/admin-protocols.js,1305,/admin/inventory?tab=protocols
server/routes/admin-protocols.js,1306,/admin/knowledge
server/routes/admin-protocols.js,1307,/admin/kb
server/routes/admin-protocols.js,1310,/admin/dispatch?tab=board
server/routes/admin-protocols.js,1311,/admin/compliance
server/routes/admin-push.js,306,/admin/communications#notifications
server/routes/admin-settings.js,118,${…}/admin/settings?tab=integrations&gbpOAuth=success&location=${…}
server/routes/admin-settings.js,169,${…}/admin/settings?tab=integrations&linkedinOAuth=${…}
server/routes/ai-assistant.js,230,/admin/escalations
server/routes/ai-assistant.js,249,/admin/escalations/:id
server/routes/ai-assistant.js,270,/admin/conversations
server/routes/ai-assistant.js,287,/admin/conversations/:id/messages
server/routes/ai-assistant.js,300,/admin/conversations/:id/reply
server/routes/ai-assistant.js,358,/admin/calls
server/routes/ai-assistant.js,459,/admin/calls/route-calibration
server/routes/ai-assistant.js,580,/admin/calls/:id
server/routes/ai-assistant.js,589,/admin/calls/:id/route-feedback
server/routes/ai-assistant.js,652,/admin/stats
server/routes/auth.js,594,/admin/customers
server/routes/badges.js,321,/admin/definitions
server/routes/badges.js,326,/admin/stats
server/routes/badges.js,343,/admin/customer/:customerId
server/routes/billing-v2.js,731,/admin/customers/${…}
server/routes/billing-v2.js,743,/admin/customers/${…}
server/routes/billing-v2.js,784,/admin/customers/${…}
server/routes/booking.js,2830,/admin/customers?customerId=${…}
server/routes/booking.js,3016,/admin/customers/${…}
server/routes/booking.js,3247,/admin/customers/${…}
server/routes/collections-voice-webhook.js,363,/admin/customers/${…}
server/routes/collections-voice-webhook.js,398,/admin/customers/${…}
server/routes/collections-voice-webhook.js,535,/admin/customers/${…}
server/routes/estimate-public.js,8572,/admin/estimates
server/routes/estimate-public.js,11888,/admin/customers/${…}
server/routes/estimate-public.js,11915,/admin/customers/${…}
server/routes/estimate-public.js,11926,/admin/customers/${…}
server/routes/estimate-public.js,12052,/admin/customers/${…}
server/routes/estimate-public.js,12917,/admin/customers/${…}
server/routes/estimate-public.js,12917,/admin/invoices
server/routes/estimate-public.js,12926,/admin/customers/${…}
server/routes/estimate-public.js,12926,/admin/invoices
server/routes/estimate-public.js,13578,/admin/estimates
server/routes/estimate-public.js,13853,/admin/estimates
server/routes/estimate-public.js,15910,/admin/estimates
server/routes/estimate-public.js,15964,/admin/estimates
server/routes/estimate-public.js,16200,/admin/estimates
server/routes/estimate-public.js,25020,/admin/estimates
server/routes/integrations-commitments-worker.js,64,/admin/communications#tab=owed
server/routes/lead-webhook.js,712,/admin/leads
server/routes/promotions.js,363,/admin/customers
server/routes/public-quote.js,2892,/admin/leads
server/routes/public-quote.js,3419,/admin/leads
server/routes/requests.js,679,/admin/customers?customerId=${…}
server/routes/review-gate.js,253,/admin/customers?customerId=${…}
server/routes/satisfaction.js,254,/admin/reviews
server/routes/schedule.js,527,/admin/schedule?serviceId=${…}
server/routes/service-preferences.js,190,/admin/customers?customerId=${…}
server/routes/stripe-webhook.js,1208,/admin/payers
server/routes/stripe-webhook.js,3422,/admin/revenue
server/routes/stripe-webhook.js,3456,/admin/revenue
server/routes/stripe-webhook.js,3631,/admin/revenue
server/routes/stripe-webhook.js,3661,/admin/revenue
server/routes/stripe-webhook.js,3865,/admin/invoices
server/routes/stripe-webhook.js,4779,/admin/customers/${…}
server/routes/stripe-webhook.js,5085,/admin/customers/${…}
server/routes/stripe-webhook.js,5143,/admin/banking
server/routes/stripe-webhook.js,5154,/admin/banking
server/routes/stripe-webhook.js,6499,/admin/invoices
server/routes/stripe-webhook.js,6558,/admin/payers
server/routes/stripe-webhook.js,6630,/admin/revenue
server/routes/stripe-webhook.js,6731,/admin/invoices
server/routes/stripe-webhook.js,6792,/admin/revenue
server/routes/stripe-webhook.js,6834,/admin/invoices
server/routes/stripe-webhook.js,6928,/admin/invoices
server/routes/stripe-webhook.js,7073,/admin/revenue
server/routes/stripe-webhook.js,7281,/admin/revenue
server/routes/stripe-webhook.js,7310,/admin/revenue
server/routes/stripe-webhook.js,7369,/admin/revenue
server/routes/stripe-webhook.js,7476,/admin/invoices
server/routes/stripe-webhook.js,7538,/admin/revenue
server/routes/stripe-webhook.js,7581,/admin/invoices
server/routes/stripe-webhook.js,7679,/admin/invoices
server/routes/stripe-webhook.js,7910,/admin/invoices
server/routes/twilio-voice-webhook.js,1500,/admin/communications
server/routes/twilio-voice-webhook.js,1550,/admin/communications
server/routes/twilio-voice-webhook.js,1669,/admin/communications
server/routes/twilio-voice-webhook.js,2868,/admin/communications
server/routes/twilio-voice-webhook.js,3014,/admin/communications
server/routes/twilio-voice-webhook.js,3030,/admin/communications
server/routes/twilio-webhook.js,1365,/admin/communications
server/routes/twilio-webhook.js,1408,/admin/communications
server/routes/twilio-webhook.js,1808,/admin/communications
server/routes/well-known.js,65,/admin
server/routes/well-known.js,66,/admin/*
server/services/admin-cancellation.js,1044,/admin/customers?customerId=${…}
server/services/admin-cancellation.js,2212,/admin/customers?customerId=${…}
server/services/agent-activity.js,226,/admin/blog?tab=autopilot
server/services/agent-activity.js,264,/admin/agents?tab=drafts
server/services/agent-control/sources/agent-decisions.js,114,/admin/agents?tab=decisions
server/services/agent-control/sources/agent-decisions.js,118,/admin/communications?thread=${…}
server/services/agent-control/sources/agent-decisions.js,118,/admin/communications
server/services/agent-control/sources/autonomous-runs.js,117,/admin/blog?tab=autopilot
server/services/agent-control/sources/call-log.js,192,/admin/communications#tab=calls&call=${…}
server/services/agent-control/sources/managed-sessions.js,85,/admin/agents?tab=models
server/services/agent-control/sources/message-drafts.js,74,/admin/agents?tab=drafts
server/services/agent-watchdog-liveness.js,59,/admin/agents?tab=queue
server/services/annual-prepay-renewals.js,599,/admin/customers/${…}
server/services/annual-prepay-renewals.js,599,/admin/dispatch
server/services/appointment-card-request.js,554,/admin/dispatch
server/services/appointment-card-request.js,678,/admin/schedule
server/services/appointment-card-request.js,758,/admin/schedule
server/services/appointment-card-request.js,1369,/admin/customers/${…}
server/services/appointment-card-request.js,1369,/admin/dashboard
server/services/appointment-card-request.js,2080,/admin/customers/${…}
server/services/appointment-card-request.js,2080,/admin/dispatch
server/services/appointment-card-request.js,2319,/admin/customers/${…}
server/services/appointment-card-request.js,2319,/admin/dispatch
server/services/appointment-card-request.js,2337,/admin/customers/${…}
server/services/appointment-card-request.js,2337,/admin/dispatch
server/services/appointment-card-request.js,2410,/admin/customers/${…}
server/services/appointment-card-request.js,2410,/admin/dispatch
server/services/appointment-card-request.js,2795,/admin/customers/${…}
server/services/appointment-card-request.js,2795,/admin/dispatch
server/services/appointment-card-request.js,2951,/admin/customers/${…}
server/services/appointment-card-request.js,2951,/admin/dispatch
server/services/appointment-reminders.js,205,/admin/customers/${…}
server/services/appointment-reminders.js,205,/admin/communications
server/services/appointment-reminders.js,1735,/admin/customers/${…}
server/services/appointment-reminders.js,2099,/admin/dispatch
server/services/autopay-setup-link.js,690,/admin/customers/${…}
server/services/autopay-setup-link.js,690,/admin/dashboard
server/services/autopay-sms-digest.js,188,${…}/admin/communications?tab=templates
server/services/autopay-sms-digest.js,277,/admin/communications
server/services/billing-cron.js,389,/admin/revenue
server/services/billing-cron.js,452,/admin/revenue
server/services/billing-cron.js,900,/admin/revenue
server/services/billing-cron.js,931,/admin/revenue
server/services/billing-cron.js,1185,/admin/revenue
server/services/booking-funnel-canary.js,48,/admin/schedule
server/services/call-booking-miss-watchdog.js,277,/admin/dispatch
server/services/call-commitments-watchdog.js,133,/admin/communications#tab=owed
server/services/call-commitments-watchdog.js,156,/admin/communications#tab=owed
server/services/call-ingest-watchdog.js,199,/admin/communications
server/services/call-ingest-watchdog.js,214,/admin/communications
server/services/call-processing-stall-watchdog.js,320,/admin/communications#tab=calls
server/services/call-processing-stall-watchdog.js,343,/admin/communications#tab=calls
server/services/call-recording-processor.js,705,/admin/customers/${…}
server/services/call-recording-processor.js,705,/admin/communications
server/services/call-recording-processor.js,3634,/admin/leads?lead=${…}
server/services/call-recording-processor.js,11558,/admin/leads?lead=${…}
server/services/call-recording-processor.js,11956,/admin/customers/${…}
server/services/call-recording-processor.js,11956,/admin/communications
server/services/call-recording-processor.js,14079,/admin/dispatch
server/services/cancellation-processor.js,227,/admin/customers?customerId=${…}
server/services/cancellation-resolution/actions.js,50,/admin/customers/${…}
server/services/collections/outbound-voice/collections-conversation.js,518,/admin/customers/${…}
server/services/collections/outbound-voice/collections-conversation.js,611,/admin/customers/${…}
server/services/collections/outbound-voice/collections-conversation.js,946,/admin/customers/${…}
server/services/collections/outbound-voice/collections-conversation.js,1075,/admin/customers/${…}
server/services/collections/outbound-voice/collections-conversation.js,1386,/admin/customers/${…}
server/services/collections/outbound-voice/collections-conversation.js,1427,/admin/customers/${…}
server/services/collections/outbound-voice/collections-conversation.js,1456,/admin/customers/${…}
server/services/collections/outbound-voice/collections-conversation.js,1729,/admin/customers/${…}
server/services/collections/outbound-voice/flags.js,47,/admin/customers/${…}
server/services/collections/shadow-sweep.js,138,/admin/customers/${…}
server/services/complete-scheduled-service.js,7417,/admin/customers/${…}
server/services/complete-scheduled-service.js,7877,/admin/customers/${…}
server/services/complete-scheduled-service.js,8185,/admin/customers/${…}
server/services/complete-scheduled-service.js,8256,/admin/customers/${…}
server/services/complete-scheduled-service.js,9359,/admin/customers/${…}
server/services/complete-scheduled-service.js,9377,/admin/customers/${…}
server/services/complete-scheduled-service.js,9636,/admin/customers/${…}
server/services/complete-scheduled-service.js,9646,/admin/customers/${…}
server/services/complete-scheduled-service.js,9928,/admin/customers/${…}
server/services/complete-scheduled-service.js,9928,/admin/dispatch
server/services/completion-comms-guard.js,384,/admin/communications?thread=${…}
server/services/completion-record-invariants.js,226,/admin/dispatch
server/services/completion-record-invariants.js,243,/admin/dispatch
server/services/completion-record-invariants.js,263,/admin/dispatch
server/services/completion-record-invariants.js,282,/admin/dispatch
server/services/completion-record-invariants.js,331,/admin/dispatch
server/services/completion-record-invariants.js,372,/admin/dispatch
server/services/contact-correction.js,1289,/admin/customers?customerId=${…}
server/services/contact-correction.js,1805,/admin/customers?customerId=${…}
server/services/content/autonomous-runner.js,1612,/admin/seo
server/services/content/autonomous-runner.js,1696,/admin/seo
server/services/content/autonomous-runner.js,1921,/admin/seo
server/services/content/email-approvals.js,978,/admin/seo
server/services/content/parked-run-digest.js,108,${…}/admin/blog?tab=autopilot
server/services/content/parked-run-digest.js,520,/admin/blog?tab=autopilot
server/services/content/post-publish-visibility-worker.js,260,/admin/seo
server/services/content/post-publish-visibility-worker.js,292,/admin/seo
server/services/customer-dedupe.js,1934,/admin/customers?customerId=${…}
server/services/customer-dedupe.js,1935,/admin/customers
server/services/customer-dedupe.js,2034,/admin/customers/duplicates
server/services/customer-dedupe.js,4276,/admin/customers?customerId=${…}
server/services/dashboard-alerts.js,61,/admin/dispatch?tab=schedule&date=${…}
server/services/dashboard-alerts.js,170,/admin/invoices
server/services/dashboard-alerts.js,189,/admin/invoices
server/services/dashboard-alerts.js,214,/admin/communications
server/services/dashboard-alerts.js,288,/admin/customers
server/services/dashboard-alerts.js,310,/admin/inventory?tab=unit-review
server/services/dashboard-alerts.js,338,/admin/customers?view=health
server/services/dashboard-alerts.js,396,/admin/invoices?invoice=${…}
server/services/dashboard-alerts.js,437,/admin/dispatch?tab=schedule&date=${…}
server/services/dashboard-alerts.js,535,/admin/dispatch?tab=schedule&date=${…}
server/services/dashboard-alerts.js,577,/admin/inventory?tab=forecast
server/services/dashboard-alerts.js,593,/admin/pricing-logic
server/services/dashboard-alerts.js,636,/admin/leads
server/services/dashboard-alerts.js,688,/admin/estimates
server/services/dashboard-alerts.js,713,/admin/billing-recovery
server/services/dashboard-alerts.js,745,/admin/customers
server/services/dashboard-alerts.js,788,/admin/leads
server/services/dashboard-alerts.js,815,/admin/leads?builder_warranty=expiring
server/services/dashboard-alerts.js,836,/admin/customers/duplicates
server/services/data-hygiene/auto-apply.js,246,/admin/agents?tab=hygiene&status=auto_applied
server/services/email-bounce-recovery.js,922,/admin/customers/${…}
server/services/email-bounce-recovery.js,922,/admin/communications
server/services/email-bounce-recovery.js,934,/admin/customers/${…}
server/services/email-bounce-recovery.js,934,/admin/communications
server/services/email-bounce-recovery.js,946,/admin/customers/${…}
server/services/email-bounce-recovery.js,946,/admin/communications
server/services/email-bounce-recovery.js,1082,/admin/customers/${…}
server/services/email-bounce-recovery.js,1082,/admin/leads
server/services/email-bounce-rescue.js,547,/admin/customers?customerId=${…}
server/services/email-bounce-rescue.js,547,/admin/leads
server/services/email-bounce-rescue.js,575,/admin/customers
server/services/email-bounce-rescue.js,606,/admin/customers?customerId=${…}
server/services/email-bounce-rescue.js,606,/admin/leads
server/services/email-template-library.js,638,/admin/communications
server/services/email/email-actions.js,727,/admin/email
server/services/email/email-actions.js,855,/admin/estimates
server/services/email/email-actions.js,995,/admin/estimates
server/services/email/email-actions.js,995,/admin/email
server/services/email/email-actions.js,1308,/admin/email
server/services/email/inbox-hygiene.js,596,/admin/email
server/services/email/inbox-hygiene.js,616,/admin/email
server/services/estimate-card-holds.js,387,/admin/customers/${…}
server/services/estimate-card-holds.js,722,/admin/customers/${…}
server/services/estimate-card-holds.js,722,/admin/dispatch
server/services/estimate-card-holds.js,780,/admin/customers/${…}
server/services/estimate-card-holds.js,780,/admin/dispatch
server/services/estimate-card-holds.js,992,/admin/customers/${…}
server/services/estimate-card-holds.js,992,/admin/dispatch
server/services/estimate-card-holds.js,1016,/admin/customers/${…}
server/services/estimate-card-holds.js,1016,/admin/dispatch
server/services/estimate-card-holds.js,1215,/admin/customers/${…}
server/services/estimate-card-holds.js,1215,/admin/dispatch
server/services/estimate-card-holds.js,1260,/admin/customers/${…}
server/services/estimate-card-holds.js,1260,/admin/dispatch
server/services/estimate-card-holds.js,1770,/admin/customers/${…}
server/services/estimate-card-holds.js,1770,/admin/dispatch
server/services/estimate-card-holds.js,1854,/admin/customers/${…}
server/services/estimate-card-holds.js,1854,/admin/dispatch
server/services/estimate-card-holds.js,2428,/admin/customers/${…}
server/services/estimate-clarify-asks.js,867,/admin/communications
server/services/estimate-clarify-asks.js,1494,/admin/estimates?estimateId=${…}
server/services/estimate-clarify-asks.js,1612,/admin/estimates/${…}
server/services/estimate-converter.js,3768,/admin/dispatch
server/services/estimate-converter.js,4659,/admin/customers
server/services/estimate-converter.js,7001,/admin/dispatch
server/services/estimate-converter.js,7150,/admin/customers?customerId=${…}
server/services/estimate-converter.js,7251,/admin/customers?customerId=${…}
server/services/estimate-hot-view-alert.js,110,/admin/estimates?estimateId=${…}
server/services/estimate-measurement-review.js,216,/admin/customers?customerId=${…}
server/services/estimator-engine/index.js,539,/admin/estimates
server/services/estimator-engine/index.js,540,/admin/leads?lead=${…}
server/services/estimator-engine/index.js,540,/admin/communications
server/services/estimator-engine/index.js,1593,/admin/estimates/${…}/proposal
server/services/estimator-engine/index.js,2200,/admin/estimates/${…}/proposal
server/services/estimator-engine/index.js,2265,/admin/estimates/${…}/proposal
server/services/eval/call-extraction-replay.js,152,/admin/communications
server/services/eval/call-extraction-replay.js,194,/admin/dashboard
server/services/eval/call-extraction-replay.js,227,/admin/dashboard
server/services/eval/incident-regression.js,261,/admin/dashboard
server/services/eval/incident-regression.js,274,/admin/dashboard
server/services/google-business.js,159,https://${…}/api/admin/settings/google/callback
server/services/google-business.js,597,/admin/reviews
server/services/google-business.js,777,/admin/reviews
server/services/google-business.js,1821,/admin/reviews
server/services/google-business.js,1834,/admin/reviews
server/services/google-business.js,2083,/admin/reviews
server/services/google-business.js,2153,/admin/reviews
server/services/google-business.js,2225,/admin/reviews
server/services/inbound-sms-read.js,52,/admin/communications?thread=${…}
server/services/inspection-credit.js,661,/admin/customers/${…}
server/services/inspection-credit.js,1519,/admin/customers/${…}
server/services/inspection-credit.js,1519,/admin/invoices
server/services/inspection-credit.js,1800,/admin/customers/${…}
server/services/inspection-credit.js,1800,/admin/invoices
server/services/intelligence-bar/comms-tools.js,538,/admin/communications#tab=owed
server/services/intelligence-bar/estimate-tools.js,2098,https://portal.wavespestcontrol.com/admin/estimates
server/services/intelligence-bar/tools.js,1312,/admin/customers?customerId=${…}
server/services/intelligence-bar/tools.js,1656,/admin/customers
server/services/inventory-unit-review.js,359,/admin/inventory?tab=unit-review
server/services/knowledge-base.js,480,/admin/credentials
server/services/lawn-pricing-invariant-sweep.js,340,/admin/pricing-logic
server/services/lead-from-extraction.js,292,/admin/customers?customerId=${…}
server/services/lead-from-extraction.js,359,/admin/customers?customerId=${…}
server/services/lead-intake.js,186,${…}/admin/estimates
server/services/lead-to-cash-invariants.js,58,/admin/customers
server/services/lead-to-cash-invariants.js,69,/admin/customers
server/services/lead-to-cash-invariants.js,85,/admin/schedule
server/services/lead-to-cash-invariants.js,98,/admin/dispatch
server/services/lead-to-cash-invariants.js,109,/admin/estimates
server/services/lead-to-cash-invariants.js,120,/admin/services
server/services/lead-to-cash-invariants.js,179,/admin/dispatch
server/services/lead-to-cash-invariants.js,342,/admin/invoices
server/services/linkedin.js,90,${…}/api/admin/settings/linkedin/callback
server/services/newsletter-sunset.js,393,/admin/newsletter?tab=compose&autopilotType=reengagement
server/services/notification-service.js,392,/admin/communications?thread=${…}
server/services/notification-triggers.js,131,/admin/estimates
server/services/notification-triggers.js,154,/admin/leads?lead=${…}
server/services/notification-triggers.js,154,/admin/leads
server/services/notification-triggers.js,179,/admin/recruiting?application=${…}
server/services/notification-triggers.js,180,/admin/recruiting
server/services/notification-triggers.js,203,/admin/communications?thread=${…}
server/services/notification-triggers.js,203,/admin/communications
server/services/notification-triggers.js,219,/admin/communications?thread=${…}
server/services/notification-triggers.js,219,/admin/communications
server/services/notification-triggers.js,238,/admin/communications#tab=calls
server/services/notification-triggers.js,256,/admin/communications#tab=owed
server/services/notification-triggers.js,288,/admin/communications#tab=calls
server/services/notification-triggers.js,302,/admin/email?id=${…}
server/services/notification-triggers.js,302,/admin/email
server/services/notification-triggers.js,320,/admin/communications#tab=calls
server/services/notification-triggers.js,334,/admin/estimates
server/services/notification-triggers.js,349,/admin/dispatch
server/services/notification-triggers.js,364,/admin/dispatch
server/services/notification-triggers.js,382,/admin/dispatch
server/services/notification-triggers.js,401,/admin/dispatch
server/services/notification-triggers.js,443,/admin/customers?customerId=${…}
server/services/notification-triggers.js,443,/admin/communications
server/services/notification-triggers.js,455,/admin/invoices?invoice=${…}
server/services/notification-triggers.js,455,/admin/revenue
server/services/notification-triggers.js,466,/admin/invoices?invoice=${…}
server/services/notification-triggers.js,466,/admin/revenue
server/services/notification-triggers.js,481,/admin/invoices?invoice=${…}
server/services/notification-triggers.js,481,/admin/invoices
server/services/notification-triggers.js,493,/admin/invoices?invoice=${…}
server/services/notification-triggers.js,493,/admin/revenue
server/services/notification-triggers.js,506,/admin/schedule?service=${…}
server/services/notification-triggers.js,506,/admin/schedule
server/services/notification-triggers.js,526,/admin/estimates
server/services/notification-triggers.js,541,/admin/estimates?estimateId=${…}
server/services/notification-triggers.js,541,/admin/estimates
server/services/notification-triggers.js,572,/admin/customers?customerId=${…}
server/services/notification-triggers.js,574,/admin/estimates?estimateId=${…}
server/services/notification-triggers.js,575,/admin/estimates
server/services/notification-triggers.js,587,/admin/customers?customerId=${…}
server/services/notification-triggers.js,588,/admin/customers
server/services/notification-triggers.js,599,/admin/credentials
server/services/notification-triggers.js,610,/admin/seo?tab=advisor
server/services/notification-triggers.js,626,/admin/dashboard
server/services/notification-triggers.js,637,/admin/dashboard
server/services/notification-triggers.js,652,/admin/newsletter?tab=compose
server/services/notification-triggers.js,666,/admin/newsletter?tab=dashboard
server/services/notification-triggers.js,679,/admin/newsletter?tab=compose&autopilotType=pest-insider-monthly
server/services/notification-triggers.js,690,/admin/newsletter?tab=compose
server/services/notification-triggers.js,701,/admin/newsletter?tab=history
server/services/notification-triggers.js,712,/admin/newsletter?tab=compose
server/services/notification-triggers.js,727,/admin/newsletter?tab=events
server/services/notification-triggers.js,747,/admin/kb
server/services/notification-triggers.js,1017,/admin
server/services/one-tap-purchase.js,1159,/admin/customers/${…}
server/services/one-tap-purchase.js,1181,/admin/customers/${…}
server/services/one-tap-purchase.js,1190,/admin/customers/${…}
server/services/ops-queue.js,210,/admin/communications#tab=calls
server/services/ops-queue.js,231,/admin/blog?tab=autopilot
server/services/ops-queue.js,375,/admin/dispatch
server/services/payment-method-firsts-watch.js,170,/admin/invoices
server/services/pest-recap.js,1205,/admin/customers/${…}
server/services/pest-recap.js,1205,/admin/dispatch
server/services/price-scan/price-match-draft.js,108,${…}/admin/price-match
server/services/price-scan/price-match-draft.js,126,/admin/price-match
server/services/procurement/auto-reorder.js,131,/admin/inventory?tab=restock
server/services/procurement/order-dispatch.js,99,/admin/inventory?tab=restock
server/services/promised-estimate-watcher.js,302,/admin/pipeline
server/services/recurring-appointment-seeder.js,529,/admin/customers/${…}
server/services/recurring-appointment-seeder.js,529,/admin/schedule
server/services/recurring-card-on-file.js,587,/admin/customers/${…}
server/services/recurring-card-on-file.js,587,/admin/dashboard
server/services/recurring-card-on-file.js,815,/admin/invoices
server/services/reschedule-intent-watcher.js,415,/admin/communications
server/services/review-reply/runner.js,467,/admin/reviews?review=${…}
server/services/review-reply/runner.js,504,/admin/reviews?responded=all&review=${…}
server/services/review-reply/runner.js,844,/admin/reviews?responded=responded&review=${…}
server/services/review-reply/runner.js,865,/admin/reviews?responded=all&review=${…}
server/services/review-reply/runner.js,1601,/admin/reviews?responded=all&review=${…}
server/services/schedule-integrity-watchdog.js,202,/admin/dispatch
server/services/schedule-integrity-watchdog.js,285,/admin/customers?customerId=${…}
server/services/schedule-integrity-watchdog.js,301,/admin/customers?customerId=${…}
server/services/scheduler.js,4356,/admin/email
server/services/seo/backlink-monitor.js,457,/admin/seo
server/services/seo/backlink-monitor.js,473,/admin/seo
server/services/seo/impact-verdict-digest.js,175,${…}/admin/blog?tab=autopilot
server/services/seo/impact-verdict-digest.js,217,${…}/admin/blog?tab=autopilot
server/services/seo/impact-verdict-digest.js,266,${…}/admin/blog?tab=autopilot
server/services/seo/impact-verdict-digest.js,368,/admin/blog?tab=autopilot
server/services/seo/link-authority-bridge.js,733,/admin/seo
server/services/service-report/failure-alerts.js,75,/admin/customers?customerId=${…}
server/services/service-report/failure-alerts.js,75,/admin/dispatch
server/services/sms-draft-canary.js,42,/admin/communications
server/services/sms-pathology-ledger.js,405,/admin/agents?tab=shadow
server/services/sms-sealed-eval.js,1152,/admin/agents?tab=shadow
server/services/social-content-studio.js,901,/admin/social-media
server/services/staff-password-reset-email.js,52,${…}/admin/reset-password#token=${…}
server/services/stale-visit-sweep.js,152,/admin/dashboard
server/services/sunbiz-annual-report-reminder.js,129,/admin/tax
server/services/supplies-consumption.js,163,/admin/inventory
server/services/tax-advisor.js,430,/admin/tax
server/services/termite-program-agreement.js,752,/admin/customers/${…}
server/services/termite-program-agreement.js,782,/admin/customers/${…}
server/services/termite-program-agreement.js,819,/admin/customers/${…}
server/services/termite-program-agreement.js,1032,/admin/customers/${…}
server/services/termite-program-agreement.js,1324,/admin/customers/${…}
server/services/termite-program-agreement.js,1377,/admin/customers/${…}
server/services/termite-program-agreement.js,1498,/admin/customers/${…}
server/services/time-tracking-crons.js,96,${…}/admin/timetracking?tab=approvals&weekStart=${…}
server/services/time-tracking-crons.js,100,/admin/timetracking
server/services/token-health.js,993,/admin/social-media
server/services/transactional-email-provider-retry.js,139,/admin/communications
server/services/turf-variance-digest.js,199,/admin/estimates
server/services/twilio.js,122,/admin/dashboard
server/services/twilio.js,153,/admin/sms-templates
server/services/twilio.js,779,/admin/communications
server/services/unrecorded-call-watchdog.js,163,/admin/communications
server/services/unrecorded-call-watchdog.js,190,/admin/customers?customerId=${…}
server/services/unrecorded-call-watchdog.js,190,/admin/communications
server/services/unworked-comms-watcher.js,776,/admin/communications
server/services/voice-agent/relay-alert.js,394,/admin/leads?leadId=${…}
server/services/voice-agent/relay-alert.js,395,/admin/customers?customerId=${…}
server/services/voice-agent/relay-alert.js,395,/admin/leads
server/services/voice-agent/relay-reservice.js,493,/admin/customers?customerId=${…}
server/services/voice-agent/relay-transfer.js,414,/admin/communications#tab=calls
server/services/voice-profile-distiller.js,372,/admin/agents
server/services/waveguard-inventory-forecast.js,236,/admin/inventory?tab=forecast
server/services/waveguard-inventory-forecast.js,258,/admin/inventory?tab=forecast
server/services/wdo-report-attention.js,153,/admin/projects
server/services/wiki-yellow-digest.js,72,${…}/admin/knowledge?area=base&kbTab=field
server/services/wiki-yellow-digest.js,164,/admin/knowledge?area=base&kbTab=field
server/services/wizard-series-activation-recovery.js,395,/admin/customers/${…}
server/services/zelle-notice-reconciler.js,136,/admin/invoices
