file,symbols_and_lines,components_and_lines,choices_and_lines,api_calls_and_lines,route_guards,state_and_subscriptions,flags,relative_dependencies
client/src/App.jsx,CustomerFailureScreen:13; ScheduleRedirect:153; LawnAssessmentRedirect:163; FleetRedirect:170; ReviewLinkRedirect:182; BookEstimateRedirect:192; RecapLinkRedirect:201; AdminSafariShell:208; NewsletterExternalRedirect:220; ExternalRedirect:227; ChunkLoadFallback:272; RouteFallback:317; RoutesErrorBoundary:427; ProtectedRoute:433; App:495,Icon:46; CustomerFailureScreen:89; Icon:127; Navigate:157; Navigate:167; Navigate:175; Navigate:185; Navigate:194; Navigate:203; CustomerFailureScreen:276; PageErrorBoundary:430; Navigate:492; AuthProvider:497; BrowserRouter:498; PublicFunnelTracking:499; AdminSafariShell:500; InstallPrompt:501; BiometricGate:502; RoutesErrorBoundary:503; Routes:504; Route:505; LoginPage:505; Route:508; Suspense:508; WavesShell:508; RatePage:508; Route:511; Suspense:511; WavesShell:511; CardPage:511; Route:512; Suspense:512; WavesShell:512; ProjectReportViewPage:512; Route:513; Suspense:513; WavesShell:513; ReportViewPage:513; Route:514; RecapLinkRedirect:514; Route:515; Suspense:515; StatementPayPage:515; Route:516; Suspense:516; PayPage:516; Route:517; Suspense:517; ReceiptPage:517; Route:518; Suspense:518; ContractSignPage:518; Route:519; Suspense:519; TrackPage:519; Route:520; Suspense:520; ScheduleFlowPage:520; Route:521; Suspense:521; ScheduleFlowPage:521; Route:522; Suspense:522; AppointmentPage:522; Route:523; Suspense:523; SecureAppointmentPage:523; Route:524; Suspense:524; PrepGuidePage:524; Route:525; Suspense:525; PriceChangeNoticePage:525; Route:527; ExternalRedirect:527; Route:529; Suspense:529; WavesShell:529; EstimateViewPage:529; Route:535; Suspense:535; WavesShell:535; LawnReportViewPage:535; Route:536; Suspense:536; WavesShell:536; PestReportViewPage:536; Route:537; Suspense:537; WavesShell:537; ServiceOutlinePage:537; Route:538; ReviewLinkRedirect:538; Route:539; Suspense:539; PublicBookingPage:539; Route:540; ExternalRedirect:540; Route:541; ExternalRedirect:541; Route:542; NewsletterExternalRedirect:542; Route:543; Suspense:543; NewsletterArchivePage:543; Route:544; BookEstimateRedirect:544; Route:545; Navigate:545; AdminLoginPage:545; Route:546; Navigate:546; AdminChangePasswordPage:546; Route:547; Navigate:547; AdminForgotPasswordPage:547; Route:548; Navigate:548; AdminResetPasswordPage:548; Route:549; Navigate:549; TechLayout:549; Route:550; Suspense:550; RouteFallback:550; TechHomePage:550; Route:554; Navigate:554; Route:555; Suspense:555; RouteFallback:555; TechProtocolsPage:555; Route:556; Suspense:556; RouteFallback:556; TechLawnDiagnosticPage:556; Route:557; Suspense:557; RouteFallback:557; TechSocialPostPage:557; Route:559; Navigate:559; PageErrorBoundary:559; AdminLayout:559; Route:560; Navigate:560; Route:561; Suspense:561; RouteFallback:561; AdminDashboardPage:561; Route:562; Suspense:562; RouteFallback:562; AdminCustomersPage:562; Route:563; Suspense:563; RouteFallback:563; AdminCustomersPage:563; Route:564; Suspense:564; RouteFallback:564; AdminDuplicateCustomersPage:564; Route:565; Suspense:565; RouteFallback:565; AdminPipelinePage:565; Route:568; AdminTabRedirect:568; Route:569; Suspense:569; AdminAgentEstimatePage:569; Route:570; Suspense:570; RouteFallback:570; AdminCommercialProposalPage:570; Route:576; Suspense:576; RouteFallback:576; AdminDispatchPage:576; Route:577; ScheduleRedirect:577; Route:578; Navigate:578; Route:579; Suspense:579; RouteFallback:579; AdminCommunicationsPage:579; Route:580; Suspense:580; RouteFallback:580; AdminReviewsPage:580; Route:581; Navigate:581; Route:582; Suspense:582; RouteFallback:582; AdminAdsPage:582; Route:583; Suspense:583; RouteFallback:583; AdminSEOPage:583; Route:585; Navigate:585; Route:586; Navigate:586; Route:587; Navigate:587; Route:588; Suspense:588; RouteFallback:588; AgentsHubPage:588; Route:589; Navigate:589; Route:591; Navigate:591; Route:592; Suspense:592; RouteFallback:592; AdminBlogPage:592; Route:593; Suspense:593; RouteFallback:593; KnowledgeHubPage:593; Route:594; Suspense:594; RouteFallback:594; AdminReferralsPage:594; Route:595; Suspense:595; RouteFallback:595; AdminSocialMediaPage:595; Route:596; Suspense:596; RouteFallback:596; AdminTaxPage:596; Route:597; AdminTabRedirect:597; Route:602; LawnAssessmentRedirect:602; Route:603; Suspense:603; RouteFallback:603; AdminAssessmentsHubPage:603; Route:604; Suspense:604; RouteFallback:604; AdminRecruitingPage:604; Route:605; AdminTabRedirect:608; Route:623; Suspense:623; RouteFallback:623; AdminTurfHeightReviewPage:623; Route:624; AdminTabRedirect:624; Route:625; Suspense:625; RouteFallback:625; AdminEquipmentPage:625; Route:626; AdminTabRedirect:629; Route:641; Suspense:641; RouteFallback:641; AdminInvoicesPage:641; Route:642; Suspense:642; RouteFallback:642; BillingRecoveryPage:642; Route:643; Suspense:643; RouteFallback:643; PayersPage:643; Route:644; Suspense:644; RouteFallback:644; AdminInventoryPage:644; Route:645; Suspense:645; RouteFallback:645; AdminSettingsPage:645; Route:646; Suspense:646; RouteFallback:646; PestPressureSettingsPage:646; Route:647; Navigate:647; Route:648; Suspense:648; RouteFallback:648; TimeTrackingPage:648; Route:649; AdminTabRedirect:649; Route:650; FleetRedirect:650; Route:651; Suspense:651; RouteFallback:651; ServiceLibraryPage:651; Route:652; Suspense:652; RouteFallback:652; ProjectsPage:652; Route:653; Suspense:653; RouteFallback:653; AdminContractsPage:653; Route:654; Navigate:654; Route:655; Navigate:655; Route:656; Navigate:656; Route:657; Suspense:657; RouteFallback:657; CompliancePage:657; Route:658; AdminTabRedirect:658; Route:659; Suspense:659; RouteFallback:659; NewsletterPage:659; Route:660; Navigate:660; Route:661; Navigate:661; Route:662; Suspense:662; RouteFallback:662; AdminEmailPage:662; Route:663; Suspense:663; RouteFallback:663; AdminBankingPage:663; Route:664; Suspense:664; RouteFallback:664; PricingHubPage:664; Route:665; Navigate:665; Route:666; Suspense:666; RouteFallback:666; AdminToolHealthPage:666; Route:667; AdminTabRedirect:667; Route:668; Suspense:668; RouteFallback:668; AdminPriceMatchPage:668; Route:669; AdminTabRedirect:669; Route:670; Suspense:670; RouteFallback:670; AdminMorePage:670; Route:671; Suspense:671; RouteFallback:671; DesignSystemPage:671; Route:672; Suspense:672; RouteFallback:672; DesignSystemFlagsPage:672; Route:674; ProtectedRoute:677; Suspense:678; PortalPage:679; CustomerDialogHost:686; GrowthBookProvider:697,,,,useParams None:183; useParams None:193; useParams None:202; sessionStorage.removeItem chunk-reload-attempted:279; sessionStorage.removeItem chunk-reload-attempted:299; sessionStorage.removeItem chunk-reload-attempted:329; sessionStorage.getItem chunk-reload-attempted:335; sessionStorage.setItem chunk-reload-attempted:336; ,,client/src/lib/growthbook.js; client/src/lib/reportError.js; client/src/hooks/useAuth.jsx; client/src/theme-brand.js; client/src/theme-customer.js; client/src/glass/glass-engine.js; client/src/components/Icon.jsx; client/src/components/brand/CustomerDialogHost.jsx; client/src/lib/estimateMarketingRedirects.js; client/src/pages/LoginPage.jsx; client/src/pages/AdminLoginPage.jsx; client/src/pages/AdminChangePasswordPage.jsx; client/src/pages/AdminForgotPasswordPage.jsx; client/src/pages/AdminResetPasswordPage.jsx; client/src/components/AdminLayoutV2.jsx; client/src/components/TechLayout.jsx; client/src/components/InstallPrompt.jsx; client/src/components/BiometricGate.jsx; client/src/components/analytics/PublicFunnelTracking.jsx; client/src/hooks/useAdminBookmarkMeta.js; client/src/hooks/useAdminViewport.js; client/src/lib/adminBookmarkMeta.js; client/src/components/admin/AdminTabRedirect.jsx; client/src/native/platform.js; client/src/components/brand/WavesShell.jsx; client/src/pages/PortalPage.jsx; client/src/pages/ReportViewPage.jsx; client/src/pages/ProjectReportViewPage.jsx; client/src/pages/admin/ReviewsPage.jsx; client/src/pages/admin/AdminDispatchPage.jsx; client/src/pages/admin/InventoryPage.jsx; client/src/pages/admin/CommunicationsPageV2.jsx; client/src/pages/admin/CustomersPageV2.jsx; client/src/pages/admin/ReferralsPageV2.jsx; client/src/pages/admin/DashboardPageV2.jsx; client/src/pages/admin/EstimatesPageV2.jsx; client/src/pages/admin/AgentEstimatePage.jsx; client/src/pages/admin/CommercialProposalPage.jsx; client/src/pages/tech/TechHomePage.jsx; client/src/pages/tech/TechProtocolsPage.jsx; client/src/pages/LawnReportViewPage.jsx; client/src/pages/PestReportViewPage.jsx; client/src/pages/admin/AssessmentsHubPage.jsx; client/src/pages/admin/RecruitingPage.jsx; client/src/pages/tech/TechLawnDiagnosticPage.jsx; client/src/pages/tech/TechSocialPostPage.jsx; client/src/pages/admin/AdsPage.jsx; client/src/pages/admin/SEOPage.jsx; client/src/pages/admin/BlogPage.jsx; client/src/pages/admin/AgentsHubPage.jsx; client/src/pages/admin/KnowledgeHubPage.jsx; client/src/pages/admin/SettingsPage.jsx; client/src/pages/admin/PestPressureSettingsPage.jsx; client/src/pages/RatePage.jsx; client/src/pages/CardPage.jsx; client/src/pages/admin/SocialMediaPage.jsx; client/src/pages/admin/TaxPage.jsx; client/src/pages/admin/ToolHealthPage.jsx; client/src/pages/admin/PriceMatchPage.jsx; client/src/pages/admin/DuplicateCustomersPage.jsx; client/src/pages/admin/EquipmentPage.jsx; client/src/pages/admin/TurfHeightReviewPage.jsx; client/src/pages/admin/AdminInvoicesPage.jsx; client/src/pages/admin/BillingRecoveryPage.jsx; client/src/pages/admin/PayersPage.jsx; client/src/pages/admin/ContractsPage.jsx; client/src/pages/PayPageV2.jsx; client/src/pages/StatementPayPage.jsx; client/src/pages/ReceiptPage.jsx; client/src/pages/ContractSignPage.jsx; client/src/pages/TrackPage.jsx; client/src/pages/ScheduleFlowPage.jsx; client/src/pages/AppointmentPage.jsx; client/src/pages/SecureAppointmentPage.jsx; client/src/pages/PrepGuidePage.jsx; client/src/pages/PriceChangeNoticePage.jsx; client/src/pages/EstimateViewPage.jsx; client/src/pages/admin/TimeTrackingPage.jsx; client/src/pages/admin/ServiceLibraryPage.jsx; client/src/pages/admin/ProjectsPage.jsx; client/src/pages/admin/NewsletterPage.jsx; client/src/pages/admin/CompliancePage.jsx; client/src/pages/admin/PricingHubPage.jsx; client/src/pages/admin/_DesignSystemPage.jsx; client/src/pages/admin/_DesignSystemFlagsPage.jsx; client/src/pages/admin/EmailPage.jsx; client/src/pages/admin/BankingPage.jsx; client/src/pages/admin/MorePage.jsx; client/src/pages/PublicBookingPage.jsx; client/src/pages/ServiceOutlinePage.jsx; client/src/pages/NewsletterArchivePage.jsx
client/src/components/AddressAutocomplete.jsx,AddressAutocomplete:25,,,,,; setInterval None:116; setInterval None:126,,
client/src/components/AdminLayoutV2.jsx,AdminLayoutV2:54,IntelligenceBarPageDataProvider:165; Menu:217; Sparkles:238; NotificationBell:243; X:322; Sparkles:343; NotificationBell:345; Search:372; Link:435; Icon:483; LogOut:565; Outlet:596; Link:633; Icon:659; GlobalCommandPalette:682,,GET/default /admin/auth/me:83,,localStorage.getItem waves_admin_token:78; localStorage.removeItem waves_admin_token:90; localStorage.removeItem waves_admin_user:91; localStorage.setItem waves_admin_user:101; localStorage.removeItem waves_admin_token:105; localStorage.removeItem waves_admin_user:106; localStorage.removeItem waves_admin_token:154; localStorage.removeItem waves_admin_user:155; ,agent_estimate:61,client/src/hooks/useIntelligenceBarPageData.jsx; client/src/lib/tapToPayReturn.js; client/src/components/ui/cn.js; client/src/hooks/useIsMobile.js; client/src/hooks/useFeatureFlag.js; client/src/utils/admin-fetch.js; client/src/lib/adminUsage.js; client/src/config/adminNavigation.js; client/src/components/NotificationBell.jsx; client/src/components/admin/GlobalCommandPalette.jsx
client/src/components/BiometricGate.jsx,BiometricGate:68,BiometricLockContext.Provider:201,,,,; document.addEventListener visibilitychange:135,,client/src/native/platform.js; client/src/native/biometric.js; client/src/theme-brand.js; client/src/glass/glass-theme.css
client/src/components/DocumentActionBar.jsx,DocumentActionBar:87,Download:151; Download:154; Share2:158; Printer:164; Lock:168,,,,; ,,client/src/native/nativeFile.js; client/src/theme-customer.js; client/src/theme-doc.js; client/src/components/brand/CustomerDialogHost.jsx
client/src/components/HorizontalScroll.jsx,HorizontalScroll:7,,,,,; ,,
client/src/components/Icon.jsx,Icon:154,Cmp:158,,,,; ,,
client/src/components/NotificationBell.jsx,NotificationBell:58; PushEnableStrip:647,PushEnableStrip:423; PushEnableStrip:545,account=Account:397; whats_new=What's new:398,request <computed>:93; GET/default ${…}${…}:94,,localStorage.getItem waves_admin_token:17; localStorage.getItem None:83; localStorage.getItem None:155; localStorage.getItem None:178; localStorage.getItem None:208; setInterval None:118; document.addEventListener mousedown:130; document.addEventListener visibilitychange:161,,client/src/hooks/useModalFocus.js; client/src/lib/push-subscribe.js; client/src/native/nativePush.js; client/src/utils/api.js
client/src/components/PublicLoadError.jsx,PublicLoadError:1,,,,,; ,,
client/src/components/ServiceRecapModal.jsx,ServiceRecapModal:85,,,,,; ,,client/src/lib/product-rate-prefill.js; client/src/lib/pest-default-mix.js
client/src/components/TechLayout.jsx,TechLayout:30,AddToHomeScreenHint:196; AddToHomeScreenHint:273; Outlet:274; Link:294,,GET/default ${…}/admin/auth/me:56,,localStorage.removeItem waves_admin_token:50; localStorage.removeItem adminToken:51; localStorage.removeItem waves_admin_user:52; localStorage.setItem waves_admin_user:77; ,,client/src/lib/adminAuth.js; client/src/hooks/useFeatureFlag.js; client/src/components/tech/AddToHomeScreenHint.jsx
client/src/components/admin/AdminCommandHeader.jsx,AdminCommandHeader:4,SectionIcon:70; Icon:103; Heading:105; Button:119; ActionIcon:132,,,,; ,,client/src/components/ui/index.js
client/src/components/admin/AdminTabRedirect.jsx,AdminTabRedirect:4,Navigate:33,,,,; ,,
client/src/components/admin/AuthenticatedCallAudio.jsx,,,,GET/default ${…}/admin/call-recordings/audio/${…}:110,,localStorage.getItem waves_admin_token:101; ,,
client/src/components/admin/CallBridgeLink.jsx,CallBridgeLink:47,,,POST ${…}/admin/communications/call:16,,localStorage.getItem waves_admin_token:19; ,,
client/src/components/admin/CallIntelligencePanel.jsx,Row:66; CallIntelligencePanel:90,Badge:188; Badge:192; Row:213; Row:216; Row:219; Row:220; Row:221; Row:226; Row:231; Row:232; Row:233; Badge:250; Button:254; Input:261; Button:286; Button:300; Button:321; Select:345; Select:349; Input:355; Input:357; Button:358; Badge:378; Badge:380; Badge:381; Input:398; Input:400; Button:401; Button:402; Button:450; Button:453; Button:456; Button:459; Button:461; Button:490; Row:508; Row:509; Row:510; Row:511; Row:512,,GET/default /admin/call-recordings/calls/${…}/intelligence:106; PATCH /admin/call-recordings/commitments/${…}:148; GET/default /admin/customers?search=${…}&limit=8:274; PUT /admin/call-recordings/calls/${…}/customer:292; PUT /admin/call-recordings/calls/${…}/customer:305; POST /admin/call-recordings/calls/${…}/commitments:335; POST /admin/call-recordings/calls/${…}/adopt-recording:494,,; ,,client/src/components/ui/index.js; client/src/utils/admin-fetch.js; client/src/lib/timezone.js
client/src/components/admin/CallRoutingSettingsV2.jsx,CallRoutingSettingsV2:42; Row:262,Card:111; CardBody:111; Card:112; CardBody:112; Card:117; CardBody:118; Button:128; Button:129; Badge:138; Row:149; Input:150; Row:160; Row:173; Switch:174; Row:178; Switch:182; Row:186; Switch:190; Input:197; Input:200; Row:223; Switch:227; Row:231; Input:232; Row:243; Input:245,,GET/default ${…}${…}:16; GET/default /admin/settings/call-routing/status:51; GET/default /admin/settings/call-routing:54; PUT /admin/settings/call-routing:82; POST /admin/settings/call-routing/reset:100,,localStorage.getItem waves_admin_token:18; ,,client/src/components/ui/index.js
client/src/components/admin/CallTranscriptSync.jsx,CallTranscriptSync:110,,,,,; ,,client/src/components/ui/index.js
client/src/components/admin/CancelPlanDialog.jsx,Fact:65; CancelPlanDialog:74,Dialog:203; DialogHeader:204; DialogTitle:205; DialogBody:210; Radio:220; Radio:228; Checkbox:239; Button:272; Radio:289; Radio:297; Checkbox:322; Checkbox:336; Select:352; Textarea:361; Fact:385; Fact:386; Fact:387; Fact:388; Fact:390; Fact:393; Fact:396; Fact:399; Fact:401; Fact:402; Fact:405; Fact:429; Fact:430; Fact:431; Fact:433; Fact:435; Fact:437; Fact:439; DialogFooter:457; Button:458; Button:462,,POST /admin/customers/${…}/cancel-plan/preview:100; POST /admin/customers/${…}/cancel-plan:171,,; ,,client/src/components/ui/index.js; client/src/utils/admin-fetch.js; client/src/lib/timezone.js
client/src/components/admin/Customer360ProfileV2.jsx,HealthCircle:485; RadarChart:531; TierBadgeV2:612; StageBadgeV2:624; SectionTitle:638; StatCardV2:647; ContractMeta:714; ElectronicAuthorizationContractV2:785; ServiceRowV2:2145; PropertyZonesPanel:2523; TermiteStationsGate:2867; TermiteStationsPanel:2880; BillingLanePanelV2:3188; AdminAutopayPanelV2:3274; AccountCreditPanelV2:3433; AnnualPrepayPanelV2:3684; AnnualPrepayServiceFields:3759; AnnualPrepayModal:3813; AnnualPrepayInvoiceModal:4236; CancelSignupModal:4704; RefundPaymentModal:4899; Customer360ProfileV2:5134,Badge:613; Badge:615; Badge:617; Badge:631; Button:1185; Button:1194; Button:1203; Button:1212; Link2:1223; ContractMeta:1266; ContractMeta:1267; ContractMeta:1268; ContractMeta:1276; Button:1358; Copy:1360; Button:1395; Link2:1400; Button:1494; Copy:1495; Card:1511; CardBody:1513; FileText:1521; Badge:1533; SectionTitle:1551; Badge:1565; ContractMeta:1570; ContractMeta:1571; ContractMeta:1575; ContractMeta:1579; SectionTitle:1581; Badge:1595; ContractMeta:1681; ContractMeta:1685; ContractMeta:1689; ContractMeta:1696; SectionTitle:1711; Card:1744; CardBody:1746; PenLine:1750; CreditCard:1848; SectionTitle:1873; Table:1877; THead:1879; TR:1881; TH:1883; TH:1884; TH:1885; TH:1886; TH:1887; TH:1888; TBody:1891; TR:1893; TD:1895; Badge:1897; TD:1901; TD:1902; TD:1905; TD:1910; TD:1928; Button:1931; FileText:1938; Button:1943; Mail:1950; Button:1953; MessageSquare:1960; Button:1963; Bell:1970; Button:1978; RotateCcw:1985; Button:1991; CheckCircle2:1998; Button:2003; XCircle:2010; SectionTitle:2030; Button:2037; SectionTitle:2101; Table:2105; THead:2107; TR:2109; TH:2111; TH:2112; TH:2113; TH:2114; TBody:2117; TR:2119; TD:2121; TD:2124; TD:2125; TD:2126; Badge:2178; FileText:2200; Link2:2227; ShieldCheck:2250; ShieldCheck:2309; Droplets:2353; SectionTitle:2753; Button:2756; Button:2777; ZoneMarkingStep:2831; Button:2840; TermiteStationsPanel:2870; SectionTitle:3084; Button:3085; Button:3106; StationMarkingStep:3143; Button:3157; Card:3223; CardBody:3225; Card:3328; CardBody:3330; Button:3372; Card:3524; CardBody:3525; Button:3539; Button:3641; Card:3686; CardBody:3687; Button:3712; Button:3715; AnnualPrepayServiceFields:4094; Button:4219; Button:4222; AnnualPrepayServiceFields:4547; Button:4679; Button:4683; Button:4687; Button:4857; Button:4861; Input:5071; Button:5108; Button:5112; Button:5556; Button:5557; Badge:5941; Badge:5946; HealthCircle:5954; TierBadgeV2:5954; StageBadgeV2:5955; CallBridgeLink:5968; CallBridgeLink:6020; CallBridgeLink:6172; TierBadgeV2:6194; StageBadgeV2:6195; Badge:6197; CustomerRequestsPanel:6291; PropertyZonesPanel:6294; TermiteStationsGate:6295; SectionTitle:6299; SectionTitle:6360; Switch:6430; SectionTitle:6478; SectionTitle:6501; Badge:6515; SectionTitle:6533; Button:6560; StatCardV2:6590; StatCardV2:6595; SectionTitle:6606; Button:6687; SectionTitle:6697; SectionTitle:6736; SectionTitle:6765; RadarChart:6766; SectionTitle:6797; SectionTitle:6820; SectionTitle:6842; ServiceRowV2:6850; SectionTitle:6865; SectionTitle:6897; StatCardV2:6929; StatCardV2:6934; StatCardV2:6938; StatCardV2:6942; BillingLanePanelV2:6947; AdminAutopayPanelV2:6954; AccountCreditPanelV2:6960; AnnualPrepayPanelV2:6966; SectionTitle:6973; Table:6975; THead:6977; TR:6979; TH:6981; TH:6982; TH:6983; TH:6984; TBody:6987; TR:6989; TD:6991; TD:6994; TD:6997; TD:7000; Badge:7002; SectionTitle:7021; Badge:7045; Button:7063; SectionTitle:7077; Badge:7092; Button:7104; Button:7121; ElectronicAuthorizationContractV2:7135; OwedCommitmentsSummary:7148; SectionTitle:7149; AuthenticatedCallAudio:7226; Button:7268; SectionTitle:7284; Button:7490; SectionTitle:7622; CustomerPropertiesPanelV2:7658; SectionTitle:7697; SectionTitle:7736; SectionTitle:7773; Card:7776; CardBody:7778; Card:7791; CardBody:7793; Card:7806; CardBody:7808; Card:7821; CardBody:7823; Table:7838; THead:7840; TR:7842; TH:7844; TH:7845; TH:7846; TH:7847; TH:7848; TBody:7851; TR:7853; TD:7855; TD:7856; TD:7857; TD:7858; TD:7863; SectionTitle:7869; Table:7873; THead:7875; TR:7877; TH:7879; TH:7880; TH:7881; TH:7882; TH:7883; TBody:7886; TR:7888; TD:7890; TD:7891; TD:7894; TD:7899; TD:7900; Card:7910; CardBody:7912; SectionTitle:7914; SectionTitle:7947; Badge:7995; Button:8020; ChevronLeft:8078; CallBridgeLink:8090; MoreHorizontal:8116; CustomerActionBar:8174; AnnualPrepayModal:8190; AnnualPrepayInvoiceModal:8201; CancelSignupModal:8211; CancelPlanDialog:8218; RefundPaymentModal:8225; Trash2:8391; Button:8395; Button:8402,created=Created:764; sent=Sent:765; viewed=Viewed:766; cancelled=Cancelled:769; signed=Signed:771; expired=Expired:773; open=Open:775; overview=Overview:5889; services=Services:5890; billing=Billing:5891; contracts=Contracts:5892; comms=Comms:5893; property=Property:5894; compliance=Compliance:5895; 1=Service contact::5989; 2=Service contact 2::5996; 3=Service contact 3::6003; all=All:7952; sms=SMS:7953; call=Calls:7954; service=Services:7955; payment=Payments:7956; notes=Notes:7957; firstName=First name:8258; lastName=Last name:8259; email=Email:8260; phone=Phone:8261; profileLabel=Property label:8262; addressLine1=Address:8263; addressLine2=Address line 2:8264; city=City:8265; state=State:8266; zip=ZIP:8267; monthlyRate=Monthly rate:8268,GET/default ${…}${…}:104; GET/default /admin/document-templates?status=active&limit=100:904; POST /admin/customers/${…}/autopay-setup-link:931; POST /admin/contracts/customer/${…}/autopay-authorization:956; POST /admin/contracts/${…}/share-link:986; POST /admin/contracts/${…}/cancel:1013; POST /admin/contracts/${…}/renewal-notice:1045; POST <computed>:1078; POST /admin/document-templates/${…}/contracts:1114; GET/default /admin/contracts/${…}/events:1156; GET/default /admin/dispatch/customers/${…}/property-map:2569; PUT /admin/dispatch/customers/${…}/property-zones:2690; GET/default /admin/dispatch/customers/${…}/property-map:2921; PUT /admin/dispatch/customers/${…}/termite-stations:3054; PUT ${…}/admin/customers/${…}:3203; GET/default ${…}/admin/customers/${…}/autopay-state:3286; POST /admin/customers/${…}/charge-now:3312; GET/default /admin/customers/${…}/credits:3456; POST /admin/customers/${…}/credits:3496; GET/default /admin/services/dropdown:3765; POST /admin/customers/${…}/annual-prepay:3990; POST /admin/customers/${…}/annual-prepay:4024; GET/default /admin/customers/${…}/deposit-credit:4280; POST /admin/customers/${…}/annual-prepay-invoice:4378; POST /admin/customers/${…}/annual-prepay-invoice:4391; GET/default /admin/customers/${…}/cancel-signup:4713; POST /admin/customers/${…}/cancel-signup:4723; POST /admin/customers/${…}/refund:4959; GET/default /admin/customers/${…}:5201; GET/default /admin/payers:5211; POST /admin/customers/${…}/resume-service:5258; PUT /admin/customers/${…}:5300; POST /admin/payers:5340; GET/default /admin/customers/${…}:5403; GET/default /admin/customers/${…}/timeline:5404; GET/default /admin/customers/${…}/timeline:5434; GET/default /admin/customers/${…}/comms:5454; PUT /admin/customers/${…}/notification-prefs:5653; PUT /admin/customers/${…}/notification-prefs:5690; POST /admin/communications/sms:5856; GET/default /admin/customers/${…}:5867; GET/default /admin/customers/${…}/comms:5868; PUT /admin/customers/${…}:6452; DELETE /admin/customers/${…}:8375; PUT /admin/customers/${…}:8417,,localStorage.getItem waves_admin_token:106; localStorage.getItem waves_admin_user:211; localStorage.getItem waves_admin_token:3206; localStorage.getItem waves_admin_token:3288; window.addEventListener keydown:4949; window.addEventListener keydown:5482; document.addEventListener mousedown:5492; document.addEventListener touchstart:5493,station-map-v1:2868,client/src/components/admin/StickyActionBar.jsx; client/src/components/admin/AuthenticatedCallAudio.jsx; client/src/components/admin/OwedCommitmentsSummary.jsx; client/src/utils/format-address.js; client/src/components/ui/index.js; client/src/components/admin/CallBridgeLink.jsx; client/src/components/admin/CustomerRequestsPanel.jsx; client/src/components/admin/CustomerPropertiesPanelV2.jsx; client/src/components/admin/CancelPlanDialog.jsx; client/src/lib/contact-roles.js; client/src/pages/admin/SchedulePage.jsx; client/src/hooks/useFeatureFlag.js; client/src/components/schedule/cardLinkStatus.js; client/src/lib/paymentMethodConsentText.js
client/src/components/admin/CustomerPropertiesPanelV2.jsx,CustomerPropertiesPanelV2:43,Card:174; CardBody:175; Button:181; Button:387; Button:400,,GET/default /admin/customers/${…}/properties:78; POST /admin/customers/${…}/properties:110; PATCH /admin/customers/${…}/properties/${…}:147,,; ,,client/src/components/ui/index.js; client/src/lib/contact-roles.js; client/src/utils/admin-fetch.js
client/src/components/admin/CustomerRequestsPanel.jsx,CustomerRequestsPanel:24,Button:129,,GET/default /admin/requests?customerId=${…}&openOnly=true&limit=50:49; PATCH /admin/requests/${…}:80,,; ,,client/src/components/ui/index.js; client/src/lib/adminFetch.js
client/src/components/admin/EstimateModalsV2.jsx,FollowUpModalV2:41; DeclineModalV2:105; ExtendEstimateModalV2:247,Dialog:64; DialogHeader:66; DialogTitle:68; DialogBody:73; Textarea:78; DialogFooter:88; Button:90; Button:93; Dialog:130; DialogHeader:132; DialogTitle:134; DialogBody:140; React.Fragment:149; DialogFooter:211; Button:213; Button:216; Dialog:278; DialogHeader:280; DialogTitle:282; DialogBody:300; DialogFooter:376; Button:378; Button:381,,GET/default ${…}${…}:29; POST /admin/estimates/${…}/follow-up:52; PATCH /admin/estimates/${…}:118; POST /admin/estimates/${…}/extend:263,,localStorage.getItem waves_admin_token:31; ,,client/src/components/ui/index.js; client/src/pages/admin/EstimatePage.jsx
client/src/components/admin/ExpenseCapture.jsx,ExpenseCapture:18,,,POST /admin/job-expenses/receipt-upload:80; POST /admin/job-expenses:90,,; ,,client/src/lib/adminFetch.js
client/src/components/admin/GeoGridMap.jsx,GeoGridMap:59,GoogleMap:90; Marker:98; InfoWindow:107,,,,; ,,
client/src/components/admin/GlobalCommandPalette.jsx,GlobalCommandPalette:303; MobileSheet:1119; AttachButton:1512; AttachmentStrip:1555; ThreadList:1616; Section:1683; SheetRow:1713,MobileSheet:686; AttachButton:811; DictationButton:819; AttachmentStrip:901; ThreadList:921; ToolActivityList:990; PendingActionsCard:1001; AttachButton:1299; DictationButton:1305; AttachmentStrip:1326; ToolActivityList:1424; PendingActionsCard:1439; Section:1443; ThreadList:1444; Section:1449; SheetRow:1451; Section:1468; SheetRow:1470,,GET/default ${…}${…}:62; GET/default /admin/intelligence-bar/quick-actions?context=${…}:402; GET/default /admin/intelligence-bar/threads?limit=20:474; GET/default /admin/intelligence-bar/threads/${…}:493; GET/default /admin/intelligence-bar/threads/latest:509; POST /admin/intelligence-bar/query:543,,localStorage.getItem waves_admin_user:42; localStorage.getItem waves_admin_token:64; localStorage.getItem waves_admin_user:173; localStorage.getItem None:181; localStorage.setItem None:194; localStorage.removeItem None:459; localStorage.getItem None:514; localStorage.setItem None:640; window.addEventListener keydown:386,,client/src/hooks/useIntelligenceBarPageData.jsx; client/src/hooks/useIsMobile.js; client/src/hooks/useModalFocus.js; client/src/components/tech/DictationButton.jsx; client/src/components/admin/PendingActionsCard.jsx; client/src/components/admin/ToolActivityList.jsx; client/src/utils/ibImages.js; client/src/lib/timezone.js
client/src/components/admin/InsertLinkSheet.jsx,InsertLinkSheet:80,Sheet:117; SheetHeader:118; SheetBody:173,,,,; ,,client/src/components/ui/Sheet.jsx; client/src/components/ui/cn.js
client/src/components/admin/IntegrationHealthSection.jsx,IntegrationHealthSection:65; IntegrationCard:165,IntegrationCard:156,,GET/default ${…}${…}:21; GET/default /admin/integrations/health:76; POST /admin/token-health/check:89,,localStorage.getItem waves_admin_token:24; ,,
client/src/components/admin/IntelligenceBarShell.jsx,AttachIcon:127; QuickChip:147; IntelligenceBarShell:180,AttachIcon:286; QuickChip:389; PendingActionsCard:479,,,,; ,,client/src/components/ui/index.js; client/src/hooks/useIntelligenceBar.js; client/src/components/admin/PendingActionsCard.jsx
client/src/components/admin/JobCostCard.jsx,JobCostCard:11; Stat:222,Stat:144; Stat:145; Stat:146; Stat:152,,GET/default /admin/job-costs?scheduled_service_id=${…}&limit=1:48; GET/default /admin/job-forms/submissions?scheduled_service_id=${…}:53; POST /admin/job-costs/recalc/${…}:69,,; ,,client/src/lib/adminFetch.js
client/src/components/admin/JobFormSection.jsx,JobFormSection:17; Field:184,Field:170,,GET/default /admin/job-forms/templates/by-service/${…}:53,,; ,,client/src/lib/adminFetch.js
client/src/components/admin/MobileNewCustomerSheet.jsx,MobileNewCustomerSheet:62,X:186; AddressAutocomplete:323,,POST ${…}/admin/customers/quick-add:106,,localStorage.getItem waves_admin_token:109; ,,client/src/components/AddressAutocomplete.jsx; client/src/hooks/useModalFocus.js; client/src/lib/customerFormOptions.js
client/src/components/admin/MobileServiceLibrary.jsx,Field:57; SearchBar:78; Header:101; LargeTitle:142; MenuView:154; Thumb:220; CategoriesView:235; CategoryDetail:365; DiscountsView:429; DiscountEditPanel:607; AllServicesView:758; ServiceEditPanel:976; MobileServiceLibrary:1253,AdminCommandHeader:176; Header:278; LargeTitle:283; SearchBar:284; Thumb:318; CategoryDetail:355; Header:482; SearchBar:491; DiscountEditPanel:499; Thumb:545; DiscountEditPanel:581; Field:680; Field:691; Field:705; Header:813; ServiceEditPanel:828; SearchBar:841; Thumb:909; ServiceEditPanel:952; Field:1098; Field:1109; Field:1121; Field:1137; Field:1182; CategoriesView:1264; DiscountsView:1265; AllServicesView:1266; MenuView:1267,categories=Categories:156; discounts=Discounts:157; services=All Services:162; protocols=Treatment Plans:167,GET/default ${…}${…}:20,,localStorage.getItem waves_admin_token:22; ,,client/src/components/admin/AdminCommandHeader.jsx; client/src/constants/serviceCategories.js; client/src/lib/serviceLibraryPayload.js
client/src/components/admin/NotificationBell.jsx,NotificationBell:51,,,GET/default ${…}${…}:30; GET/default /admin/notifications/unread-count:67; GET/default /admin/notifications?limit=25:76; PUT /admin/notifications/${…}/read:125; PUT /admin/notifications/read-all:140,,localStorage.getItem waves_admin_token:32; setInterval None:86; document.addEventListener mousedown:97,,client/src/lib/push-subscribe.js
client/src/components/admin/OwedCommitmentsSummary.jsx,OwedCommitmentsSummary:22,Badge:92; Badge:93; Button:97; Button:100,,GET/default /admin/call-recordings/commitments/open?customer_id=${…}&limit=${…}:43; PATCH /admin/call-recordings/commitments/${…}:70,,; ,,client/src/components/ui/index.js; client/src/utils/admin-fetch.js
client/src/components/admin/PendingActionsCard.jsx,ContractView:62; PendingActionsCard:129,ContractView:255,,GET/default ${…}${…}:26; POST <computed>:187,,localStorage.getItem waves_admin_token:28; setInterval None:160,,
client/src/components/admin/PestProductionDiagnosticsPanel.jsx,PestProductionDiagnosticsPanel:69; Metric:277,Metric:155; Metric:160; Metric:166; Metric:167,,,,; ,,
client/src/components/admin/PortalUsageTab.jsx,PortalUsageTab:109,,,GET/default /admin/usage/summary?days=${…}&scope=${…}:123,,; ,,client/src/utils/admin-fetch.js; client/src/config/adminNavigation.js
client/src/components/admin/PricingLogicPanel.jsx,ChangelogTab:69; ProposalsTab:500; EditCell:1218; ConfigCard:1288; LawnBracketsTab:1735; DiscountRulesTab:1913; ProductsTab:2184; AuditLog:2355; PricingLogicPanel:2418,React.Fragment:293; EditCell:1411; EditCell:1442; EditCell:1524; EditCell:1895; EditCell:2099; EditCell:2139; LawnBracketsTab:2498; DiscountRulesTab:2506; ProductsTab:2511; ProposalsTab:2514; ChangelogTab:2516; ConfigCard:2568; AuditLog:2597,global=Global Constants:42; lawn=Lawn Care:43; pest=Pest Control:44; tree_shrub=Tree & Shrub:45; palm=Palm Injection:46; mosquito=Mosquito:47; termite=Termite:48; rodent=Rodent:49; one_time=One-Time:50; waveguard=WaveGuard:51; products=Products:52; proposals=Proposals:53; changelog=Changelog:54,GET/default ${…}${…}:31,,localStorage.getItem waves_admin_token:34; ,,client/src/hooks/useIsMobile.js; client/src/lib/adminAuth.js
client/src/components/admin/PushSettings.jsx,Toggle:38; PushSettings:77,Toggle:369; Toggle:376; Toggle:384,,GET/default ${…}${…}:25; GET/default /admin/push/preferences:87; PUT /admin/push/preferences:126,,localStorage.getItem waves_admin_token:27; ,,client/src/lib/push-subscribe.js
client/src/components/admin/PushSettingsV2.jsx,PushSettingsV2:105,Card:192; CardBody:194; Button:209; Button:212; Button:236; Switch:301; Switch:308; Switch:315; Switch:353,,GET/default ${…}${…}:40; GET/default /admin/push/preferences:116; PUT /admin/push/preferences:161,,localStorage.getItem waves_admin_token:42; ,,client/src/components/ui/index.js; client/src/lib/push-subscribe.js
client/src/components/admin/ServiceOutlineComposerModal.jsx,SectionPreview:43; ServiceOutlineComposerModal:101,CheckCircle2:39; AlertTriangle:40; Sprout:314; Badge:317; Badge:329; X:345; Button:378; RefreshCw:379; Button:391; RefreshCw:392; SectionPreview:409; ShieldCheck:433; Clock3:466; MousePointerClick:478; Clock3:478; Button:494; Button:497; Copy:498; Button:501; Button:504; MessageSquare:505; Button:508; Mail:509; Button:512; Send:513,,POST /admin/service-outlines/preview:135; GET/default /admin/service-outlines/${…}/events:158; GET/default /admin/service-outlines/${…}:170; POST /admin/service-outlines:200; POST /admin/service-outlines/${…}/approve:230; POST /admin/service-outlines/${…}/send:236; POST /admin/service-outlines/${…}/regenerate:277,,; document.addEventListener keydown:186,,client/src/components/ui/index.js
client/src/components/admin/StickyActionBar.jsx,StickyActionBar:36; ActionColumn:68; CustomerActionBar:112; EstimateActionBar:186; JobActionBar:221; InvoiceActionBar:254,ActionColumn:61; Icon:89; StickyActionBar:137; StickyActionBar:197; StickyActionBar:225; StickyActionBar:263,text=Text:140; call=Call:149; estimate=Estimate:156; book=Book:162; invoice=Invoice:172; edit=Edit:199; send=Send:200; convert=Convert:208; start=Start:227; reschedule=Reschedule:235; complete=Complete:241; text=Text Link:265; paid=Mark Paid:266; edit=Edit:274,,,; ,,client/src/components/ui/cn.js; client/src/components/admin/CallBridgeLink.jsx
client/src/components/admin/ToolActivityList.jsx,ToolActivityList:28,,,,,; ,,
client/src/components/brand/CustomerDialogHost.jsx,CustomerDialogHost:29,Icon:113,,,,; window.addEventListener None:36,,client/src/hooks/useLockBodyScroll.js; client/src/hooks/useModalFocus.js; client/src/theme-brand.js; client/src/theme-customer.js; client/src/components/Icon.jsx; client/src/components/BiometricGate.jsx
client/src/components/brand/WavesMark.jsx,WavesMark:3,,,,,; ,,
client/src/components/dashboard/AiChartsPanel.jsx,Legend:72; AiChart:86; AiChartsPanel:237,EmptyState:87; AiChart:132; Legend:155; Legend:213; ChartCard:317; DictationButton:326; AiChart:392; EmptyState:397; EmptyState:407; AiChart:408,,GET/default ${…}${…}:27,,localStorage.getItem waves_admin_token:26; ,,client/src/components/dashboard/charts.jsx; client/src/components/tech/DictationButton.jsx
client/src/components/dashboard/SmsInboxWidget.jsx,SmsInboxWidget:15,,,GET/default ${…}/admin/dashboard-ops/inbox:27; POST ${…}/admin/dashboard-ops/inbox/${…}/read:47; POST ${…}/admin/dashboard-ops/inbox/${…}/reply:58,,; setInterval None:37,,client/src/lib/adminAuth.js
client/src/components/dashboard/charts.jsx,ChartCard:87; KpiSparklineTile:121; Sparkline:207; KpiRing:248; KpiBullet:290; KpiDivergingBar:311; RevenueTrendArea:329; ReviewTrendChart:398; ServiceMixDonut:459; EstimateFunnel:517; AgingBar:590; RevenueByCity:643; CompletionGauge:673; Row:727; CaptureGauge:773; MrrTrendChart:870; LeadSourceBars:912; RetentionCohortGrid:943; TechLeaderboardBars:1032; EmptyState:1076; LowSamplePill:1104; CapitalAllocationCard:1112; ChannelChip:1218; AttributionFunnel:1352; ChannelMixBar:1398; AttributionScorecard:1437,Card:89; CardHeader:90; CardTitle:92; CardBody:97; Card:124; CardBody:125; ResponsiveContainer:140; AreaChart:146; Area:153; ResponsiveContainer:338; AreaChart:344; CartesianGrid:351; XAxis:352; YAxis:358; Tooltip:365; Area:370; Area:379; EmptyState:399; ResponsiveContainer:408; AreaChart:414; CartesianGrid:421; XAxis:422; YAxis:428; Tooltip:435; Area:442; EmptyState:468; ResponsiveContainer:473; PieChart:479; Pie:480; Cell:490; Tooltip:492; EmptyState:529; EmptyState:600; EmptyState:645; ResponsiveContainer:679; RadialBarChart:685; RadialBar:692; Row:711; Row:712; Row:713; Row:717; EmptyState:871; ResponsiveContainer:874; LineChart:880; CartesianGrid:881; XAxis:882; YAxis:883; Tooltip:890; Line:894; EmptyState:913; EmptyState:947; EmptyState:1033; EmptyState:1114; LowSamplePill:1150; LowSamplePill:1184; EmptyState:1442; EmptyState:1443; EmptyState:1446; AttributionFunnel:1498; ChannelChip:1526; ChannelChip:1605; ChannelMixBar:1638,current=Current:592; days_30=1–30 days:593; days_60=31–60 days:594; days_90=61–90 days:595; days_120=91–120 days:596; days_120_plus=121+ days:597; calls=Calls:1325; uniqueCallers=Unique:1326; leads=Leads:1327; booked=Booked:1328; conversionPct=Conv:1329; revenue=Revenue:1330; roi=ROI:1331,,,; ,,client/src/components/ui/index.js
client/src/components/dispatch/ActionQueuePane.jsx,ActionQueuePane:18,Button:48; AlertCard:80,,,,; ,,client/src/hooks/useDispatchAlerts.js; client/src/components/dispatch/AlertCard.jsx; client/src/components/ui/index.js
client/src/components/dispatch/AlertCard.jsx,TechLateBody:66; UnassignedOverdueBody:91; MissedPhotoBody:112; MoaViolationBody:128; GenericBody:152; AlertCard:186,Card:207; Body:231; Button:237,,,,; ,,client/src/components/ui/index.js
client/src/components/dispatch/CSRPanelV2.jsx,CSRPanelV2:22,Card:105; CardBody:106; Card:119; CardBody:120,urgent=Urgent pest issue:10; inspect=Inspection / estimate:11; lawn=Recurring lawn:12; callback=Callback / retreat:13; seasonal=Seasonal add-on:14,POST /api/dispatch/csr/slots:33,,localStorage.getItem waves_admin_token:7; ,,client/src/components/ui/index.js
client/src/components/dispatch/DispatchBoardLayout.jsx,DispatchBoardLayout:29,,roster=Roster:24; map=Map:25; alerts=Alerts:26,,,; ,,client/src/components/ui/index.js
client/src/components/dispatch/DispatchMap.jsx,DispatchMap:110,GoogleMap:212; Marker:225; Marker:236,,,,; ,,
client/src/components/dispatch/InsightsPanelV2.jsx,InsightsPanelV2:16,Card:80; CardBody:80; Button:82; Card:88; CardBody:89; Card:101; CardBody:102; Card:127; CardBody:128; Card:173; CardBody:174,,GET/default /api/dispatch/insights?days=${…}:24,,localStorage.getItem waves_admin_token:12; ,,client/src/components/ui/index.js
client/src/components/dispatch/JobDrawer.jsx,Field:73; VisitExtras:98; JobDrawer:201,Field:129; Field:162; Field:177; Sheet:446; SheetHeader:447; Badge:453; Button:458; SheetBody:463; Field:472; Field:473; Field:489; Select:507; Button:532; Field:550; Field:560; Field:561; VisitExtras:562; VisualNotesReviewSection:564; SheetFooter:571; Button:573; Button:582,,GET/default ${…}/admin/dispatch/jobs/${…}:249; GET/default ${…}/admin/schedule/${…}/${…}:321; GET/default ${…}/admin/dispatch/technicians:345; PUT ${…}/admin/dispatch/jobs/${…}/assign:370; PUT ${…}/admin/dispatch/${…}/status:410,,localStorage.getItem waves_admin_token:56; ,visual_service_notes_enabled:206,client/src/components/ui/index.js; client/src/hooks/useFeatureFlag.js; client/src/components/dispatch/VisualNotesReviewSection.jsx; client/src/pages/tech/visitBrief.js
client/src/components/dispatch/RevenuePanelV2.jsx,RevenuePanelV2:20,Card:53; CardBody:54; Card:70; CardBody:71; Card:83; CardBody:84,,GET/default /api/dispatch/jobs?date=${…}&status=scheduled:27,,localStorage.getItem waves_admin_token:12; ,,client/src/components/ui/index.js
client/src/components/dispatch/TechCard.jsx,TechCardImpl:70,Card:117,,,,; window.setInterval None:74,,client/src/components/ui/index.js
client/src/components/dispatch/TechDrawer.jsx,Field:60; RouteStop:86; TechDrawer:114,Card:88; Badge:93; Sheet:159; SheetHeader:160; Badge:166; Button:171; SheetBody:176; Field:185; Field:186; Field:196; Card:208; Card:216; Card:229; RouteStop:248,,GET/default ${…}/admin/dispatch/techs/${…}:130,,localStorage.getItem waves_admin_token:34; ,,client/src/components/ui/index.js
client/src/components/dispatch/TechMatchPanelV2.jsx,TechMatchPanelV2:31,Card:62; CardBody:63; Card:70; CardBody:71; Card:92; CardBody:93; Card:127; CardBody:128,,POST /api/dispatch/match/simulate:44,,localStorage.getItem waves_admin_token:7; ,,client/src/components/ui/index.js
client/src/components/dispatch/TechRosterPane.jsx,TechRosterPane:16,TechCard:29,,,,; ,,client/src/components/dispatch/TechCard.jsx
client/src/components/dispatch/VisualNotesReviewSection.jsx,VisualNotesReviewSection:31,Button:106; Badge:126; Textarea:152; Button:161; Button:169; Button:177; Button:185,,GET/default /jobs/${…}/visual-moments:43; PATCH /visual-moments/${…}/visibility:69; PATCH /visual-moments/${…}/customer-caption:85,,; ,,client/src/components/ui/index.js; client/src/utils/admin-fetch.js
client/src/components/equipment/MileageTab.jsx,MileageTab:33; StatBox:438; TripRow:447,StatBox:171; StatBox:172; StatBox:173; StatBox:174; StatBox:193; StatBox:194; StatBox:195; StatBox:196; TripRow:245; StatBox:332; StatBox:333; StatBox:334; StatBox:335; StatBox:361; StatBox:362; StatBox:363; StatBox:364,dashboard=Dashboard:131; trips=Trips:132; monthly=Monthly:133; irs=IRS Report:134,GET/default ${…}${…}:8; GET/default ${…}${…}:15; GET/default /admin/mileage/dashboard:58; GET/default <computed>:70; GET/default /admin/mileage/daily?start_date=${…}&end_date=${…}:83; GET/default /admin/mileage/irs-report?year=${…}:89; POST /admin/mileage/sync:101; PUT /admin/mileage/trips/${…}:106; PUT /admin/mileage/trips/${…}:113,,localStorage.getItem waves_admin_token:9; localStorage.getItem waves_admin_token:16; ,,client/src/lib/timezone.js
client/src/components/estimates/CommercialProposalModal.jsx,CommercialProposalModal:57,Dialog:218; DialogHeader:219; DialogTitle:220; DialogBody:226; Loader2:229; Input:242; Input:246; Input:250; Input:254; Building2:264; Input:265; Button:271; Trash2:272; Input:280; Input:285; Input:290; Select:295; Switch:304; Button:311; Trash2:312; Button:318; Plus:319; Button:325; Plus:326; Textarea:331; DialogFooter:367; Badge:369; Button:371; Button:372; Loader2:373; Download:373; Button:375,,GET/default /admin/estimates/${…}/proposal:77; PUT /admin/estimates/${…}/proposal:165; GET/default ${…}/admin/estimates/${…}/proposal.pdf:199,,localStorage.getItem waves_admin_token:201; ,,client/src/components/ui/index.js
client/src/components/report/ProjectReportEngage.jsx,ProjectAskWaves:39; ProjectReviewAsk:119,Icon:111,,POST ${…}/reports/project/${…}/ask:50,,; ,,client/src/theme-brand.js; client/src/components/Icon.jsx
client/src/components/schedule/AnnualPrepayLauncher.jsx,AnnualPrepayLauncher:46,MobilePaymentSheet:172; AnnualPrepayInvoiceModal:187,,GET/default ${…}${…}:14; GET/default /admin/customers/${…}:57; GET/default /admin/invoices/${…}:106; POST /admin/invoices/${…}/void:121,,localStorage.getItem waves_admin_token:16; ,,client/src/components/admin/Customer360ProfileV2.jsx; client/src/components/schedule/MobilePaymentSheet.jsx
client/src/components/schedule/BestTimeHint.jsx,BestTimeHint:27,,,,,; ,,
client/src/components/schedule/BillingLaneCard.jsx,BillingLaneCard:55,,,,,; ,,
client/src/components/schedule/CalendarViewsV2.jsx,ViewModeSelectorV2:97; CalendarLoadError:132; WeekViewV2:152; MonthServiceChip:292; MonthDayCell:340; MonthViewV2:398,CalendarLoadError:178; Card:269; CardBody:270; MonthServiceChip:386; CalendarLoadError:539; Card:557; CardBody:558; DndContext:588; Card:590; MonthDayCell:611; RescheduleConfirmModal:622; Card:641; CardBody:642,day=Day:90; 5day=5-Day:91; week=Week:92; month=Month:93; list=List:94,GET/default ${…}${…}:56; GET/default /admin/schedule/week?start=${…}:171; GET/default /admin/schedule/month?month=${…}:416; POST /admin/dispatch/${…}/reschedule:495,,localStorage.getItem waves_admin_token:58; ,,client/src/components/ui/index.js; client/src/components/schedule/RescheduleConfirmModal.jsx; client/src/components/schedule/seriesMove.js; client/src/lib/timezone.js
client/src/components/schedule/CancelFeeNotice.jsx,CancelFeeNotice:63,,,,,; ,,client/src/lib/cardHoldCancel.js
client/src/components/schedule/CreateAppointmentModal.jsx,CreateAppointmentModal:434,AddressAutocomplete:2128; EstimateProvenanceCard:2280; SlotConflictNotice:3052; BestTimeHint:3053,,GET/default ${…}${…}:50; GET/default /admin/services?${…}:520; GET/default /admin/customers/${…}/schedule-estimates:562; GET/default /admin/estimates/${…}/schedule-source:572; GET/default /admin/schedule/annual-prepay-availability:671; GET/default /admin/schedule/card-request-availability:708; GET/default /admin/technicians:1041; GET/default /admin/discounts:1048; GET/default /admin/schedule/mosquito-onetime-quote?customerId=${…}:1081; GET/default /admin/customers?search=${…}&limit=8:1100; POST /admin/customers/quick-add:1122; POST /admin/schedule/find-time:1166; GET/default /admin/schedule/annual-prepay-preview?${…}:1460; GET/default /admin/schedule/mosquito-onetime-quote?customerId=${…}:1545; POST /admin/schedule:1720; GET/default /admin/schedule/annual-prepay-preview?${…}:1806; POST /admin/customers/${…}/annual-prepay-invoice:1818,,localStorage.getItem waves_admin_token:52; ,,client/src/components/AddressAutocomplete.jsx; client/src/components/schedule/EstimateProvenanceCard.jsx; client/src/hooks/useModalFocus.js; client/src/components/schedule/SlotConflictNotice.jsx; client/src/components/schedule/useSlotConflicts.js; client/src/components/schedule/BestTimeHint.jsx; client/src/components/schedule/useBestTimes.js
client/src/components/schedule/EstimateProvenanceCard.jsx,EstimateProvenanceCard:349,,,,,; ,,client/src/hooks/useCustomerCards.js
client/src/components/schedule/InlineTechPicker.jsx,InlineTechPicker:6,,,PUT ${…}/admin/schedule/${…}/assign:22,,localStorage.getItem waves_admin_token:21; document.addEventListener pointerdown:14,,
client/src/components/schedule/MarkPrepaidModal.jsx,MarkPrepaidModal:99,,,GET/default ${…}${…}:15; POST /admin/schedule/${…}/prepaid:177,,localStorage.getItem waves_admin_token:19; ,prepaid-receipt:139,client/src/hooks/useFeatureFlag.js
client/src/components/schedule/MobileAppointmentDetailSheet.jsx,MobileAppointmentDetailSheet:125,EstimateProvenanceCard:662; BillingLaneCard:686; PrepaySwitchSheet:713; CancelFeeNotice:898; MobileCustomerDetailSheet:929; RainOutSheet:942,,GET/default ${…}${…}:39; GET/default /admin/schedule/${…}/card-request:180; POST /admin/schedule/${…}/card-request:190; GET/default /admin/schedule/${…}/card-request:193; GET/default /admin/schedule/annual-prepay-availability:205; GET/default /admin/schedule/${…}/estimate-source:224; PATCH /admin/dispatch/${…}/note:336; PUT /admin/dispatch/${…}/status:377,,localStorage.getItem waves_admin_token:41; ,,client/src/lib/timezone.js; client/src/lib/cardHoldCancel.js; client/src/components/schedule/CancelFeeNotice.jsx; client/src/components/schedule/MobileCustomerDetailSheet.jsx; client/src/components/schedule/RainOutSheet.jsx; client/src/components/schedule/EstimateProvenanceCard.jsx; client/src/components/schedule/BillingLaneCard.jsx; client/src/components/schedule/PrepaySwitchSheet.jsx; client/src/hooks/useCustomerCards.js; client/src/components/schedule/visitInvoice.js; client/src/components/schedule/cardLinkStatus.js
client/src/components/schedule/MobileCardOnFileSheet.jsx,MobileCardOnFileSheet:36,ArrowLeft:115,,GET/default ${…}/admin/customers/${…}/cards:57; POST ${…}/admin/invoices/${…}/charge-card:72,,localStorage.getItem waves_admin_token:58; localStorage.getItem waves_admin_token:76; ,,
client/src/components/schedule/MobileCashTenderSheet.jsx,MobileCashTenderSheet:18,ArrowLeft:100; Delete:196,,POST ${…}/admin/invoices/${…}/record-payment:64,,localStorage.getItem waves_admin_token:68; ,,
client/src/components/schedule/MobileCheckTenderSheet.jsx,MobileCheckTenderSheet:12,ArrowLeft:73,,POST ${…}/admin/invoices/${…}/record-payment:34,,localStorage.getItem waves_admin_token:38; ,,
client/src/components/schedule/MobileCheckoutSheet.jsx,MobileCheckoutSheet:62,X:301; Tag:397; Tag:423; Tag:451; X:463; MobileServicePickerSheet:524; MobileItemDiscountPickerSheet:531,,POST ${…}/admin/schedule/${…}/invoice:253,,localStorage.getItem waves_admin_token:257; ,,client/src/components/schedule/MobileServicePickerSheet.jsx; client/src/components/schedule/MobileItemDiscountPickerSheet.jsx; client/src/hooks/useCustomerCards.js; client/src/components/schedule/visitInvoice.js
client/src/components/schedule/MobileCustomerDetailSheet.jsx,MobileCustomerDetailSheet:53; StatCell:340; ContactRow:349; Section:358,StatCell:162; StatCell:164; StatCell:166; ContactRow:183; CallBridgeLink:184; ContactRow:188; ContactRow:193; Section:205; Section:232,,GET/default /admin/customers/${…}${…}:64,,; window.addEventListener keydown:76,,client/src/lib/adminFetch.js; client/src/components/admin/CallBridgeLink.jsx; client/src/components/schedule/customerAppointments.js
client/src/components/schedule/MobileDayStrip.jsx,MobileDayStrip:75,,,,,; ,,client/src/components/ui/index.js; client/src/lib/timezone.js
client/src/components/schedule/MobileDispatchList.jsx,AppointmentRow:126; DaySegment:354; MobileDispatchList:420,Badge:203; Badge:207; InlineTechPicker:269; Leaf:288; BookOpen:299; ShieldCheck:310; WavesMark:321; MapPin:334; QuickActionMenu:341; AppointmentRow:401; DaySegment:467; DaySegment:502,,GET/default ${…}${…}:25; GET/default /admin/schedule/week?start=${…}:434,,localStorage.getItem waves_admin_token:26; ,,client/src/components/brand/WavesMark.jsx; client/src/components/ui/index.js; client/src/lib/service-colors.js; client/src/lib/timezone.js; client/src/components/schedule/InlineTechPicker.jsx; client/src/components/schedule/QuickActionMenu.jsx
client/src/components/schedule/MobileItemDiscountPickerSheet.jsx,MobileItemDiscountPickerSheet:40,X:109; QuickRow:132; Gift:133; QuickRow:138; Star:139; QuickRow:144; DollarSign:145; Tag:157; Tag:168; Tag:185,,GET/default ${…}${…}:18; GET/default /admin/discounts:47,,localStorage.getItem waves_admin_token:20; ,,
client/src/components/schedule/MobileManualCardSheet.jsx,MobileManualCardSheet:19,ArrowLeft:205,,POST ${…}/pay/${…}/setup:44; POST ${…}/pay/${…}/finalize:121; POST ${…}/pay/${…}/confirm:150; POST ${…}/pay/${…}/quote:169,,; ,,client/src/lib/stripeLoader.js
client/src/components/schedule/MobilePaymentSheet.jsx,MobilePaymentSheet:38,X:139; ChevronRight:223; MobileManualCardSheet:232; MobileCashTenderSheet:245; MobileCheckTenderSheet:258; MobileCardOnFileSheet:271,cash=Cash:101; check=Check:102; manual_cc=Manual Credit Card Entry:103; card_on_file=Card on File:109; invoice=Invoice:116,POST ${…}/admin/invoices/${…}/send:67,,localStorage.getItem waves_admin_token:71; ,,client/src/lib/tapToPay.js; client/src/lib/adminAuth.js; client/src/components/schedule/MobileManualCardSheet.jsx; client/src/components/schedule/MobileCashTenderSheet.jsx; client/src/components/schedule/MobileCheckTenderSheet.jsx; client/src/components/schedule/MobileCardOnFileSheet.jsx
client/src/components/schedule/MobileServiceEditModal.jsx,MobileServiceEditModal:59,X:149; Check:225; ChevronRight:295; Check:309; Check:325,monthly=Billed Monthly:35; bimonthly=Bi-Monthly:36; quarterly=Quarterly:37; semiannual=Semiannual:38; one_time=One-Time Service:39,GET/default ${…}${…}:17; PUT /admin/schedule/${…}/update-details:104,,localStorage.getItem waves_admin_token:21; ,,client/src/components/schedule/seriesMove.js
client/src/components/schedule/MobileServicePickerSheet.jsx,MobileServicePickerSheet:39,X:68,,GET/default ${…}${…}:14; GET/default /admin/services?is_active=true&limit=500:46,,localStorage.getItem waves_admin_token:16; ,,
client/src/components/schedule/MobileWeekGrid.jsx,MobileBlock:148; Slot:220; DayColumn:242; TimeAxis:296; DayHeaderRow:346; MobileWeekGrid:400,Slot:253; MobileBlock:263; DayHeaderRow:689; DndContext:701; TimeAxis:703; DayColumn:705; RescheduleConfirmModal:723,,GET/default ${…}${…}:53; GET/default /admin/schedule/week?start=${…}:420; POST /admin/dispatch/${…}/reschedule:594; GET/default /admin/schedule/week?start=${…}:616,,localStorage.getItem waves_admin_token:55; setInterval None:426; el.addEventListener wheel:484; el.addEventListener touchstart:523; el.addEventListener touchmove:524; el.addEventListener touchend:525; el.addEventListener touchcancel:526,,client/src/components/ui/index.js; client/src/components/schedule/RescheduleConfirmModal.jsx; client/src/components/schedule/seriesMove.js; client/src/lib/service-colors.js; client/src/lib/timezone.js
client/src/components/schedule/PrepaySwitchSheet.jsx,Shell:107; PrepaySwitchSheet:118,MobilePaymentSheet:334; Shell:351; Shell:412; Shell:442; Shell:451; Shell:459; Shell:474,,GET/default ${…}${…}:39; GET/default /admin/schedule/annual-prepay-preview?scheduledServiceId=${…}:144; POST /admin/schedule/${…}/prepay-switch/undo:159; POST /admin/schedule/${…}/prepay-switch:184; GET/default /admin/invoices/${…}:229; POST /admin/invoices/${…}/void:257; GET/default /admin/invoices/${…}:295; GET/default /admin/schedule/${…}/prepay-switch/status?invoiceId=${…}:303; GET/default /admin/schedule/${…}/prepay-switch/status?invoiceId=${…}:311,,localStorage.getItem waves_admin_token:42; ,,client/src/components/schedule/MobilePaymentSheet.jsx
client/src/components/schedule/QuickActionMenu.jsx,QuickActionMenu:5,CalendarDays:47; XCircle:53; DollarSign:59,,,,; document.addEventListener pointerdown:12; document.addEventListener keydown:18,,
client/src/components/schedule/RainOutSheet.jsx,RainOutSheet:310,BestTimeHint:844,,GET/default ${…}/admin/dispatch/${…}/rain-out-options:335; POST ${…}/admin/dispatch/${…}/rain-out/custom-preview:460; POST ${…}/admin/dispatch/${…}/rain-out/target-check:495; POST ${…}/admin/dispatch/${…}/rain-out:574,,localStorage.getItem waves_admin_token:305; ,,client/src/hooks/useIsMobile.js; client/src/lib/timezone.js; client/src/components/schedule/useBestTimes.js; client/src/components/schedule/BestTimeHint.jsx
client/src/components/schedule/RecurringAlertsBannerV2.jsx,RecurringAlertsBannerV2:31,Button:101; Button:104; Button:107; Button:110; Button:116; Button:124; Button:132,,GET/default ${…}${…}:14; GET/default /admin/schedule/recurring-alerts:38; POST /admin/schedule/recurring-alerts/${…}/action:48,,localStorage.getItem waves_admin_token:16; ,,client/src/components/ui/index.js
client/src/components/schedule/RescheduleConfirmModal.jsx,RescheduleConfirmModal:53,SeriesMoveNotice:250; SlotConflictNotice:261; BestTimeHint:262; Button:270; Button:273; Button:285,,,,; ,,client/src/components/ui/index.js; client/src/components/schedule/useSlotConflicts.js; client/src/components/schedule/SlotConflictNotice.jsx; client/src/components/schedule/useBestTimes.js; client/src/components/schedule/BestTimeHint.jsx; client/src/components/schedule/SeriesMoveNotice.jsx; client/src/components/schedule/seriesMove.js
client/src/components/schedule/ScheduleClientSearch.jsx,ScheduleClientSearch:87,Search:164; X:191,,GET/default /admin/schedule/list?search=${…}&from=${…}&limit=50:120,,; document.addEventListener pointerdown:103,,client/src/utils/admin-fetch.js; client/src/lib/timezone.js; client/src/components/ui/index.js
client/src/components/schedule/ScheduleCustomerSidebar.jsx,Section:77; ScheduleCustomerSidebar:86,MoreHorizontal:277; X:312; CallBridgeLink:329; Section:350; Section:374; Section:403; Section:426; Section:438; Section:451; X:492; CancelFeeNotice:575,,GET/default /admin/customers/${…}${…}:121; PATCH /admin/dispatch/${…}/note:188; PUT /admin/dispatch/${…}/status:221,,; window.addEventListener keydown:134,,client/src/lib/adminFetch.js; client/src/lib/cardHoldCancel.js; client/src/components/schedule/CancelFeeNotice.jsx; client/src/lib/timezone.js; client/src/components/schedule/customerAppointments.js; client/src/components/admin/CallBridgeLink.jsx
client/src/components/schedule/ScheduleListView.jsx,ScheduleListView:39,Button:455; SortIndicator:499; SortIndicator:500; SortIndicator:501; SortIndicator:503; SortIndicator:504; SortIndicator:506; Button:516; Badge:537; Badge:544,,GET/default ${…}${…}:10; GET/default /admin/schedule/list?${…}:123; POST /admin/schedule/bulk-action:287,,localStorage.getItem waves_admin_token:12; ,,client/src/components/ui/index.js; client/src/lib/timezone.js; client/src/components/schedule/useSlotConflicts.js; client/src/components/schedule/seriesMove.js
client/src/components/schedule/SeriesMoveNotice.jsx,SeriesMoveNotice:8,,,,,; ,,client/src/components/schedule/seriesMove.js
client/src/components/schedule/SlotConflictNotice.jsx,SlotConflictNotice:25,,,,,; ,,
client/src/components/schedule/TimeGridDay.jsx,WeekStrip:231; NowLine:281; CloseoutOwedChip:319; AppointmentBlock:333; SlotDroppable:552; TechColumn:585; TimeAxis:717; AllDayStrip:749; RailItem:817; UnassignedRail:917; BulkActionBar:989; TimeGridDay:1091,ShieldCheck:439; BookOpen:457; Leaf:475; CloseoutOwedChip:498; SlotDroppable:652; NowLine:665; AppointmentBlock:690; CloseoutOwedChip:774; Leaf:784; BookOpen:796; ShieldCheck:808; CloseoutOwedChip:867; Leaf:881; BookOpen:895; ShieldCheck:909; RailItem:970; WeekStrip:1530; WeekStrip:1543; AllDayStrip:1544; BulkActionBar:1546; DndContext:1570; UnassignedRail:1573; TimeAxis:1591; TechColumn:1593; RescheduleConfirmModal:1621,,GET/default ${…}${…}:84; PUT /admin/schedule/${…}/assign:1247; POST /admin/dispatch/${…}/reschedule:1266; POST /admin/dispatch/${…}/reschedule:1320; POST /admin/dispatch/${…}/reschedule:1396; PUT /admin/schedule/${…}/assign:1445; POST /admin/visits/group:1490; POST /admin/visits/${…}/split:1511,,localStorage.getItem waves_admin_token:86; setInterval None:287; window.addEventListener pointermove:381; window.addEventListener pointerup:382; window.addEventListener pointermove:627; window.addEventListener pointerup:628,,client/src/components/ui/index.js; client/src/components/schedule/RescheduleConfirmModal.jsx; client/src/components/schedule/seriesMove.js; client/src/components/schedule/useSlotConflicts.js
client/src/components/schedule/TimeGridDays.jsx,DayRainChip:97; CloseoutOwedChip:216; AppointmentBlock:224; SlotDroppable:327; AnytimeStrip:358; DayColumn:383; TimeAxis:519; RailItem:548; UnassignedRail:626; TimeGridDays:705,CloudRain:107; CloseoutOwedChip:282; Leaf:303; RailItem:370; DayRainChip:450; AnytimeStrip:454; SlotDroppable:464; AppointmentBlock:500; CloseoutOwedChip:596; Leaf:618; ChevronRight:656; ChevronLeft:672; RailItem:686; DndContext:1012; UnassignedRail:1015; TimeAxis:1031; DayColumn:1033; RescheduleConfirmModal:1052,,GET/default ${…}${…}:47; GET/default /admin/schedule/week?start=${…}:737; PUT /admin/schedule/${…}/assign:935; POST /admin/dispatch/${…}/reschedule:941; GET/default /admin/schedule/week?start=${…}:964,,localStorage.getItem waves_admin_token:49; window.addEventListener pointermove:428; window.addEventListener pointerup:429,,client/src/components/ui/index.js; client/src/components/schedule/RescheduleConfirmModal.jsx; client/src/components/schedule/seriesMove.js; client/src/lib/timezone.js
client/src/components/schedule/TreatmentPlanPanel.jsx,Field:36; PlanCard:45; NoticeList:60; ProductLine:81; TreatmentPlanPanel:124,Icon:50; Badge:99; Badge:100; Leaf:193; Badge:195; X:207; NoticeList:217; PlanCard:221; Button:221; RefreshCw:221; Field:223; Field:224; Field:225; Field:226; Field:227; Field:228; Field:229; Field:230; Field:231; Field:232; NoticeList:235; NoticeList:236; PlanCard:240; ProductLine:244; ProductLine:252; PlanCard:264; Field:283; Field:284; Field:285; Field:286; PlanCard:290; ProductLine:309; PlanCard:319; PlanCard:337; CheckCircle2:337; Field:339; Field:340; Field:341,,GET/default /admin/treatment-plans/${…}${…}:149,,; ,,client/src/utils/admin-fetch.js; client/src/components/ui/index.js
client/src/components/schedule/WeatherBar.jsx,WeatherBar:6,,,GET/default ${…}/admin/dashboard-ops/weather?date=${…}:12,,localStorage.getItem waves_admin_token:11; ,,
client/src/components/schedule/cardLinkStatus.js,,,,,,; ,,
client/src/components/schedule/customerAppointments.js,,,,,,; ,,client/src/lib/timezone.js
client/src/components/schedule/seriesMove.js,,,,GET/default ${…}/admin/dispatch/${…}/series-move-preview?newDate=${…}:116,,localStorage.getItem waves_admin_token:119; ,,client/src/lib/timezone.js
client/src/components/schedule/useBestTimes.js,,,,POST ${…}/admin/schedule/find-time:36,,localStorage.getItem waves_admin_token:16; ,,
client/src/components/schedule/useSlotConflicts.js,,,,POST ${…}/admin/dispatch/slot-check:31,,localStorage.getItem waves_admin_token:14; ,,
client/src/components/schedule/visitInvoice.js,,,,,,; ,,
client/src/components/tech/CreateProjectModal.jsx,CreateProjectModal:299; PhotoIcon:2726; LibraryIcon:2736; PhotoQueue:2747,WdoSignaturePad:1998; WdoIntelligenceBar:2418; ProjectFindingFieldInput:2538; DictationButton:2632; PhotoQueue:2646; PhotoIcon:2794; LibraryIcon:2806,,GET/default /admin/projects/types:665; GET/default /admin/customers/${…}/estimates-summary:678; GET/default /admin/customers?search=${…}&limit=8:692; GET/default /admin/projects/service-search?${…}:713; GET/default /admin/dispatch/products/catalog:809; GET/default /admin/projects/scheduled-service/${…}/application-prefill:860; GET/default /admin/projects/applicators:995; POST /admin/projects/ai-write-preview:1213; GET/default /admin/customers/${…}/latest-scheduled-service:1246; POST /admin/projects/wdo-treatment-photo:1320; POST /admin/projects:1415; PUT /admin/projects/${…}:1441; POST /admin/projects/${…}/photos:1472; GET/default /admin/projects/${…}:1503; POST /admin/projects/${…}/send-with-invoice:1563; POST /admin/projects/${…}/send-with-invoice:1580; POST /admin/projects/${…}/close:1601; POST /admin/projects/${…}/send:1647; POST /admin/projects/${…}/close:1657; POST /admin/projects/${…}/send-with-invoice:1692; POST /admin/invoices/${…}/charge-card-quote:1702; POST /admin/invoices/${…}/charge-card:1722; POST /admin/projects/${…}/send:1746; POST /admin/projects/${…}/close:1761,,localStorage.getItem None:557; localStorage.removeItem None:566; localStorage.setItem None:617; localStorage.setItem None:633; localStorage.removeItem None:659; localStorage.getItem None:856; localStorage.removeItem None:1439; localStorage.removeItem None:1494; ,,client/src/lib/adminFetch.js; client/src/components/tech/WdoIntelligenceBar.jsx; client/src/components/tech/WdoSignaturePad.jsx; client/src/lib/wdoProfileToFindings.js; client/src/lib/termitePretreatRates.js; client/src/components/tech/ProjectFindingFieldInput.jsx; client/src/components/tech/DictationButton.jsx; client/src/hooks/useModalFocus.js; client/src/hooks/useCustomerCards.js
client/src/components/tech/DictationButton.jsx,DictationButton:18,,,,,; ,,
client/src/components/tech/LawnFindingPicker.jsx,LawnFindingPicker:8,,,,,; ,,shared/lawn-condition-findings.json
client/src/components/tech/ProjectFindingFieldInput.jsx,SearchableProductInput:129; InlineChipsInput:224; CountStepperInput:295; MultiSelectInput:341; CustomerSearchInput:529; ApplicationsRepeaterInput:658; ProjectFindingFieldInput:803,ProjectFindingFieldInput:745; ApplicationsRepeaterInput:819; AddressAutocomplete:836; SearchableProductInput:850; CustomerSearchInput:867; MultiSelectInput:914; InlineChipsInput:929; CountStepperInput:942; DictationButton:975; DictationButton:1011,,GET/default /admin/customers?search=${…}&limit=8:541,,; ,,client/src/components/AddressAutocomplete.jsx; client/src/lib/adminFetch.js; client/src/lib/termitePretreatRates.js; client/src/components/tech/DictationButton.jsx
client/src/components/tech/TechIntelligenceBar.jsx,TechIntelligenceBar:47,,route=Today's Route:98; next=What's Next?:99; weather=Spray Check:100; protocol=Protocol:101,GET/default ${…}${…}:18,,; ,,client/src/lib/adminAuth.js; client/src/utils/ibImages.js
client/src/components/tech/TechTreatmentZoneModal.jsx,TechTreatmentZoneModal:97,,,GET/default ${…}/api/tech/services/${…}/treatment-zone:198; GET/default ${…}/api/tech/services/${…}/geocode:233; POST ${…}/api/tech/services/${…}/treatment-zone/suggest:323; GET/default <computed>:456; POST ${…}/api/tech/services/${…}/treatment-zone:510,,; ,,client/src/lib/adminAuth.js; client/src/components/tech/treatmentZoneSpray.js
client/src/components/tech/WdoIntelligenceBar.jsx,WdoIntelligenceBar:40,,,POST /admin/projects/wdo-history:151; POST /admin/projects/wdo-intelligence:229,,; ,,client/src/lib/adminFetch.js
client/src/components/tech/WdoSignaturePad.jsx,WdoSignaturePad:16,,,POST /admin/projects/${…}/wdo-signature:152; DELETE /admin/projects/${…}/wdo-signature:182,,; ,,client/src/lib/adminFetch.js
client/src/components/tech/treatmentZoneSpray.js,,,,GET/default <computed>:1049; GET/default <computed>:1077,,; ,,
client/src/components/ui/Badge.jsx,Badge:20,,,,,; ,,client/src/components/ui/cn.js
client/src/components/ui/Button.jsx,,,,,,; ,,client/src/components/ui/cn.js
client/src/components/ui/Card.jsx,Card:4; CardHeader:18; CardTitle:32; CardBody:47; CardFooter:55,,,,,; ,,client/src/components/ui/cn.js
client/src/components/ui/Checkbox.jsx,,,,,,; ,,client/src/components/ui/cn.js
client/src/components/ui/Dialog.jsx,Dialog:17; DialogHeader:116; DialogTitle:130; DialogBody:149; DialogFooter:157,DialogTitleContext.Provider:107,,,,; ,,client/src/hooks/useModalFocus.js; client/src/components/ui/cn.js
client/src/components/ui/Input.jsx,,,,,,; ,,client/src/components/ui/cn.js
client/src/components/ui/Radio.jsx,,,,,,; ,,client/src/components/ui/cn.js
client/src/components/ui/Select.jsx,,,,,,; ,,client/src/components/ui/cn.js
client/src/components/ui/Sheet.jsx,Sheet:8; SheetHeader:60; SheetBody:74; SheetFooter:82,,,,,; ,,client/src/hooks/useModalFocus.js; client/src/components/ui/cn.js
client/src/components/ui/Switch.jsx,,,,,,; ,,client/src/components/ui/cn.js
client/src/components/ui/Table.jsx,Table:4; THead:17; TBody:25; TR:29; TH:43; TD:61,,,,,; ,,client/src/components/ui/cn.js
client/src/components/ui/Tabs.jsx,Tabs:6; TabList:14; Tab:29; TabPanel:55,TabsCtx.Provider:8,,,,; ,,client/src/components/ui/cn.js
client/src/components/ui/Textarea.jsx,,,,,,; ,,client/src/components/ui/cn.js
client/src/components/ui/cn.js,,,,,,; ,,
client/src/components/ui/index.js,,,,,,; ,,client/src/components/ui/Button.jsx; client/src/components/ui/Input.jsx; client/src/components/ui/Select.jsx; client/src/components/ui/Checkbox.jsx; client/src/components/ui/Radio.jsx; client/src/components/ui/Switch.jsx; client/src/components/ui/Textarea.jsx; client/src/components/ui/Badge.jsx; client/src/components/ui/Card.jsx; client/src/components/ui/Table.jsx; client/src/components/ui/Dialog.jsx; client/src/components/ui/Sheet.jsx; client/src/components/ui/Tabs.jsx; client/src/components/ui/cn.js
client/src/config/adminNavigation.js,,,dashboard=Dashboard:51; customers=Customers:61; pipeline=Pipeline:67; schedule=Schedule:74; staff=Staff:80; services=Services:86; jobs=Reports:93; contracts=Contracts:99; communications=Communications:107; reviews=Reviews:114; referrals=Referrals:121; email=Email:128; ppc=PPC:135; seo=SEO:142; social=Social Media:149; blog=Blog:156; newsletter=Newsletter:163; assessments=Assessments:170; recruiting=Recruiting:177; agents=Agent Ops:185; agentEstimate=Agent Estimate:192; equipment=Equipment:200; inventory=Inventory:206; priceMatch=Price Match:212; compliance=Compliance:219; knowledge=Knowledge:226; invoices=Invoices:232; recovery=Recovery:239; payers=Payers:246; banking=Banking:254; taxes=Taxes:261; pricing=Pricing:268; toolHealth=Tool Health:275; settings=Settings:282; more=Settings:293,,,; ,,client/src/config/mobileSettingsSections.js
client/src/config/mobileSettingsSections.js,,,invoices=Invoices:8; payments=Payments:9; tap-to-pay=Tap to Pay:10; communications=Communications:17; team=Team:22; service-reports=Service Reports:23; blackout-days=Blackout Days:29; link-library=Link Library:35; kpi-targets=KPI Targets:41; integrations=Integrations:47; account=Account:53; system=System:54; usage=Portal Usage:55; feature-flags=Early feature access:56,,,; ,,
client/src/constants/business.js,,,,,,; ,,
client/src/constants/serviceCategories.js,,,,,,; ,,
client/src/glass/glass-engine.js,,,,,,; document.addEventListener pointermove:128; window.addEventListener scroll:129,,client/src/glass/glass-theme.css
client/src/hooks/useCustomerCards.js,,,,GET/default ${…}/admin/customers/${…}/cards:52,,localStorage.getItem waves_admin_token:53; ,,
client/src/hooks/useDispatchAlerts.js,,,,GET/default ${…}/admin/dispatch/alerts?unresolved=true:67; PATCH ${…}/admin/dispatch/alerts/${…}/resolve:156; POST ${…}/admin/dispatch/alerts/resolve-all:166,,localStorage.getItem waves_admin_token:37; localStorage.getItem waves_admin_token:108; socket.on dispatch:alert:135; socket.on dispatch:alert_resolved:136,,
client/src/hooks/useDispatchBoard.js,,,,GET/default ${…}/admin/dispatch/board:125,,localStorage.getItem waves_admin_token:50; localStorage.getItem waves_admin_token:149; socket.on dispatch:tech_status:214; socket.on dispatch:job_update:262,,
client/src/hooks/useFeatureFlag.js,,,,GET/default ${…}/admin/feature-flags:20,,localStorage.getItem waves_admin_token:15; ,,
client/src/hooks/useIntelligenceBar.js,,,,GET/default ${…}${…}:23; GET/default /admin/intelligence-bar/quick-actions${…}:77; POST /admin/intelligence-bar/query:150,,localStorage.getItem waves_admin_token:25; ,,client/src/utils/ibStorage.js; client/src/utils/ibImages.js
client/src/hooks/useIntelligenceBarPageData.jsx,IntelligenceBarPageDataProvider:5,PageDataContext.Provider:7,,,,; ,,
client/src/hooks/useIsMobile.js,,,,,,; window.addEventListener resize:10,,
client/src/hooks/useLockBodyScroll.js,,,,,,; ,,
client/src/hooks/useModalFocus.js,,,,,,; document.addEventListener keydown:98,,
client/src/hooks/useRenderedTabBeacon.js,,,,,,; ,,client/src/lib/adminUsage.js
client/src/hooks/useSpeechDictation.js,,,,GET/default ${…}/tech/services/${…}/dictation/availability:63; POST ${…}/tech/services/${…}/dictation:96,,localStorage.getItem waves_admin_token:61; localStorage.getItem waves_admin_token:84; ,,
client/src/lib/adminAuth.js,,,,,,localStorage.getItem waves_admin_token:2; localStorage.getItem waves_admin_user:7; localStorage.getItem techName:16; localStorage.getItem adminName:16; ,,
client/src/lib/adminBookmarkMeta.js,,,,,,; ,,
client/src/lib/adminFetch.js,,,,GET/default ${…}${…}:27,,localStorage.getItem waves_admin_token:17; ,,
client/src/lib/adminUsage.js,,,,POST ${…}/admin/usage/track:212,,localStorage.getItem waves_admin_token:198; localStorage.getItem waves_admin_token:245; window.addEventListener pagehide:226,,
client/src/lib/callProcessResult.js,,,,,,; ,,
client/src/lib/cardHoldCancel.js,,,,GET/default ${…}/admin/dispatch/${…}/card-hold:22,,; ,,client/src/lib/adminAuth.js
client/src/lib/cardSurcharge.js,,,,,,; ,,
client/src/lib/completion-resume-store.js,,,,,,; ,,
client/src/lib/contact-roles.js,,,,,,; ,,
client/src/lib/customerFormOptions.js,,,,,,; ,,
client/src/lib/customerPortalChrome.js,,,,,,; ,,
client/src/lib/discountCatalog.js,,,,,,; ,,
client/src/lib/dispatchCompletionRouting.js,,,,,,; ,,
client/src/lib/dispatchSync.js,,,,POST ${…}/dispatch/sync:2,,; ,,
client/src/lib/estimateEngine.js,,,10plus=10+:1504; 5plus=5+:1505; none=NONE:1506,,,; ,,
client/src/lib/invoiceDates.js,,,,,,; ,,client/src/lib/timezone.js
client/src/lib/lawn-completion.js,,,,,,; ,,shared/lawn-condition-findings.json
client/src/lib/lookupPrefill.js,,,,,,; ,,
client/src/lib/paymentMethodConsentText.js,,,,,,; ,,client/src/constants/business.js
client/src/lib/pest-default-mix.js,,,,,,; ,,
client/src/lib/pricingEngineClient.js,,,,POST /admin/pricing-config/estimate:30; POST /admin/pricing-config/quick-quote:40,,; ,,client/src/lib/adminFetch.js; client/src/lib/pricingFormatters.js
client/src/lib/product-label.js,,,,,,; ,,
client/src/lib/product-rate-prefill.js,,,,,,; ,,
client/src/lib/push-subscribe.js,,,,GET/default ${…}/admin/push/subscription-status:120; GET/default ${…}/admin/push/vapid-key:172; POST ${…}/admin/push/subscribe:199; POST ${…}/admin/push/unsubscribe:267; POST ${…}/admin/push/test:280,,localStorage.getItem waves_admin_token:85; localStorage.getItem None:92; localStorage.setItem None:100; localStorage.getItem waves_admin_token:119; localStorage.getItem waves_admin_token:167; localStorage.getItem waves_admin_token:256; localStorage.getItem waves_admin_token:279; ,,
client/src/lib/quoteDisplay.js,,,,,,; ,,
client/src/lib/reportError.js,,,,POST /api/client-errors:33,,; ,,
client/src/lib/service-colors.js,,,,,,; ,,
client/src/lib/service-completion-presets.js,,,,,,; ,,shared/specialty-service-closeouts.json; shared/specialty-service-keys.json
client/src/lib/serviceLibraryPayload.js,,,,,,; ,,
client/src/lib/staffTimeDate.js,,,,,,; ,,client/src/lib/timezone.js
client/src/lib/stripeLoader.js,,,,,,; ,,
client/src/lib/tapToPay.js,,,,POST /stripe/terminal/handoff:26,,; document.addEventListener visibilitychange:59; window.addEventListener pagehide:60,,client/src/lib/adminFetch.js; client/src/lib/tapToPayReturn.js
client/src/lib/tapToPayReturn.js,,,,,,sessionStorage.setItem None:35; sessionStorage.removeItem None:42; sessionStorage.getItem None:51; sessionStorage.removeItem None:53; ,,
client/src/lib/termitePretreatRates.js,,,,,,; ,,
client/src/lib/timezone.js,,,,,,; ,,
client/src/lib/wdoProfileToFindings.js,,,,,,; ,,
client/src/lib/wdoReportFields.js,,,,,,; ,,
client/src/native/biometric.js,,,,,,; ,,client/src/native/platform.js
client/src/native/nativeFile.js,,,,fetchRaw <computed>:128,,; ,,client/src/native/platform.js; client/src/utils/api.js
client/src/native/nativeLinks.js,,,,,,sessionStorage.getItem None:101; sessionStorage.setItem None:102; ,,client/src/native/platform.js
client/src/native/nativePush.js,,,,POST /push/native-subscribe:81; POST /push/native-unsubscribe:212; POST /push/native-unsubscribe:322,,localStorage.setItem None:48; localStorage.getItem None:53; localStorage.getItem waves_token:63; localStorage.setItem None:207; localStorage.getItem waves_refresh_token:209; localStorage.removeItem None:224; localStorage.removeItem None:225; localStorage.getItem None:270; localStorage.removeItem None:278; localStorage.getItem waves_refresh_token:304; ,,client/src/utils/api.js; client/src/native/platform.js; client/src/native/nativeLinks.js
client/src/native/platform.js,,,,,,localStorage.getItem waves_token:26; ,,
client/src/pages/AdminChangePasswordPage.jsx,AdminChangePasswordPage:30,Navigate:39,,POST ${…}/admin/auth/change-password:51,,localStorage.getItem waves_admin_token:32; localStorage.setItem waves_admin_token:62; localStorage.setItem waves_admin_user:63; ,,client/src/hooks/useFeatureFlag.js
client/src/pages/AdminForgotPasswordPage.jsx,AdminForgotPasswordPage:11,Link:82,,POST ${…}/admin/auth/forgot-password:23,,; ,,
client/src/pages/AdminLoginPage.jsx,AdminLoginPage:29,EyeOff:119; Eye:119; Link:130,,POST ${…}/admin/auth/login:44,,useSearchParams None:31; localStorage.removeItem waves_admin_token:52; localStorage.removeItem waves_admin_user:53; localStorage.setItem waves_admin_token:66; localStorage.setItem waves_admin_user:67; ,,client/src/hooks/useFeatureFlag.js
client/src/pages/AdminResetPasswordPage.jsx,AdminResetPasswordPage:17,Link:105,,POST ${…}/admin/auth/reset-password:50,,localStorage.setItem waves_admin_token:58; localStorage.setItem waves_admin_user:59; ,,client/src/hooks/useFeatureFlag.js
client/src/pages/LoginPage.jsx,LoginPage:38,WavesShell:108; Icon:506; Icon:522; Icon:526; Icon:533; Icon:601; Icon:618; Icon:647,,,,; ,,client/src/hooks/useAuth.jsx; client/src/theme-brand.js; client/src/theme-customer.js; client/src/components/Icon.jsx; client/src/glass/glass-engine.js; client/src/components/brand/index.js; client/src/native/platform.js
client/src/pages/ProjectReportViewPage.jsx,ProjectReportViewPage:369; AtAGlance:803; CertificateFieldGrid:875; CertificateOfCompliance:911; RoofRatPhoto:1211; PhotoGrid:1227; RecommendationsBlock:1322; BookingCta:1357,PublicLoadError:432; Icon:443; Icon:472; DocumentActionBar:594; ProjectAskWaves:603; AtAGlance:640; RoofRatPhoto:667; RecommendationsBlock:712; ProjectReviewAsk:720; Icon:743; CertificateOfCompliance:749; PhotoGrid:759; PhotoGrid:785; CertificateFieldGrid:1023; CertificateFieldGrid:1043; BookingCta:1333; BookingCta:1343; Icon:1394,,GET/default ${…}/reports/project/${…}/data:391; GET/default ${…}/reports/project/${…}/data:412,,useParams None:370; window.setInterval None:411,,client/src/theme-brand.js; client/src/theme-customer.js; client/src/theme-doc.js; client/src/components/Icon.jsx; client/src/components/PublicLoadError.jsx; client/src/components/DocumentActionBar.jsx; client/src/components/report/ProjectReportEngage.jsx; client/src/glass/glass-engine.js; client/src/constants/business.js; client/src/lib/wdoReportFields.js
client/src/pages/admin/AdminDispatchPage.jsx,AdminDispatchPage:97,AdminTabRedirect:135; AdminCommandHeader:143; DispatchBoardPage:167; Suspense:169; DispatchPageV2:177,,,,useSearchParams None:98; ,,client/src/components/admin/AdminCommandHeader.jsx; client/src/hooks/useRenderedTabBeacon.js; client/src/lib/adminAuth.js; client/src/components/admin/AdminTabRedirect.jsx; client/src/pages/admin/DispatchBoardPage.jsx; client/src/pages/admin/DispatchPageV2.jsx
client/src/pages/admin/AdminInvoicesPage.jsx,AiWriteButton:218; AdminInvoicesPage:516; ZelleNoticesCard:680; FilterPill:847; InvoiceList:930; InvoiceTimeline:2436; InvoiceAttachmentsPanel:2514; DeliveryRow:2781; SendInvoiceModal:2828; SendReceiptModal:3177; ApplyCreditModal:3499; RecordPaymentModal:3761; AnnualPrepayModal:4175; PaymentPlanModal:4568; CreateInvoice:4871; FollowupPanel:7122,Loader2:245; Sparkles:247; AdminCommandHeader:558; ZelleNoticesCard:576; InvoiceList:583; CreateInvoice:598; FilterPill:1495; FilterPill:1511; FilterPill:1524; InvoiceTimeline:1788; InvoiceAttachmentsPanel:1790; FollowupPanel:2044; SendInvoiceModal:2139; SendReceiptModal:2166; RecordPaymentModal:2181; PaymentPlanModal:2196; AnnualPrepayModal:2211; ApplyCreditModal:2226; MobileCardOnFileSheet:2241; Paperclip:2627; Upload:2661; FileText:2702; ExternalLink:2736; Trash2:2756; DeliveryRow:2985; DeliveryRow:2991; Upload:6506; Paperclip:6533; Trash2:6567; AiWriteButton:6670; DictationButton:6675; AiWriteButton:6728; DictationButton:6735,paid=Paid:1335; prepaid=Prepaid:1337; void=Void:1339; processing=Processing:1341; refunded=Refunded:1343; canceled=Canceled:1345; send_review=Needs review:1351; send_failed=Send failed:1358; scheduled=Scheduled:1359; sending=Sending:1362; draft=Draft:1364; overdue=Overdue:1368; overdue=Overdue:1371; viewed=Viewed:1373; sent=Sent:1374; all=All:1501; overdue=Overdue:1502; unpaid=Unpaid:1503; paid=Paid:1504; prepaid=Prepaid:1505; needs_receipt=Needs receipt:1506; draft=Draft:1507; archived=Archived:1508; all=All:1517; today=Today:1518; 7d=Last 7 days:1519; 30d=Last 30 days:1520; month=This month:1521; newest=Newest:1530; oldest=Oldest:1531; amount_high=Amount ↓:1532; amount_low=Amount ↑:1533; jobSummary=Job summary:6622; forms=Field observations:6623; lineItems=Line items:6624,GET/default ${…}${…}:112; POST ${…}${…}:136; GET/default /admin/invoices/stats:536; GET/default /admin/invoices/payment-notices?status=parked&limit=100:691; POST /admin/invoices/payment-notices/${…}/apply:716; POST /admin/invoices/payment-notices/${…}/ignore:745; GET/default /admin/invoices?${…}:987; GET/default /admin/invoices/${…}:1042; GET/default /admin/invoices/${…}:1094; POST /admin/invoices/${…}/void:1130; POST /admin/invoices/${…}/unvoid:1150; POST /admin/invoices/${…}/reverse-prepaid:1169; POST /admin/invoices/${…}/payment-plan/cancel:1191; POST /admin/invoices/${…}/archive:1222; POST /admin/invoices/${…}/unarchive:1238; POST <computed>:1312; GET/default /admin/invoices/${…}/attachments:2531; GET/default /admin/invoices/${…}/attachments/${…}/url:2567; DELETE /admin/invoices/${…}/attachments/${…}:2580; GET/default /admin/invoices/${…}/recipients:2842; POST /admin/invoices/${…}/send:2886; GET/default /admin/invoices/${…}/recipients:3190; POST /admin/invoices/${…}/send-receipt:3230; GET/default /admin/invoices/${…}/credit-context:3510; POST /admin/invoices/${…}/apply-credit:3536; GET/default /admin/invoices/${…}/recipients:3781; POST /admin/invoices/${…}/record-payment:3845; GET/default /admin/invoices/${…}:4201; POST /admin/invoices/${…}/annual-prepay:4277; DELETE /admin/invoices/${…}/annual-prepay:4315; POST /admin/invoices/${…}/payment-plan:4594; GET/default /admin/discounts:4949; GET/default /admin/invoices/customers/search?q=${…}:5020; GET/default /admin/invoices/service-records/${…}:5036; GET/default /admin/services?search=${…}&is_active=true&limit=10:5053; POST /admin/invoices/notes/ai:5352; POST /admin/invoices/email-message/ai:5394; POST /admin/invoices:5476; POST /admin/invoices/${…}/send:5497; GET/default /admin/invoices/${…}:5520; POST /admin/invoices/${…}/schedule-send:5551; PUT /admin/invoices/${…}:5631; POST /admin/invoices/${…}/schedule-send:5740; POST /admin/invoices/${…}/send:5761; GET/default /admin/invoices/${…}:5775; GET/default /admin/invoices/${…}:5808; GET/default /admin/invoices/${…}/followup:7127; POST /admin/invoices/${…}/followup/${…}:7139,,localStorage.getItem waves_admin_token:114; localStorage.getItem waves_admin_token:139; useSearchParams None:940; window.addEventListener resize:528; document.addEventListener mousedown:855,ff_invoice_send_receipt:973; ff_invoice_ai_summary:4888; ff_invoice_email_message:4891,client/src/lib/tapToPay.js; client/src/hooks/useFeatureFlag.js; client/src/lib/cardSurcharge.js; client/src/lib/invoiceDates.js; client/src/lib/timezone.js; client/src/components/admin/AdminCommandHeader.jsx; client/src/components/tech/DictationButton.jsx; client/src/components/schedule/MobileCardOnFileSheet.jsx; client/src/lib/adminAuth.js
client/src/pages/admin/AdminPriceChangePage.jsx,AdminPriceChangePage:43,Card:130; Button:182; Button:186; Card:208; Badge:213,,GET/default ${…}${…}:17; POST /admin/price-change/preview:71; POST /admin/price-change/send:94,,localStorage.getItem waves_admin_token:19; ,,client/src/components/ui/index.js
client/src/pages/admin/AdsPage.jsx,Card:124; KpiCard:140; Badge:174; OverviewTab:247; EmptyState:381; CallBridgeTab:413; ServiceLinesTab:723; AdvisorTab:1027; CapacityTab:1641; SEODashboardTab:1875; SEOAdvisorTab:2666; RankingsTab:3247; BacklinksTab:3413; ContentQATab:3570; AIOverviewTab:3730; SEOFunnelTab:3878; CitationsTab:4021; SiteAuditTab:4160; AdsPage:4561,Card:142; EmptyState:266; KpiCard:289; KpiCard:290; KpiCard:295; KpiCard:306; Card:312; Badge:359; Card:383; Card:576; Card:584; KpiCard:596; KpiCard:597; KpiCard:598; KpiCard:603; Card:606; Card:674; Card:746; Card:811; Card:946; Card:1205; Card:1226; Card:1268; Card:1425; Card:1473; Card:1510; Card:1544; Card:1578; Card:1662; Card:1689; Card:1797; Card:1916; KpiCard:2041; KpiCard:2053; KpiCard:2065; KpiCard:2070; Card:2085; Card:2157; Card:2227; Card:2333; Card:2393; Card:2437; Card:2520; Card:2615; Card:2754; Card:2776; KpiCard:2826; KpiCard:2838; KpiCard:2843; KpiCard:2847; Card:2856; Card:2889; Card:2997; Card:3036; Card:3076; Card:3112; Card:3149; Card:3182; Card:3268; KpiCard:3302; KpiCard:3307; KpiCard:3308; KpiCard:3309; Card:3335; Card:3432; KpiCard:3454; KpiCard:3455; KpiCard:3456; KpiCard:3457; Card:3460; Card:3532; Card:3589; KpiCard:3608; Card:3617; Card:3659; Card:3749; KpiCard:3765; KpiCard:3766; KpiCard:3771; KpiCard:3776; Card:3783; Card:3818; Card:3899; KpiCard:3936; KpiCard:3940; KpiCard:3945; KpiCard:3946; KpiCard:3952; Card:3958; Card:4040; KpiCard:4064; KpiCard:4065; KpiCard:4070; KpiCard:4071; KpiCard:4072; Card:4075; Card:4093; Card:4192; Card:4279; KpiCard:4306; KpiCard:4311; KpiCard:4316; KpiCard:4330; KpiCard:4335; KpiCard:4340; KpiCard:4345; Card:4353; Card:4414; Card:4498; AdminCommandHeader:4572; Suspense:4582; PPCDashboardPage:4589; OverviewTab:4592; CallBridgeTab:4593; ServiceLinesTab:4594; AdvisorTab:4595; CapacityTab:4596,ppc-dashboard=PPC Dashboard:95; overview=Overview:96; call-bridge=Call Bridge:97; service-lines=Service Lines:98; advisor=AI Advisor:99; capacity=Capacity:100,GET/default ${…}${…}:46; POST ${…}${…}:54; GET/default /admin/ads/campaigns:252; GET/default /admin/ads/call-bridge?period=${…}:423; GET/default /admin/ads/service-lines?period=${…}:730; GET/default /admin/ads/advisor:1036; GET/default /admin/ads/advisor/history:1037; POST ${…}/admin/ads/advisor/apply:1092; GET/default /admin/ads/capacity-heatmap:1646; GET/default /admin/seo/dashboard?period=${…}:1885; GET/default /admin/seo/dashboard?period=${…}:1899; GET/default /admin/seo/advisor:2675; GET/default /admin/seo/advisor/history:2676; GET/default /admin/seo/rankings?days=${…}:3253; GET/default /admin/seo/backlinks:3417; GET/default /admin/seo/qa:3574; GET/default /admin/seo/ai-overview:3734; GET/default /admin/seo/funnel?days=${…}:3884; GET/default /admin/seo/citations:4025; GET/default /admin/seo/audit:4167; GET/default /admin/seo/audit:4179,,localStorage.getItem waves_admin_token:48; localStorage.getItem waves_admin_token:57; localStorage.getItem waves_admin_user:66; localStorage.getItem waves_admin_token:1095; ,,client/src/components/admin/AdminCommandHeader.jsx; client/src/lib/timezone.js; client/src/hooks/useRenderedTabBeacon.js; client/src/pages/admin/PPCDashboardPage.jsx
client/src/pages/admin/AgentActivityTab.jsx,StepRow:86; ActivityRow:132; AgentActivityTab:219,Link:75; Badge:151; StepRow:174; Link:183; ChevronUp:199; ChevronDown:199; Link:206; Select:263; Select:273; Select:285; Button:294; RefreshCw:295; Card:323; ActivityRow:342,,PUT /admin/notifications/${…}/read:126; GET/default /admin/agents/activity?hours=${…}:236,,; ,,client/src/components/ui/index.js; client/src/utils/admin-fetch.js; client/src/lib/timezone.js
client/src/pages/admin/AgentDecisionsPage.jsx,Chip:22; TextList:90; Field:99; Panel:109; AgentDecisionsPage:121,Chip:94; Icon:113; AdminCommandHeader:265; ShieldAlert:275; Chip:350; Chip:366; RefreshCw:406; Chip:432; Chip:453; Chip:454; Chip:455; Chip:462; Chip:463; Chip:464; Chip:465; Panel:474; Chip:492; Panel:504; Field:509; Field:510; Field:511; Field:512; Field:513; Field:514; Field:515; Field:516; Panel:521; Panel:543; Panel:569; Chip:573; Chip:574; Chip:575; CheckCircle2:625; Edit3:634; XCircle:643; Save:652; TextList:662; TextList:666; TextList:670; TextList:674; CheckCircle2:700; Edit3:704; XCircle:708,,GET/default /admin/agent-decisions?status=${…}&limit=100:143; GET/default /admin/agent-decisions/${…}/context:176; POST /admin/agent-decisions/${…}/review:214; POST /admin/agent-decisions/${…}/reply-training:238,,; ,,client/src/components/admin/AdminCommandHeader.jsx; client/src/hooks/useIsMobile.js; client/src/utils/admin-fetch.js
client/src/pages/admin/AgentEstimatePage.jsx,AgentInline:95; AgentResponse:103; SectionCard:113; TinyFact:128; LeadPicker:137; EvidencePanel:191; CustomerAccountPanel:260; DraftSummary:357; LearningPanel:503; AgentEstimatePage:606,React.Fragment:99; AgentInline:106; AgentInline:107; AgentInline:108; AgentInline:109; Search:144; TinyFact:198; TinyFact:199; TinyFact:200; ChevronDown:210; CheckCircle2:275; TinyFact:400; TinyFact:401; TinyFact:402; ExternalLink:431; MessageSquare:453; Send:461; MessageSquare:482; Send:492; ChevronDown:551; AdminCommandHeader:862; SectionCard:893; LeadPicker:894; SectionCard:910; TinyFact:912; TinyFact:913; TinyFact:914; TinyFact:915; CustomerAccountPanel:917; EvidencePanel:918; SectionCard:921; Sparkles:939; X:1031; AttachIcon:1045; Bot:1064; Bot:1079; AgentResponse:1083; PendingActionsCard:1085; SectionCard:1116; DraftSummary:1117; SectionCard:1134; CheckCircle2:1136; FileText:1137; Camera:1138; Phone:1139; LearningPanel:1144; Dialog:1150; DialogHeader:1151; DialogTitle:1152; X:1153; DialogBody:1155,,POST /admin/agent-estimate/memory:516; PATCH /admin/agent-estimate/memory/${…}:535; GET/default /admin/agent-estimate/lead/${…}:653; GET/default /admin/agent-estimate/memory:674; GET/default /admin/leads?${…}:737; POST /admin/estimates/${…}/send:799,,sessionStorage.getItem None:38; sessionStorage.setItem None:50; sessionStorage.removeItem None:52; useSearchParams None:610; ,agent_estimate:607,client/src/hooks/useFeatureFlag.js; client/src/components/admin/AdminCommandHeader.jsx; client/src/hooks/useIntelligenceBar.js; client/src/utils/admin-fetch.js; client/src/components/ui/index.js; client/src/components/admin/PendingActionsCard.jsx; client/src/components/admin/IntelligenceBarShell.jsx
client/src/pages/admin/AgentModelsTab.jsx,AgentModelsTab:35,Card:211; Card:219; Button:221; Button:243; ArrowRightLeft:244; Button:261; LaneModelCard:282; Card:300; Button:315; Button:318; Dialog:326; DialogHeader:327; DialogTitle:328; DialogBody:347; DialogFooter:378; Button:379; Button:382; Copy:383; PickModelDialog:389; MigrationSetDialog:390,all=All:28; changed=Changing:29; nobackup=No backup:30; unchecked=Unchecked:31; locked=Locked:32,GET/default /admin/agents/models:61,,; ,,client/src/components/ui/index.js; client/src/utils/admin-fetch.js; client/src/pages/admin/agents/hubParams.js; client/src/pages/admin/agents/LaneModelCard.jsx; client/src/pages/admin/agents/MigrationSetDialog.jsx; client/src/pages/admin/agents/PickModelDialog.jsx; client/src/pages/admin/agents/modelDraft.js
client/src/pages/admin/AgentOpsPage.jsx,Chip:65; AgentCard:108; Kpi:145; ActionButton:154; TaskRow:195; SourceRow:265; MetricCell:283; LeadConversionPanel:292; AgentOpsPage:316,Icon:128; Chip:132; Link:177; Chip:215; ActionButton:243; Link:256; ExternalLink:258; Icon:271; CalendarClock:297; MetricCell:301; MetricCell:302; MetricCell:303; MetricCell:304; MetricCell:305; MetricCell:306; AdminCommandHeader:407; Link:426; Kpi:434; Kpi:435; Kpi:436; Kpi:437; AgentCard:442; TaskRow:474; LeadConversionPanel:487; SourceRow:491,,GET/default /admin/agents/overview:329; GET/default <computed>:373,,; ,,client/src/components/admin/AdminCommandHeader.jsx; client/src/utils/admin-fetch.js
client/src/pages/admin/AgentQueueTab.jsx,StatTile:44; AgentQueueTab:55,StatTile:93; StatTile:94; StatTile:95; RefreshCw:107; Card:126; Badge:136; Badge:142; Badge:143; Badge:144; CardBody:149; Badge:158,,GET/default /admin/agents/queue:65,,; ,,client/src/components/ui/index.js; client/src/utils/admin-fetch.js
client/src/pages/admin/AgentShadowDraftsPage.jsx,Chip:42; Bubble:76; ScorePills:99; DraftCard:118; IntentScoreCard:157; GraduationNote:193; IntentModeCard:231; VoiceProfileSection:317; SealedRunRow:428; SealedExamSection:450; ProposalCard:552; PathologySection:598; AgentShadowDraftsPage:636,Chip:125; Chip:126; Chip:127; Bubble:132; Bubble:133; Bubble:134; ScorePills:141; Chip:242; GraduationNote:277; Chip:341; Chip:343; Chip:416; Chip:419; Chip:421; Chip:434; Chip:435; Chip:436; Chip:480; SealedRunRow:529; SealedRunRow:537; Chip:559; ProposalCard:630; IntentModeCard:931; VoiceProfileSection:944; SealedExamSection:946; IntentScoreCard:951; PathologySection:956; DraftCard:1001,,GET/default /admin/agents/shadow-drafts${…}:657; GET/default /admin/agents/shadow-scores:658; GET/default /admin/agents/intent-modes:659; GET/default /admin/agents/voice-profiles:669; GET/default /admin/agents/sealed-eval:676; GET/default /admin/agents/pathology:683; POST /admin/agents/voice-profiles/${…}/review:710; GET/default /admin/agents/voice-profiles:714; GET/default /admin/agents/sealed-eval:735; GET/default /admin/agents/sealed-eval:745; POST /admin/agents/sealed-eval/seal:759; POST /admin/agents/sealed-eval/runs:777; POST /admin/agents/sealed-eval/runs:793; POST /admin/agents/pathology/proposals/${…}/review:815; GET/default /admin/agents/pathology:819; PUT /admin/agents/intent-modes/${…}:836; GET/default /admin/agents/intent-modes:848; PUT /admin/agents/intent-modes/${…}:871; GET/default /admin/agents/intent-modes:878,,; setInterval None:733,,client/src/utils/admin-fetch.js
client/src/pages/admin/AgentsHubPage.jsx,OverviewTab:96; AgentsHubPage:100,AgentControlCenterTab:97; AgentOpsPage:97; AdminCommandHeader:166; OverviewTab:192; AgentActivityTab:194; AutoDispatchPage:196; AgentDecisionsPage:198; PendingDraftsTab:200; AgentShadowDraftsPage:202; AgentModelsTab:204; AgentQueueTab:206; DataHygienePage:208,,GET/default /admin/agents/control/hub:108,,useSearchParams None:101; ,,client/src/components/admin/AdminCommandHeader.jsx; client/src/pages/admin/AgentOpsPage.jsx; client/src/pages/admin/AgentDecisionsPage.jsx; client/src/pages/admin/AgentShadowDraftsPage.jsx; client/src/pages/admin/PendingDraftsTab.jsx; client/src/pages/admin/DataHygienePage.jsx; client/src/pages/admin/AgentActivityTab.jsx; client/src/pages/admin/AgentModelsTab.jsx; client/src/pages/admin/agents/AgentControlCenterTab.jsx; client/src/pages/admin/AgentQueueTab.jsx; client/src/pages/admin/AutoDispatchPage.jsx; client/src/lib/adminAuth.js; client/src/utils/admin-fetch.js; client/src/hooks/useRenderedTabBeacon.js; client/src/pages/admin/agents/hubParams.js
client/src/pages/admin/AssessmentsHubPage.jsx,AssessmentsHubPage:34,AdminCommandHeader:64; Suspense:75; LawnAssessmentPanel:82; PhotoAssessmentsPage:85,,,,useSearchParams None:39; ,,client/src/components/admin/AdminCommandHeader.jsx; client/src/pages/admin/PhotoAssessmentsPage.jsx; client/src/hooks/useRenderedTabBeacon.js; client/src/pages/admin/LawnAssessmentPanel.jsx
client/src/pages/admin/AutoDispatchPage.jsx,Chip:23; HeaderButton:27; ErrorNotice:33; Policy:37; Placement:48; Decision:56; RunDetails:118; AutoDispatchPage:136,Icon:29; Chip:85; Link:89; Placement:94; Placement:95; Link:97; ErrorNotice:104; ErrorNotice:113; ErrorNotice:121; HeaderButton:121; Chip:126; ErrorNotice:129; Policy:130; Decision:132; HeaderButton:196; HeaderButton:197; AdminCommandHeader:199; Link:203; Policy:208; ErrorNotice:212; ErrorNotice:214; Chip:222; ChevronRight:225; RunDetails:230,refresh=Refresh:200,PATCH /admin/auto-dispatch/services/${…}/${…}:76; GET/default /admin/auto-dispatch/runs?limit=50:160; GET/default /admin/auto-dispatch/runs/${…}:170; POST /admin/auto-dispatch/run:182,,useSearchParams None:137; ,,client/src/components/admin/AdminCommandHeader.jsx; client/src/utils/admin-fetch.js; client/src/lib/timezone.js
client/src/pages/admin/AutonomousContentReviewPage.jsx,AutonomousContentReviewPage:35,Bot:304; RefreshCw:312; PillTab:324; PillTab:327; PillTab:330; PillTab:333; PhoneFrame:341; AlertTriangle:349; ContentTab:356; LinksTab:380; ImpactTab:398,,GET/default ${…}${…}:13; GET/default /admin/content/autonomous/review?status=${…}&limit=50&offset=${…}&actionType=${…}:85; GET/default /admin/content/internal-links?status=all&limit=100:120; GET/default /admin/content/autonomous/impact?limit=100:136; GET/default /admin/content/autonomous/review/${…}:181; GET/default /admin/content/internal-links/${…}:207; POST /admin/content/autonomous/review/${…}/decision:229; POST /admin/content/internal-links/${…}/decision:251,,localStorage.getItem waves_admin_token:16; setInterval None:152,,client/src/components/ui/index.js; client/src/pages/admin/autonomous-content/shared.jsx; client/src/pages/admin/autonomous-content/ActivityTab.jsx; client/src/pages/admin/autonomous-content/LinksTab.jsx; client/src/pages/admin/autonomous-content/ImpactTab.jsx
client/src/pages/admin/BankingPage.jsx,Badge:124; PayoutsTab:180; CashFlowTab:549; CashFlowTooltip:772; SummaryCard:794; ReconciliationTab:833; ExportsTab:1102; PayoutModal:1389; BankingPage:1735,Fragment:289; Badge:325; ResponsiveContainer:668; BarChart:669; CartesianGrid:673; XAxis:674; YAxis:679; Tooltip:684; CashFlowTooltip:684; Legend:685; Bar:686; Bar:692; SummaryCard:746; SummaryCard:751; SummaryCard:756; SummaryCard:761; Badge:1371; Icon:1568; AdminCommandHeader:1800; PayoutsTab:2023; CashFlowTab:2024; ReconciliationTab:2025; ExportsTab:2026; PayoutModal:2029,payouts=Payouts:171; cashflow=Cash Flow:172; reconciliation=Reconciliation:173; exports=Exports:174; this_month=This Month:1236; last_month=Last Month:1237; this_quarter=This Quarter:1238; ytd=YTD:1239; standard=Standard:1527; instant=Instant:1533,GET/default ${…}${…}:47; GET/default ${…}${…}:69; GET/default /admin/banking/payouts?limit=20&page=${…}:197; GET/default /admin/banking/payouts/${…}:230; GET/default /admin/banking/cash-flow?start_date=${…}&end_date=${…}&period=${…}:570; GET/default /admin/banking/reconciliation:844; POST /admin/banking/reconciliation/${…}:866; GET/default /admin/banking/payouts?limit=5&page=1&start_date=${…}&end_date=${…}:1142; POST <computed>:1448; GET/default /admin/banking/balance:1752; GET/default /admin/banking/stats:1769,,localStorage.getItem waves_admin_token:49; localStorage.getItem waves_admin_token:71; ,,client/src/lib/timezone.js; client/src/components/admin/AdminCommandHeader.jsx; client/src/hooks/useIsMobile.js; client/src/lib/reportError.js
client/src/pages/admin/BillingRecoveryPage.jsx,StatCard:100; VisitRow:125; BillingRecoveryPage:172,Card:102; CardBody:103; TR:129; TD:130; TD:131; TD:135; TD:141; TD:142; Button:153; Button:163; AdminCommandHeader:249; Select:256; StatCard:269; StatCard:270; StatCard:271; StatCard:272; Card:279; CardHeader:280; CardTitle:280; CardBody:281; Table:283; THead:284; TR:284; TH:284; TBody:285; VisitRow:287; Card:298; CardHeader:299; CardTitle:300; CardBody:303; Table:304; THead:305; TR:305; TH:305; TBody:306; VisitRow:308; Card:316; CardHeader:317; CardTitle:317; CardBody:318; StatCard:320; StatCard:321; StatCard:322; StatCard:323; Table:326; THead:327; TR:327; TH:327; TBody:328; TR:330; TD:331; TD:332; Badge:332; TD:333; TD:334; Card:345; CardHeader:346; CardTitle:347; CardBody:352; Table:354; THead:355; TR:355; TH:355; TBody:356; TR:358; TD:359; TD:367; Badge:370; TD:374; Dialog:389; DialogHeader:390; DialogTitle:390; DialogBody:391; Select:396; Textarea:399; DialogFooter:401; Button:402; Button:403,,GET/default ${…}${…}:83; GET/default /admin/billing-recovery/leaks?days=${…}:189; GET/default /admin/billing-recovery/aging:190; GET/default /admin/billing-recovery/at-risk-mrr:193; POST /admin/billing-recovery/${…}/bill:216; POST /admin/billing-recovery/${…}/dismiss:230,,localStorage.getItem waves_admin_token:85; ,,client/src/components/admin/AdminCommandHeader.jsx; client/src/components/ui/index.js
client/src/pages/admin/BlogPage.jsx,Card:134; PostList:160; PostEditor:384; AstroPublishPanel:1680; AuditTab:2046; GenerateTab:2514; BlogPage:2916,Card:267; Card:706; Card:919; Card:1258; Card:1474; AstroPublishPanel:1619; Card:1695; Card:2067; Card:2090; Card:2155; Card:2257; Card:2338; Card:2380; Card:2564; Card:2614; Card:2678; Card:2759; Card:2818; Card:2847; AdminCommandHeader:3003; PostEditor:3004; AdminCommandHeader:3018; GenerateTab:3038; AuditTab:3040; Suspense:3042; ContentCalendar:3049; Suspense:3052; AutonomousContentReviewPage:3059; Suspense:3062; ContentRegistryPage:3069; PostList:3108,blog_post=Blog Post:2433; page_refresh=Page Refresh:2438; pest_pressure=Pest Pressure Report:2443; gbp_post=GBP Post:2448; service_page=Service Page:2453; posts=Posts:2888; generate=Generate:2889; calendar=Calendar:2890; audit=Audit:2891; autopilot=Autopilot:2892; registry=Registry:2893; published=Published:2901; draft=Drafts:2902; queued=Queued:2903; idea=Ideas:2904,GET/default ${…}${…}:63; POST ${…}${…}:71; PUT ${…}${…}:81; GET/default <computed>:174; GET/default /admin/content/authors:405; GET/default ${…}/public/service-areas:408; POST ${…}/admin/content/blog/${…}/regenerate-image:447; GET/default /admin/content/blog/audit:2051; GET/default /admin/content/weather:2523; GET/default /admin/content/blog/analytics:2983,,localStorage.getItem waves_admin_token:65; localStorage.getItem waves_admin_token:74; localStorage.getItem waves_admin_token:84; localStorage.getItem waves_admin_token:452; useSearchParams None:2920; ,,client/src/hooks/useRenderedTabBeacon.js; client/src/components/admin/AdminCommandHeader.jsx; client/src/pages/admin/AutonomousContentReviewPage.jsx; client/src/pages/admin/ContentRegistryPage.jsx; client/src/pages/admin/ContentCalendar.jsx
client/src/pages/admin/CallLogTabV2.jsx,StatButton:308; SandyTransferCard:341; CallLogTabV2:390,Badge:357; Row:365; Row:366; Row:367; Row:369; Row:372; Row:381; Row:383; Button:915; StatButton:921; StatButton:928; StatButton:937; StatButton:946; Card:959; CardBody:960; Voicemail:963; Button:989; Badge:1020; Badge:1026; Button:1035; PhoneCall:1042; Button:1045; MessageSquare:1051; AuthenticatedCallAudio:1065; Card:1121; CardBody:1123; Card:1148; CardBody:1149; Card:1176; CardBody:1177; Card:1227; CardBody:1229; Select:1241; Input:1262; Button:1330; Card:1350; CardBody:1352; Input:1359; Badge:1448; Badge:1450; Button:1469; PhoneCall:1476; Button:1486; MessageSquare:1492; Button:1503; Button:1618; CheckCircle2:1625; Button:1628; XCircle:1635; AuthenticatedCallAudio:1666; CallTranscriptSync:1718; SandyTransferCard:1736; CallIntelligencePanel:1737,,GET/default ${…}${…}:135; GET/default /ai/admin/calls?id=${…}:527; GET/default /ai/admin/calls${…}:557; GET/default /ai/admin/calls/route-calibration?days=30:558; GET/default /admin/call-recordings/stats:559; POST /admin/call-recordings/process/${…}:622; POST /admin/communications/call:641; POST /admin/communications/call:680; POST /admin/call-recordings/process/${…}${…}:741; POST /ai/admin/calls/${…}/route-feedback:781; GET/default ${…}/admin/customers?search=${…}&limit=8:1278,,localStorage.getItem waves_admin_token:137; localStorage.getItem waves_admin_token:1282; window.addEventListener hashchange:501,,client/src/components/ui/index.js; client/src/components/admin/AuthenticatedCallAudio.jsx; client/src/components/admin/CallTranscriptSync.jsx; client/src/components/admin/CallIntelligencePanel.jsx; client/src/pages/admin/CommunicationsPage.jsx; client/src/lib/callProcessResult.js
client/src/pages/admin/CallRecordingsPanel.jsx,CallRecordingsPanel:225; RecordingDetail:672,RecordingDetail:592; AuthenticatedCallAudio:1021,,GET/default ${…}${…}:86; GET/default /admin/call-recordings/stats:235; GET/default /admin/call-recordings/recordings?limit=30:236; POST /admin/call-recordings/process-all:260; POST /admin/call-recordings/process/${…}${…}:283; POST /admin/call-recordings/process/${…}?operator=true:715; GET/default /admin/call-recordings/recording/${…}:733; POST /admin/call-recordings/synopsis/${…}:760,,localStorage.getItem waves_admin_token:88; ,,client/src/components/admin/AuthenticatedCallAudio.jsx; client/src/utils/format-address.js; client/src/lib/callProcessResult.js
client/src/pages/admin/CommercialProposalPage.jsx,CommercialProposalPage:186,Loader2:950; Button:961; ArrowLeft:962; AdminCommandHeader:973; Badge:985; Badge:986; Badge:987; Card:1005; CardHeader:1006; CardTitle:1007; CardBody:1009; Input:1013; Input:1018; Input:1024; Input:1029; Card:1037; CardHeader:1038; ClipboardList:1044; CardTitle:1045; ChevronUp:1048; ChevronDown:1048; CardBody:1053; Button:1128; Loader2:1129; Wand2:1129; Card:1134; CardHeader:1135; CardTitle:1136; CardBody:1138; Input:1145; Input:1150; Button:1156; Trash2:1158; Button:1164; Plus:1166; Card:1172; CardHeader:1173; CardTitle:1174; CardBody:1176; Select:1185; Input:1191; Input:1196; Input:1216; Switch:1222; Button:1230; Trash2:1232; Textarea:1237; Textarea:1242; Input:1248; Input:1256; Button:1264; Plus:1266; Button:1279; Trash2:1281; Card:1290; Building2:1292; Input:1293; Button:1300; Copy:1301; Button:1304; Trash2:1305; CardBody:1312; Input:1326; Input:1331; Input:1336; Select:1341; Switch:1350; Button:1365; Trash2:1366; Button:1375; Plus:1376; Input:1386; Button:1398; Plus:1399; Card:1403; CardHeader:1404; CardTitle:1405; CardBody:1407; Input:1415; Input:1420; Switch:1426; Button:1431; Trash2:1433; Textarea:1437; Button:1445; Plus:1447; Card:1453; CardHeader:1454; CardTitle:1455; CardBody:1457; Textarea:1458; Card:1466; CardHeader:1467; CardTitle:1468; CardBody:1470; Select:1484; Input:1511; Input:1523; Card:1533; CardHeader:1534; CardTitle:1535; CardBody:1537; Textarea:1538; Card:1549; CardHeader:1550; CardTitle:1551; CardBody:1553; Card:1572; CardBody:1573; Button:1575; Loader2:1576; CheckCircle2:1576; Button:1580; Loader2:1581; Download:1581; Select:1586; Button:1591; Loader2:1592; SendIcon:1592; Button:1602; LinkIcon:1603; Button:1608; Loader2:1609; CheckCircle2:1609; Card:1616; CardBody:1617,back=Estimates:977,GET/default ${…}${…}:24; GET/default /admin/estimates/${…}/proposal:341; GET/default /admin/estimates/${…}/proposal:350; GET/default /admin/estimates/${…}/proposal/generated:374; PUT /admin/estimates/${…}/proposal:793; GET/default /admin/estimates/${…}/proposal:807; GET/default ${…}/admin/estimates/${…}/proposal.pdf:846; POST /admin/estimates/${…}/send:886; POST /admin/estimates/${…}/mark-accepted:921,,localStorage.getItem waves_admin_token:26; useParams None:187; localStorage.getItem waves_admin_token:847; ,,client/src/components/ui/index.js; client/src/components/admin/AdminCommandHeader.jsx
client/src/pages/admin/CommunicationsPage.jsx,StatCard:338; StatCardWithHealth:378; PhoneCard:454; StatusBadge:560; TypeBadge:588; SmsLogItem:607; ChannelBar:773; ConversationView:838; CallLogTab:982; CSRCoachTab:1849; SmsTemplatesTab:2423; PhoneNumbersTab:2750,StatusBadge:692; TypeBadge:693; CallBridgeLink:876; TypeBadge:967; StatusBadge:968; AuthenticatedCallAudio:1795; StatCard:2917; StatCard:2922; StatCard:2927; StatCard:2932; StatCard:2937; StatCard:2942,gray=Unassigned:2383; red=Dormant (no inbound):2385; green=Active (${…}d ago):2390; amber=Low activity (${…}d ago):2396; red=Dormant (${…}d ago):2401,GET/default ${…}${…}:59; GET/default /ai/admin/calls${…}:1003; POST /admin/communications/call:1027; PUT /admin/call-recordings/calls/${…}/disposition:1062; GET/default ${…}/admin/customers?search=${…}&limit=8:1393; GET/default /admin/csr/overview?days=30:1859; GET/default /admin/csr/follow-up-tasks:1860; GET/default /admin/csr/weekly-recommendation:1861; GET/default /admin/csr/leaderboard:1862; GET/default /admin/csr/lead-quality?days=30:1863; PUT /admin/csr/follow-up-tasks/${…}:1875; GET/default /admin/csr/follow-up-tasks:1879; GET/default /admin/sms-templates:2432; PUT /admin/sms-templates/${…}:2443; PUT /admin/sms-templates/${…}:2458,,localStorage.getItem waves_admin_token:61; localStorage.getItem waves_admin_token:1397; ,,client/src/pages/admin/CallRecordingsPanel.jsx; client/src/components/admin/AuthenticatedCallAudio.jsx; client/src/components/admin/PushSettings.jsx; client/src/components/admin/CallBridgeLink.jsx
client/src/pages/admin/CommunicationsPageV2.jsx,StatCardV2:304; StatusBadgeV2:339; SmsDeliveryReceiptV2:350; TypeBadgeV2:364; MessageMediaV2:369; SmsLogItemV2:420; ConversationViewV2:531; SmsTab:788; PrepSendDialog:3204; CommunicationsPageV2:3427,Badge:344; Badge:366; MessageMediaV2:473; StatusBadgeV2:479; TypeBadgeV2:480; Button:490; PhoneCall:498; Button:503; MessageSquare:511; Button:515; Button:547; Button:571; PhoneCall:577; Button:580; MessageSquare:588; MessageMediaV2:623; Button:2259; StatCardV2:2283; StatCardV2:2289; StatCardV2:2297; StatCardV2:2308; StatCardV2:2320; StatCardV2:2332; Card:2342; Badge:2378; Bot:2520; Button:2536; Loader2:2606; Sparkles:2608; MicOff:2627; Mic:2629; Button:2783; Button:2815; Button:2825; Button:2842; BookOpen:2849; PrepSendDialog:2853; InsertLinkSheet:2857; Card:2941; ConversationViewV2:2943; Card:2956; Select:2973; Card:3106; SmsLogItemV2:3147; Customer360ProfileV2:3170; Dialog:3278; DialogHeader:3279; DialogTitle:3280; DialogBody:3282; Radio:3308; Button:3333; DialogFooter:3400; Button:3401; Button:3404; AdminCommandHeader:3480; NotificationEventsTabV2:3494; SmsTab:3495; CallLogTabV2:3496; TriageInboxTabV2:3497; OwedTabV2:3498; SmsTemplatesTabV2:3502; EmailTemplatesPanelV2:3504; CSRCoachTabV2:3508; CallRoutingSettingsV2:3509; PushSettingsV2:3510,events=Events:221; sms=SMS:226; calls=Calls:227; triage=Triage:228; owed=Owed:230; templates=Message Templates:234; csr=CSR Coach:240; call_routing=Call Routing:246; notifications=Notifications:252; all=All:2979; unread=Unread:2980; unanswered=Unanswered:2981; unknown=Unknown:2986; sms=SMS Templates:3423; email=Email Templates:3424,GET/default ${…}${…}:117; GET/default <computed>:910; GET/default /admin/communications/stats:911; POST /admin/communications/messages/read:984; GET/default /admin/communications/ai-auto-reply-status:1000; GET/default /admin/communications/agent-draft?${…}:1020; GET/default /admin/drafts/${…}:1069; POST /admin/communications/ai-auto-reply:1137; PUT /admin/drafts/${…}/approve:1279; PUT /admin/drafts/${…}/revise:1284; POST /admin/communications/schedule-sms:1291; POST /admin/communications/sms:1309; POST ${…}/admin/communications/attach:1410; POST /admin/communications/ai-draft:1455; POST /admin/communications/reschedule-link:1504; POST /admin/communications/reservice-link:1638; GET/default /admin/communications/link-library:1735; POST /admin/communications/customer-link:1895; POST /admin/communications/rewrite-sms:2028; GET/default ${…}/admin/customers?search=${…}&limit=8:2444; GET/default /admin/customers?search=${…}&limit=8:3243; POST /admin/communications/send-prep:3264,,localStorage.getItem waves_admin_token:119; localStorage.getItem waves_admin_token:1409; localStorage.getItem waves_admin_token:2448; window.addEventListener hashchange:3466,,client/src/pages/admin/CommunicationsPage.jsx; client/src/pages/admin/CallLogTabV2.jsx; client/src/pages/admin/TriageInboxTabV2.jsx; client/src/pages/admin/OwedTabV2.jsx; client/src/pages/admin/CommunicationsTabsV2.jsx; client/src/pages/admin/EmailTemplatesPanelV2.jsx; client/src/pages/admin/NotificationEventsTabV2.jsx; client/src/components/admin/PushSettingsV2.jsx; client/src/components/admin/CallRoutingSettingsV2.jsx; client/src/components/admin/CallBridgeLink.jsx; client/src/components/admin/Customer360ProfileV2.jsx; client/src/components/admin/InsertLinkSheet.jsx; client/src/components/admin/AdminCommandHeader.jsx; client/src/components/ui/index.js; client/src/hooks/useRenderedTabBeacon.js; client/src/hooks/useSpeechDictation.js; client/src/utils/imageCompression.js
client/src/pages/admin/CommunicationsTabsV2.jsx,SmsTemplatesTabV2:123; CSRCoachTabV2:802,Card:409; CardBody:410; Button:415; Card:465; CardBody:474; Badge:483; Badge:486; Switch:490; Button:497; Button:505; Button:514; Button:528; Trash2:536; Textarea:543; Button:563; Input:575; Input:580; Input:585; Select:592; Textarea:601; Switch:610; Button:626; Button:634; Input:655; Input:659; Input:664; Select:671; Textarea:680; Switch:688; Button:704; Button:712; Badge:729; Badge:732; Button:742; Button:749; Trash2:757; Card:850; CardBody:852; Table:859; THead:861; TR:863; TH:865; TH:866; TH:867; TH:868; TBody:871; TR:873; TD:875; TD:876; TD:877; TD:885; TD:893; TR:904; TD:906; TD:907; TD:910; TD:913; TD:916; Card:926; CardBody:928; Button:949; Card:964; CardBody:966; Card:1031; CardBody:1033; Button:1099; Button:1106; Card:1122; CardBody:1124,,GET/default ${…}${…}:60; GET/default /admin/sms-templates:143; GET/default /admin/sms-templates/issues?limit=10:152; PUT /admin/sms-templates/${…}:180; GET/default /admin/sms-templates/${…}/variants:198; GET/default <computed>:269; DELETE /admin/sms-templates/${…}/variants/${…}:304; DELETE /admin/sms-templates/${…}:321; PUT /admin/sms-templates/${…}:331; GET/default /admin/sms-templates/issues?limit=10:418; GET/default /admin/csr/overview?days=30:812; GET/default /admin/csr/follow-up-tasks:813; GET/default /admin/csr/weekly-recommendation:814; GET/default /admin/csr/leaderboard:815; GET/default /admin/csr/lead-quality?days=30:816; PUT /admin/csr/follow-up-tasks/${…}:828; GET/default /admin/csr/follow-up-tasks:832,,localStorage.getItem waves_admin_token:62; ,,client/src/components/ui/index.js
client/src/pages/admin/CompliancePage.jsx,StatCard:101; DashboardTab:133; ApplicationLogTab:263; ProductLimitsTab:488; LicensesTab:701; CompliancePage:891,StatCard:151; StatCard:152; StatCard:157; StatCard:162; StatCard:172; AdminCommandHeader:922; DashboardTab:933; ApplicationLogTab:934; ProductLimitsTab:935; LicensesTab:936; CredentialsPage:937,dashboard=Dashboard:881; log=Application Log:882; limits=Product Limits:883; licenses=Licenses:884; credentials=Credentials:888,GET/default <computed>:89; GET/default ${…}/report/export?${…}:285; GET/default ${…}/product-limits?customer_id=${…}:498; PUT ${…}/licenses/${…}:716,,useSearchParams None:892; ,,client/src/components/admin/AdminCommandHeader.jsx; client/src/lib/adminAuth.js; client/src/lib/timezone.js; client/src/pages/admin/CredentialsPage.jsx; client/src/hooks/useRenderedTabBeacon.js
client/src/pages/admin/ContentCalendar.jsx,ContentCalendar:53,,,GET/default ${…}${…}:28; GET/default /admin/content/calendar?start=${…}&end=${…}:79; GET/default /admin/content/blog?status=draft&limit=100&sort=updated_at&order=desc:100; POST /admin/content/schedule-blog/${…}:187; POST /admin/content/schedule-social:202,,localStorage.getItem waves_admin_token:30; ,,client/src/hooks/useIsMobile.js; client/src/lib/timezone.js
client/src/pages/admin/ContentRegistryPage.jsx,Chip:108; Kpi:136; Field:146; ContentRegistryPage:168,AdminCommandHeader:243; RefreshCw:260; RefreshCw:268; AlertTriangle:275; CheckCircle2:282; Kpi:288; Kpi:289; Kpi:290; Kpi:291; Kpi:292; Kpi:293; Search:299; FileSearch:348; Chip:384; Chip:389; Chip:390; Chip:393; Database:406; Chip:416; Chip:417; Chip:418; Chip:419; Chip:420; ExternalLink:431; Field:437; Field:438; Field:439; Field:440; Field:441; Field:442; Field:443; Field:444; Field:445; Field:446; Field:447; Field:448; Field:449; Chip:456; CheckCircle2:463; CheckCircle2:467,sync=Sync:247; refresh=Refresh:248,GET/default <computed>:185; POST /admin/content-registry/sync:202,,; ,,client/src/components/admin/AdminCommandHeader.jsx; client/src/utils/admin-fetch.js
client/src/pages/admin/ContractsPage.jsx,ContractsPage:37,AdminCommandHeader:62; Suspense:78; DocumentRequestsPage:84; DocumentTemplatesPage:86,templates=Templates:33; requests=Requests:34,,,useSearchParams None:38; ,,client/src/components/admin/AdminCommandHeader.jsx; client/src/hooks/useRenderedTabBeacon.js; client/src/pages/admin/DocumentTemplatesPage.jsx; client/src/pages/admin/DocumentRequestsPage.jsx
client/src/pages/admin/CredentialsPage.jsx,ExpirationBadge:93; CredentialForm:105; CredentialsPage:338,Badge:94; Badge:96; Badge:97; Badge:99; Badge:100; Badge:101; Badge:102; Input:146; Input:157; Select:168; Select:184; Input:200; Input:210; Input:220; Input:230; Input:241; Input:252; Input:263; Checkbox:271; Input:285; Input:296; Textarea:307; Textarea:319; Button:327; Button:330; Button:414; Card:425; CardBody:427; Card:442; CardBody:444; ExpirationBadge:470; Badge:474; Button:485; Button:494; Dialog:531; DialogHeader:541; DialogTitle:543; DialogBody:547; CredentialForm:549; DialogFooter:559,,GET/default ${…}${…}:33; GET/default /admin/credentials:349; PATCH /admin/credentials/${…}:366; POST /admin/credentials:371; DELETE /admin/credentials/${…}:394,,localStorage.getItem waves_admin_token:35; ,,client/src/components/ui/index.js
client/src/pages/admin/CustomerEstimatesPanel.jsx,CustomerEstimatesPanel:80; StatCell:596; CommsRow:619,ChevronLeft:167; User:198; Phone:216; CallBridgeLink:221; Mail:233; MapPin:249; Tag:265; Badge:278; Badge:282; Badge:284; Phone:320; MessageSquare:330; Link:334; FilePlus2:339; Link:342; ExternalLink:347; StatCell:355; StatCell:356; StatCell:361; Badge:420; Trash2:503; Link:529; CommsRow:540; Icon:644,,GET/default /admin/customers/${…}/estimates-summary:91; GET/default /admin/customers/${…}/comms?limit=15:92; POST /admin/communications/call:301; DELETE /admin/estimates/${…}:481,,; window.addEventListener keydown:122,,client/src/components/ui/index.js; client/src/lib/adminFetch.js; client/src/components/admin/CallBridgeLink.jsx
client/src/pages/admin/CustomerHealthPage.jsx,Badge:81; Card:101; TabBar:119; ScoreBar:157; GradeCircle:184; RadarChart:210; DashboardTab:311; CustomerDetail:663; ScoresTab:1003; SubScoreDot:1063; AlertsTab:1408; CustomerHealthPage:1698,Card:363; Card:385; Card:441; Card:465; Badge:526; GradeCircle:541; Badge:544; Card:593; Badge:643; RadarChart:839; Badge:849; Badge:853; ScoreBar:911; Card:1164; React.Fragment:1239; Badge:1272; ScoreBar:1288; GradeCircle:1295; SubScoreDot:1299; SubScoreDot:1300; SubScoreDot:1301; SubScoreDot:1302; SubScoreDot:1303; SubScoreDot:1304; Badge:1307; CustomerDetail:1334; Card:1520; Card:1541; Badge:1593; TabBar:1791; DashboardTab:1792; ScoresTab:1793; AlertsTab:1794,payment_score=Payment:688; service_score=Service:694; engagement_score=Engagement:700; satisfaction_score=Satisfaction:706; loyalty_score=Loyalty:712; growth_score=Growth:718; first_name=Customer:1176; overall_score=Score:1178; score_grade=Grade:1179; churn_risk=Risk:1181; dashboard=Dashboard:1728; scores=Health Scores:1729; alerts=Alerts:1730,GET/default ${…}${…}:6; GET/default /admin/health/scores/${…}:669; POST /admin/health/rescore/${…}:976; GET/default /admin/health/scores?${…}:1030; GET/default /admin/health/alerts?${…}:1423; POST /admin/health/alerts/${…}/action:1441; PUT /admin/health/alerts/${…}:1454; GET/default /admin/health/dashboard:1705; POST /admin/health/rescore-all:1714; GET/default /admin/health/dashboard:1717,,localStorage.getItem waves_admin_token:9; ,,
client/src/pages/admin/CustomerHealthTabs.jsx,Badge:79; Card:99; TabBar:117; ScoreBar:155; GradeCircle:182; RadarChart:208; DashboardTab:309; CustomerDetail:676; ScoresTab:1016; SubScoreDot:1076; AlertsTab:1437; QuietTab:1728; CustomerHealthSection:1850,Card:363; Card:385; Card:441; Card:465; Badge:539; GradeCircle:554; Badge:557; Card:606; Badge:656; RadarChart:852; Badge:862; Badge:866; ScoreBar:924; Card:1177; React.Fragment:1265; Badge:1298; ScoreBar:1315; GradeCircle:1322; SubScoreDot:1326; SubScoreDot:1327; SubScoreDot:1328; SubScoreDot:1329; SubScoreDot:1330; SubScoreDot:1331; Badge:1334; CustomerDetail:1363; Card:1549; Card:1570; Badge:1622; Card:1748; Card:1758; Badge:1808; TabBar:1872; DashboardTab:1873; ScoresTab:1874; QuietTab:1875; AlertsTab:1876,payment_score=Payment:701; service_score=Service:707; engagement_score=Engagement:713; satisfaction_score=Satisfaction:719; loyalty_score=Loyalty:725; growth_score=Growth:731; first_name=Customer:1202; overall_score=Score:1204; score_grade=Grade:1205; churn_risk=Risk:1207; dashboard=Dashboard:1863; scores=Health Scores:1864; quiet=Quiet:1865; alerts=Alerts:1866,GET/default ${…}${…}:6; GET/default /admin/health/scores/${…}:682; POST /admin/health/rescore/${…}:989; GET/default /admin/health/scores?${…}:1043; GET/default /admin/health/alerts?${…}:1452; POST /admin/health/alerts/${…}/action:1470; PUT /admin/health/alerts/${…}:1483; GET/default /admin/health/quiet:1734; GET/default /admin/health/dashboard:1856,,localStorage.getItem waves_admin_token:9; ,,
client/src/pages/admin/CustomersPage.jsx,StageBadge:150; TierBadge:176; ScoreDot:214; TagChip:243; Select:275; QuickAddModal:303; PipelineCard:644; PipelineColumn:811; SortHeader:901; CustomerIntelligenceTab:941; CustomerTimeline:1743; CustomerMap:1900,ScoreDot:780; TierBadge:781; PipelineCard:892,new_lead=New Lead:85; contacted=Contacted:86; estimate_sent=Est. Sent:93; estimate_viewed=Est. Viewed:99; follow_up=Follow Up:106; won=Won:112; active_customer=Active:113; at_risk=At Risk:120; churned=Churned:127; past_customer=Past Customer:128; lost=Lost:129,GET/default ${…}${…}:56; POST ${…}/admin/customers:335; DELETE ${…}/admin/customers/${…}:718; GET/default /admin/customers/intelligence:947; POST /admin/customers/intelligence/scan:958; GET/default /admin/customers/intelligence:962; PUT /admin/customers/intelligence/retention/${…}/approve:972; GET/default /admin/customers/intelligence:976; PUT /admin/customers/intelligence/retention/${…}/skip:985; GET/default /admin/customers/intelligence:989; PUT /admin/customers/intelligence/upsells/${…}:998; GET/default /admin/customers/intelligence:1002; GET/default /admin/customers/${…}/timeline:1749; GET/default /admin/customers?limit=5000:1914,,localStorage.getItem waves_admin_token:58; localStorage.getItem waves_admin_token:338; localStorage.getItem waves_admin_token:721; existingScript.addEventListener load:1938; existingScript.addEventListener error:1939,,client/src/components/admin/CallBridgeLink.jsx; client/src/components/HorizontalScroll.jsx; client/src/hooks/useIsMobile.js; client/src/lib/customerFormOptions.js; client/src/pages/admin/CustomerHealthTabs.jsx
client/src/pages/admin/CustomersPageV2.jsx,LegacyCustomersPanel:112; TierBadgeV2:146; StageBadgeV2:151; HealthDot:179; PipelineCardV2:250; PipelineColumnV2:350; QuickAddModalV2:475; SortHeaderV2:925; CustomersCommandHeader:960; FilterPill:985; CustomersPageV2:1062,Component:140; Badge:148; Badge:155; Button:289; Button:315; HealthDot:332; TierBadgeV2:333; PipelineCardV2:402; Dialog:595; DialogHeader:597; DialogTitle:599; DialogBody:603; Button:622; Button:644; Button:654; AddressAutocomplete:717; DialogFooter:905; Button:907; Button:910; AdminCommandHeader:964; CustomersCommandHeader:1492; Filter:1516; Filter:1550; Dialog:1609; DialogHeader:1614; DialogTitle:1616; DialogBody:1618; FilterPill:1633; FilterPill:1654; FilterPill:1676; FilterPill:1685; FilterPill:1709; DialogFooter:1720; Button:1722; Button:1734; SortHeaderV2:1748; Card:1763; CardBody:1764; Button:1775; Card:1781; CardBody:1783; HealthDot:1807; Phone:1865; MessageSquare:1876; HealthDot:1930; Phone:1976; MessageSquare:1988; Trash2:2017; Button:2169; Button:2176; Button:2193; Button:2208; Card:2229; CardBody:2230; Button:2241; LegacyCustomersPanel:2247; Button:2272; PipelineColumnV2:2281; PipelineColumnV2:2302; CustomerHealthSection:2322; LegacyCustomersPanel:2330; QuickAddModalV2:2336; MobileNewCustomerSheet:2345; Customer360Profile:2363,new_lead=New Lead:82; contacted=Contacted:83; estimate_sent=Est. Sent:84; estimate_viewed=Est. Viewed:85; follow_up=Follow Up:86; won=Won:87; active_customer=Active:88; at_risk=At Risk:89; churned=Churned:90; past_customer=Past Customer:91; lost=Lost:92; directory=Directory:954; map=Map:955; health=Health:956; intelligence=AI Advisor:957; firstName=First name:2033; lastName=Last name:2034; email=Email:2035; phone=Phone:2036; city=City:2037; monthlyRate=$/Mo:2038; ${…}Name=Name:2134; ${…}Phone=Phone:2135; ${…}Email=Email:2140,DELETE ${…}/admin/customers/${…}:294; POST ${…}/admin/customers:549; PUT /admin/customers/${…}:1261; GET/default /admin/customers?${…}:1298; GET/default /admin/customers/pipeline/view:1322; DELETE ${…}/admin/customers/${…}:1378; POST /admin/communications/call:1844; POST /admin/communications/call:1955,,localStorage.getItem waves_admin_user:239; localStorage.getItem waves_admin_token:299; localStorage.getItem waves_admin_token:552; useSearchParams None:1073; localStorage.getItem waves_admin_token:1381; ,,client/src/hooks/useIntelligenceBarPageData.jsx; client/src/hooks/useRenderedTabBeacon.js; client/src/components/admin/Customer360ProfileV2.jsx; client/src/components/admin/AdminCommandHeader.jsx; client/src/components/admin/MobileNewCustomerSheet.jsx; client/src/components/AddressAutocomplete.jsx; client/src/hooks/useIsMobile.js; client/src/lib/customerFormOptions.js; client/src/pages/admin/CustomerHealthTabs.jsx; client/src/components/ui/index.js; client/src/utils/admin-fetch.js; client/src/lib/timezone.js; client/src/pages/admin/CustomersPage.jsx
client/src/pages/admin/DashboardPageV2.jsx,DashboardPageV2:66,DashboardJumpNav:610; TodaySection:624; AiChartsPanel:631; GrowthSection:637; ProfitSection:658; RetentionSection:668; CashSection:680,today=Today:21; growth=Growth:22; profit=Profit:23; retention=Retention:24; cash=Cash:25,GET/default /admin/dashboard:214; GET/default /admin/dashboard/compare?period=this_month&against=last_month:217; GET/default /admin/dashboard/sales-capture:221; GET/default /admin/dashboard/today-completion:224; GET/default /admin/billing-health:226; GET/default /admin/dashboard/alerts:227; GET/default /admin/dashboard/funnel:247; GET/default /admin/dashboard/aging:248; GET/default /admin/dashboard/mrr-trend?months=12:249; GET/default /admin/dashboard/service-mix:250; GET/default /admin/dashboard/revenue-by-city:251; GET/default /admin/dashboard/review-trend:252; GET/default /admin/dashboard/retention-cohort?months=12:253; GET/default /admin/ads/capital-allocation?period=quarter:254; GET/default /admin/kpi-targets:272; GET/default /admin/dashboard/kpi-history?days=90:273; GET/default /admin/dashboard/ebitda-bridge:289; GET/default /admin/dashboard/mrr-bridge?months=6:298; GET/default /admin/revenue/overview?period=month:308; GET/default /admin/dashboard/churn-reasons?months=12:316; GET/default /admin/command-center/stale-visits:326; GET/default /admin/dashboard/core-kpis?${…}:405; GET/default /admin/dashboard/calls-by-source?${…}:451; GET/default /admin/dashboard/leads-by-source?${…}:454; GET/default /admin/dashboard/channel-mix?${…}:457; GET/default /admin/dashboard/lead-funnel?${…}:462; GET/default /admin/dashboard/channel-roi?${…}:469,,localStorage.getItem waves_admin_user:57; setInterval None:360; setInterval None:363,dashboard-ai-charts:68,client/src/hooks/useIsMobile.js; client/src/hooks/useFeatureFlag.js; client/src/components/dashboard/AiChartsPanel.jsx; client/src/utils/admin-fetch.js; client/src/pages/admin/dashboard/DashboardJumpNav.jsx; client/src/pages/admin/dashboard/sections/TodaySection.jsx; client/src/pages/admin/dashboard/sections/GrowthSection.jsx; client/src/pages/admin/dashboard/sections/ProfitSection.jsx; client/src/pages/admin/dashboard/sections/RetentionSection.jsx; client/src/pages/admin/dashboard/sections/CashSection.jsx
client/src/pages/admin/DataHygienePage.jsx,Chip:22; DataHygienePage:76; MetricsPanel:415; MetricCard:465; MetricTable:478; Info:513,AdminCommandHeader:237; Play:271; RefreshCw:274; MetricsPanel:282; RefreshCw:292; Chip:318; Chip:338; ShieldAlert:338; Chip:339; Info:344; Info:345; Info:346; Info:347; EyeOff:364; Eye:364; Info:370; Info:371; XCircle:390; CheckCircle2:393; RotateCcw:400; Chip:430; Chip:431; MetricCard:435; MetricCard:436; MetricCard:437; MetricTable:440; MetricTable:441; Chip:449,,GET/default /admin/data-hygiene/proposals?status=${…}&limit=100:106; GET/default /admin/data-hygiene/metrics?days=30:107; POST /admin/data-hygiene/scan:145; POST /admin/data-hygiene/proposals/${…}/approve:163; POST /admin/data-hygiene/proposals/${…}/reject:178; POST /admin/data-hygiene/proposals/${…}/revert:197; POST /admin/data-hygiene/proposals/${…}/reveal:219,,; ,,client/src/components/admin/AdminCommandHeader.jsx; client/src/utils/admin-fetch.js
client/src/pages/admin/DiscountsTabs.jsx,DiscountsSection:168,,catalog=Discount Catalog:299; preview=Preview:301; stats=Stats:302,GET/default ${…}${…}:24,,localStorage.getItem waves_admin_token:26; ,,
client/src/pages/admin/DispatchBoardPage.jsx,DispatchBoardPage:45,DispatchBoardLayout:167; TechRosterPane:169; DispatchMap:178; ActionQueuePane:189; JobDrawer:191; TechDrawer:196,,PUT ${…}/admin/dispatch/jobs/${…}/assign:113,,localStorage.getItem waves_admin_token:39; ,,client/src/hooks/useDispatchBoard.js; client/src/components/dispatch/DispatchBoardLayout.jsx; client/src/components/dispatch/TechRosterPane.jsx; client/src/components/dispatch/DispatchMap.jsx; client/src/components/dispatch/ActionQueuePane.jsx; client/src/components/dispatch/JobDrawer.jsx; client/src/components/dispatch/TechDrawer.jsx
client/src/pages/admin/DispatchPageV2.jsx,MobileScheduleSheet:238; DispatchPageV2:366,Button:1163; Button:1287; ScheduleClientSearch:1301; ViewModeSelectorV2:1308; MobileDayStrip:1327; CreateAppointmentModal:1354; MobileDispatchList:1383; TimeGridDays:1402; TimeGridDays:1433; MonthViewV2:1464; ScheduleListView:1475; HorizontalScroll:1501; RecurringAlertsBannerV2:1584; ProtocolReferenceTabV2:1588; Suspense:1591; TechMatchPanel:1598; Suspense:1602; CSRPanel:1609; Suspense:1613; RevenuePanel:1620; Suspense:1624; InsightsPanel:1631; Card:1639; CardBody:1641; TimeGridDay:1739; MobileDispatchList:1775; CompletionPanel:1806; CreateProjectModal:1858; ProjectDetail:1983; RescheduleModal:2029; EditServiceModal:2043; ProtocolPanel:2102; MobileAppointmentDetailSheet:2108; MobileCheckoutSheet:2224; MobileServiceEditModal:2262; MobilePaymentSheet:2296; MarkPrepaidModal:2403; TreatmentPlanPanel:2451; Customer360ProfileV2:2457; ScheduleCustomerSidebar:2465,board=Schedule:230; protocols=Protocols:231; match=Tech Match:232; csr=CSR Booking:233; revenue=Job Scores:234; insights=Insights:235; day=Day:1333; week=Week:1334,GET/default /admin/projects/types:503; GET/default /admin/schedule?date=${…}:675; GET/default /admin/dispatch/products/catalog:676; GET/default /admin/customers/${…}:731; PUT /admin/schedule/${…}/status:885; POST /admin/dispatch/${…}/complete:956; POST /admin/dispatch/${…}/schedule-followup:1833,,useSearchParams None:371; localStorage.getItem waves_admin_token:777; window.addEventListener resize:266,,client/src/hooks/useIntelligenceBarPageData.jsx; client/src/pages/admin/SchedulePage.jsx; client/src/pages/admin/ProtocolReferenceTabV2.jsx; client/src/components/schedule/CalendarViewsV2.jsx; client/src/components/schedule/TimeGridDay.jsx; client/src/components/schedule/TimeGridDays.jsx; client/src/components/schedule/MobileWeekGrid.jsx; client/src/components/schedule/MobileDayStrip.jsx; client/src/components/schedule/MobileDispatchList.jsx; client/src/components/schedule/ScheduleClientSearch.jsx; client/src/components/schedule/MobileAppointmentDetailSheet.jsx; client/src/components/schedule/MobileCheckoutSheet.jsx; client/src/components/schedule/MobilePaymentSheet.jsx; client/src/components/schedule/MobileServiceEditModal.jsx; client/src/components/schedule/TreatmentPlanPanel.jsx; client/src/components/schedule/MarkPrepaidModal.jsx; client/src/components/schedule/RecurringAlertsBannerV2.jsx; client/src/components/schedule/CreateAppointmentModal.jsx; client/src/components/schedule/ScheduleListView.jsx; client/src/components/schedule/ScheduleCustomerSidebar.jsx; client/src/components/admin/Customer360ProfileV2.jsx; client/src/components/tech/CreateProjectModal.jsx; client/src/pages/admin/ProjectsPage.jsx; client/src/lib/adminAuth.js; client/src/components/HorizontalScroll.jsx; client/src/hooks/useIsMobile.js; client/src/components/ui/index.js; client/src/lib/timezone.js; client/src/utils/admin-fetch.js; client/src/lib/dispatchCompletionRouting.js; client/src/lib/dispatchSync.js; client/src/components/dispatch/TechMatchPanelV2.jsx; client/src/components/dispatch/CSRPanelV2.jsx; client/src/components/dispatch/RevenuePanelV2.jsx; client/src/components/dispatch/InsightsPanelV2.jsx
client/src/pages/admin/DocumentRequestsPage.jsx,DocumentRequestsPage:69,AdminCommandHeader:197; Search:212; Button:220; Link2:253; Button:257; Card:263; CardBody:264; Table:266; THead:267; TR:268; TH:269; TH:270; TH:271; TH:272; TH:273; TH:274; TH:275; TBody:278; TR:283; TD:284; Badge:285; TD:289; TD:299; Link:301; TD:312; TD:313; TD:314; TD:332; Button:336; Mail:337; Button:340; MessageSquare:341; Button:344; Bell:345; Button:348; RotateCcw:349; Button:352; XCircle:353,open=Open:19; viewed=Viewed:20; signed=Signed:21; expired=Expired:22; cancelled=Cancelled:23; all=All:24,,,; ,,client/src/components/admin/AdminCommandHeader.jsx; client/src/components/ui/index.js; client/src/lib/adminFetch.js
client/src/pages/admin/DocumentTemplatesPage.jsx,Field:179; TextInput:188; SelectInput:200; TextArea:212; DocumentTemplatesPage:227,AdminCommandHeader:609; Badge:660; Card:683; CardBody:684; Button:693; Save:694; Button:697; CheckCircle2:698; Field:705; TextInput:706; Field:713; TextInput:714; Field:716; SelectInput:717; Field:726; SelectInput:727; Field:737; TextInput:738; Field:740; TextInput:741; Field:754; SelectInput:755; Field:764; TextInput:765; Field:773; TextInput:774; Card:785; CardBody:786; Button:794; Eye:795; Field:801; TextInput:802; Field:804; TextArea:805; Field:811; TextArea:812; Card:835; CardBody:836; TextArea:841; Card:860; CardBody:861; Button:867; Send:868; Field:874; TextInput:875; UserRound:889; X:907; UserRound:925; Field:943; TextInput:944; Field:950; TextArea:951; Link2:966; Button:970; Copy:971; Card:979; CardBody:980; Button:987; Eye:988; Button:991; Send:992; Field:1005; SelectInput:1006; Field:1021; SelectInput:1022; Field:1034; SelectInput:1035; Field:1047; TextInput:1048; Field:1059; TextInput:1060; Field:1069; TextInput:1070; Field:1079; TextInput:1080; Field:1091; TextInput:1092,all=All:20; service_agreement=Agreements:21; wdo=WDO:22; prep_form=Prep:23; notice=Notices:24; marketing=Marketing:25,,,; ,,client/src/components/admin/AdminCommandHeader.jsx; client/src/components/ui/index.js; client/src/lib/adminFetch.js
client/src/pages/admin/DuplicateCustomersPage.jsx,CustomerLine:56; DuplicateCustomersPage:80,Link:60; Badge:66; Badge:67; Badge:68; AdminCommandHeader:132; Card:169; CardBody:170; CustomerLine:179; CustomerLine:196; Badge:198; Button:211; Button:227; Button:248; Card:278; CardBody:279; Link:290; Badge:296; Button:312,,,,; ,,client/src/components/admin/AdminCommandHeader.jsx; client/src/components/ui/index.js; client/src/lib/adminFetch.js
client/src/pages/admin/EmailAutomationsPanelV2.jsx,EmailAutomationsPanelV2:52; SendAutomationModal:243; TemplateEditorModal:612; StepEditor:783; StepPreviewModal:1027; AiDraftModal:1113,Card:106; Badge:152; Badge:166; Switch:174; Button:181; Button:196; TemplateEditorModal:211; SendAutomationModal:218; Button:511; Button:576; Button:580; Button:592; Button:598; Badge:706; Badge:711; StepEditor:737; Button:752; Button:764; Card:875; Button:892; Button:899; Button:906; Badge:944; Button:1004; AiDraftModal:1010; StepPreviewModal:1013; Button:1196; Button:1199,single=One customer:430; segment=Segment:431,GET/default ${…}${…}:39; GET/default /admin/automations/templates:61; PUT /admin/automations/templates/${…}:72; POST /admin/automations/templates/${…}/segment-preview:277; POST /admin/automations/templates/${…}/segment-send:306; GET/default /admin/customers?search=${…}&limit=8:347; POST /admin/automations/templates/${…}/trigger:377; GET/default /admin/automations/templates/${…}:622; POST /admin/automations/templates/${…}/steps:636; POST /admin/automations/templates/${…}/test:652; PUT /admin/automations/steps/${…}:821; DELETE /admin/automations/steps/${…}:844; POST /admin/automations/draft-ai:854,,localStorage.getItem waves_admin_token:41; ,,client/src/components/ui/index.js
client/src/pages/admin/EmailPage.jsx,EmailBody:31; EmailPage:132,AdminCommandHeader:553; AdminCommandHeader:626; AdminCommandHeader:650; EmailBody:1364,all=All:633; unread=Unread:634; starred=Starred:635; leads=Leads:636; invoices=Invoices:637; customer=Customer:638; complaints=Complaints:639; vendor=Vendor:640; inbox=Inbox:643; blocked=Blocked Senders:644,GET/default ${…}${…}:15; GET/default /api/admin/email/oauth/status:169; GET/default /api/admin/email/stats:179; GET/default /api/admin/email/daily-digest:189; GET/default /api/admin/email/inbox?${…}:213; GET/default /api/admin/email/blocked:224; GET/default /api/admin/email/oauth/auth-url:235; GET/default /api/admin/email/message/${…}:268; POST /api/admin/email/message/${…}/read:281; GET/default /api/admin/email/thread/${…}:289; POST /api/admin/email/message/${…}/star:302; POST /api/admin/email/message/${…}/archive:318; POST /api/admin/email/message/${…}/trash:331; POST /api/admin/email/message/${…}/reclassify:344; POST /api/admin/email/send:369; GET/default /api/admin/email/thread/${…}:380; POST /api/admin/email/message/${…}/ai-draft:396; POST /api/admin/email/send:415; GET/default /api/admin/customers?search=${…}&limit=8:449; POST /api/admin/email/block:500; DELETE /api/admin/email/blocked/${…}:517; GET/default /api/admin/email/message/${…}/attachment/${…}:527,,localStorage.getItem waves_admin_token:10; document.addEventListener pointerdown:476,,client/src/hooks/useIsMobile.js; client/src/components/admin/AdminCommandHeader.jsx
client/src/pages/admin/EmailTemplatesPanelV2.jsx,ModeBadge:108; TemplateStatusBadge:132; VersionBadge:141; SendHistoryPanel:278; TemplateIssuesPanel:340; SuppressionsPanel:414; DeliverabilityPanel:599; CreateTemplateCard:706; TemplateSettingsPanel:796; AutomationRunsPanel:1019; AutomationsPanel:1106; TemplateList:1411; BlockEditor:1499; EmailTemplatesPanelV2:1634,Badge:110; Badge:135; Badge:145; Card:280; CardHeader:281; History:283; CardTitle:284; Button:286; RefreshCw:287; CardBody:290; Badge:322; Card:342; CardHeader:343; AlertTriangle:345; CardTitle:346; Button:348; RefreshCw:349; CardBody:352; Badge:383; Card:430; CardHeader:431; ShieldCheck:433; CardTitle:434; Button:436; RefreshCw:437; CardBody:440; Input:442; Select:447; Select:458; Button:468; Plus:469; Input:472; Input:478; Select:483; Select:495; Badge:506; Card:514; CardBody:515; Badge:564; Button:578; Unlock:579; Card:613; CardHeader:614; Activity:616; CardTitle:617; Button:619; RefreshCw:620; CardBody:623; Badge:658; Badge:681; Card:708; CardHeader:709; CardTitle:710; Button:712; Button:715; Plus:716; CardBody:720; Input:722; Input:727; Select:734; Input:750; Select:755; Select:763; Select:774; Input:785; Button:805; Save:806; Input:811; Input:816; Select:826; Input:837; Select:845; Select:861; Select:873; Select:885; Select:902; Select:917; Input:932; Input:943; Input:951; Input:959; Input:970; Input:978; Textarea:989; Textarea:998; Textarea:1007; Card:1029; CardHeader:1030; History:1032; CardTitle:1033; Badge:1034; Button:1037; RefreshCw:1038; Button:1040; RefreshCw:1041; CardBody:1045; Badge:1078; Card:1136; CardHeader:1137; Zap:1139; CardTitle:1140; Input:1143; Select:1150; Button:1162; RefreshCw:1163; CardBody:1167; Badge:1184; Badge:1185; Badge:1192; Badge:1193; Select:1200; Select:1213; Input:1227; Select:1237; Input:1253; Select:1261; Select:1276; Input:1291; Input:1299; Textarea:1310; Textarea:1319; Input:1331; Input:1339; Input:1349; Button:1368; History:1369; Button:1371; Eye:1372; Button:1374; Save:1375; Button:1378; Trash2:1385; AutomationRunsPanel:1399; Card:1415; CardHeader:1416; CardTitle:1417; Select:1418; TemplateStatusBadge:1462; Switch:1463; ModeBadge:1469; Button:1471; Trash2:1482; Button:1516; Plus:1523; Card:1528; CardBody:1529; Badge:1532; Button:1536; Button:1539; Button:1542; Input:1551; Input:1561; Button:1573; Textarea:1588; Input:1603; Select:1608; Textarea:1621; Button:2358; Mail:2364; Button:2366; Plus:2375; Button:2377; Zap:2383; Button:2385; History:2391; Button:2393; AlertTriangle:2399; Button:2401; ShieldCheck:2407; Button:2409; Activity:2415; AutomationsPanel:2422; SendHistoryPanel:2443; TemplateIssuesPanel:2445; SuppressionsPanel:2456; DeliverabilityPanel:2471; CreateTemplateCard:2479; TemplateList:2491; Card:2503; CardHeader:2504; CardTitle:2507; TemplateStatusBadge:2508; ModeBadge:2509; VersionBadge:2510; Button:2517; RefreshCw:2518; Button:2521; Plus:2522; Button:2525; Eye:2526; Button:2529; Save:2530; Button:2534; CheckCircle:2535; CardBody:2540; TemplateSettingsPanel:2541; Select:2552; Badge:2579; Input:2591; Input:2600; BlockEditor:2613; Badge:2622; Card:2641; CardHeader:2642; CardTitle:2643; CardBody:2645; Select:2647; Input:2659; Button:2665; Plus:2666; Button:2668; Save:2669; Badge:2675; Button:2677; Star:2678; Button:2681; Trash2:2688; Textarea:2691; Input:2698; Button:2703; Send:2704; Card:2710; CardHeader:2711; Mail:2712; CardTitle:2713; CardBody:2715,,GET/default ${…}${…}:36; GET/default /admin/email-templates:1680; GET/default /admin/email-templates/preference-groups:1703; GET/default /admin/email-templates/${…}:1716; GET/default /admin/email-templates/send-history?limit=100:1738; GET/default /admin/email-templates/issues?limit=100:1746; GET/default /admin/email-templates/suppressions?${…}:1759; GET/default /admin/email-templates/deliverability:1770; GET/default /admin/email-templates/automations:1778; GET/default /admin/email-templates/automations/${…}/runs?limit=100:1791; POST /admin/email-templates:1882; POST /admin/email-templates/${…}/versions:1904; PUT /admin/email-templates/versions/${…}:1917; POST /admin/email-templates/versions/${…}/preview:1949; POST /admin/email-templates/versions/${…}/test:1970; POST /admin/email-templates/versions/${…}/publish:1988; PUT /admin/email-templates/${…}:2006; PUT /admin/email-templates/${…}:2047; DELETE /admin/email-templates/${…}:2078; POST /admin/email-templates/suppressions:2101; POST /admin/email-templates/suppressions/${…}/release:2124; POST /admin/email-templates/${…}/fixtures:2150; PUT /admin/email-templates/fixtures/${…}:2173; POST /admin/email-templates/fixtures/${…}/default:2195; DELETE /admin/email-templates/fixtures/${…}:2213; PUT /admin/email-templates/automations/${…}:2231; DELETE /admin/email-templates/automations/${…}:2270; POST /admin/email-templates/automations/${…}/dry-run:2293; POST /admin/email-templates/automations/runs/process-due:2314; POST /admin/email-templates/automations/runs/process-due:2338,,localStorage.getItem waves_admin_token:38; ,,client/src/components/ui/index.js
client/src/pages/admin/EquipmentCalibrationPanel.jsx,EquipmentCalibrationPanel:85; SystemLinkSummary:675; ReconciliationPanel:721; SummaryTile:848; IssueSection:866,SystemLinkSummary:310; ReconciliationPanel:661; SummaryTile:785; SummaryTile:789; SummaryTile:796; SummaryTile:800; IssueSection:808; IssueSection:823,,GET/default ${…}${…}:23; GET/default /admin/equipment-systems/reconciliation:108; GET/default /admin/equipment-systems:116; GET/default /admin/equipment-systems/${…}:141; POST /admin/equipment-systems/${…}/calibrations:197; POST /admin/equipment-systems/calibrations/${…}/verify:230,,localStorage.getItem waves_admin_token:25; ,,
client/src/pages/admin/EquipmentMaintenancePage.jsx,ConditionBar:123; StatCard:156; EquipmentMaintenancePage:192; FleetTab:382; EquipmentCard:575; InfoRow:1396; MaintenanceForm:1410; MileageForm:1775; AnalyticsTab:1980; CostBarChart:2698,AdminCommandHeader:312; FleetTab:342; AnalyticsTab:364; StatCard:476; StatCard:477; StatCard:482; StatCard:486; StatCard:491; StatCard:492; EquipmentCard:553; ConditionBar:660; InfoRow:710; InfoRow:714; InfoRow:715; InfoRow:725; InfoRow:733; InfoRow:741; InfoRow:742; InfoRow:743; MaintenanceForm:922; MileageForm:936; ConditionBar:2107; CostBarChart:2176,fleet=Fleet Overview:119; analytics=Analytics:120,GET/default ${…}${…}:30,,localStorage.getItem waves_admin_token:32; ,,client/src/components/admin/AdminCommandHeader.jsx; client/src/lib/timezone.js
client/src/pages/admin/EquipmentPage.jsx,EquipmentPage:210; EquipmentTab:409; EquipmentEditModal:648; TankMixTab:814; JobCostTab:1011; MaintenanceTab:1176,AdminCommandHeader:263; LeafIcon:320; EquipmentTab:328; EquipmentMaintenancePage:335; EquipmentMaintenancePage:342; TankMixTab:348; JobCostTab:349; EquipmentCalibrationPanel:350; EquipmentEditModal:636,assets=Assets:162; maintenance=Maintenance:163; analytics=Analytics:164; tank-mixes=Tank Mixes:165; job-costs=Job Costing:166; calibrations=Calibrations:167; assets=Assets:184; maintenance=Maintenance:185; tank-mixes=Tank Mixes:191; costs=Costs:192,GET/default ${…}${…}:33; GET/default /admin/equipment/equipment:415; PUT /admin/equipment/equipment/${…}:439; POST /admin/equipment/equipment:445; GET/default /admin/equipment/tank-mixes:819; POST /admin/equipment/tank-mixes/${…}/recalculate:827; GET/default /admin/equipment/tank-mixes:831; GET/default /admin/equipment/job-costs/summary:1018; GET/default /admin/equipment/job-costs?limit=30:1019; GET/default /admin/equipment/equipment:1181; POST /admin/equipment/equipment/${…}/maintenance:1255,,localStorage.getItem waves_admin_token:35; useSearchParams None:211; ,,client/src/hooks/useIsMobile.js; client/src/components/admin/AdminCommandHeader.jsx; client/src/hooks/useRenderedTabBeacon.js; client/src/pages/admin/EquipmentMaintenancePage.jsx; client/src/pages/admin/EquipmentCalibrationPanel.jsx
client/src/pages/admin/EstimatePage.jsx,TierGrid:548; TierRow:551; Field:604; Input:612; Select:626; Checkbox:669; EstimateToolView:725; FollowUpModal:6449; DeclineModal:6593; EstimatePipelineView:6823; WebsiteQuotesView:7531,FormCtx.Provider:2812; Field:2894; Field:3290; Select:3292; Field:3312; Select:3313; Field:3321; Select:3322; Field:3332; Input:3333; Field:3337; Select:3338; Field:3355; Select:3356; Field:3369; Select:3370; Field:3400; Input:3401; Field:3403; Input:3404; Field:3407; Input:3408; Field:3414; Input:3415; Field:3422; Input:3423; Field:3428; Input:3429; Field:3439; Select:3440; Field:3448; Select:3449; Field:3459; Select:3461; Field:3474; Select:3475; Field:3484; Select:3485; Field:3494; Select:3495; Field:3507; Select:3508; Field:3516; Select:3517; Field:3529; Select:3530; Field:3541; Select:3542; Checkbox:3557; Field:3572; Select:3574; Checkbox:3586; Field:3603; Select:3604; Field:3613; Select:3614; Checkbox:3635; Checkbox:3636; Field:3648; Select:3649; Field:3658; Input:3659; Field:3663; Select:3664; Checkbox:3686; Checkbox:3687; Checkbox:3688; Checkbox:3734; Field:3738; Select:3740; Checkbox:3752; Field:3758; Input:3759; Field:3765; Select:3766; Checkbox:3778; Checkbox:3779; Field:3790; Field:3798; Select:3799; Field:3812; Select:3813; Field:3823; Select:3824; Checkbox:3834; Field:3836; Input:3837; Field:3839; Input:3840; Field:3842; Input:3843; Field:3863; Select:3864; Checkbox:3876; Checkbox:3882; Checkbox:3887; Checkbox:3888; Checkbox:3889; Checkbox:3890; Field:3908; Input:3909; Field:3911; Input:3912; Field:3916; Select:3917; Field:3927; Select:3928; Field:3937; Select:3938; Field:3952; Select:3953; Field:3968; Select:3969; Field:3986; Select:3987; Field:3993; Select:3994; Field:4002; Select:4003; Field:4013; Select:4014; Field:4025; Input:4026; Field:4028; Input:4029; Field:4033; Input:4034; Field:4036; Input:4037; Checkbox:4040; Checkbox:4041; Field:4055; Input:4056; Field:4061; Select:4062; Field:4069; Input:4070; Field:4076; Select:4077; Field:4087; Select:4088; Field:4097; Select:4098; Checkbox:4103; Checkbox:4117; Field:4121; Select:4123; Checkbox:4135; Field:4139; Select:4141; Field:4150; Select:4152; Checkbox:4168; Checkbox:4169; Checkbox:4170; Checkbox:4171; Field:4178; Select:4180; Field:4192; Select:4193; Checkbox:4210; Checkbox:4211; Field:4217; Input:4218; Field:4220; Select:4221; Field:4232; Select:4233; Field:4243; Select:4244; Field:4254; Select:4255; Field:4268; Select:4269; Field:4277; Select:4278; Field:4287; Input:4288; Checkbox:4299; Checkbox:4300; Checkbox:4301; Field:4307; Input:4308; Field:4310; Input:4311; Field:4313; Input:4314; Field:4317; Select:4318; Field:4335; Field:4372; Select:4374; Field:4383; Input:4385; Field:4392; Input:4394; Field:4401; Input:4402; Field:4422; Input:4423; Field:4497; Field:4565; Field:4574; EstimateErrorBoundary:4827; PestProductionDiagnosticsPanel:5260; TierGrid:5283; TierRow:5285; TierGrid:5309; TierRow:5311; TierGrid:5353; TierRow:5355; TierGrid:5377; TierRow:5379; TierGrid:5401; TierRow:5405; TierGrid:5437; TierRow:5440; TierRow:5449; TierGrid:5473; TierRow:5475; TierGrid:5511; TierRow:5513; TierGrid:5535; TierRow:5537; TierRow:5544; TierRow:5550; TierRow:5557; TierRow:5563; TierGrid:5601; TierRow:5603; TierGrid:5626; TierRow:5628; TierRow:5635; TierRow:5641; TierGrid:5679; TierRow:5681; TierGrid:5705; TierRow:5707; TierGrid:5746; TierRow:5748; React.Fragment:5934; React.Fragment:6695; FollowUpModal:6961; DeclineModal:6972; LeadCard:7829; LeadCard:7849; LeadCard:7869,all=All:6795; needs_estimate=Needs Estimate:6796; ready_to_send=Ready to Send:6797; scheduled=Scheduled:6798; awaiting=Awaiting Response:6799; follow_up=Follow Up Now:6800; won=Won:6801; lost=Lost:6802; archived=Archived:6803,"GET/default /api/admin/customers?search=${…}&limit=5:1183; GET/default /api/admin/customers?search=${…}:1279; GET/default /api/admin/customers/${…}/waveguard-qualifying-services:1346; GET/default /api/admin/pricing-config/${…}:1393; GET/default /admin/discounts:1467; POST /api/admin/estimator/property-lookup:1590; GET/default /api/admin/customers?search=${…}&limit=3:1684; POST /api/admin/lookup/satellite-ai:1820; POST /api/admin/estimator/calculate-estimate:2255; GET/default /api/admin/customers/${…}/waveguard-qualifying-services?street=${…}:2406; GET/default <computed>:2521; POST /api/admin/estimates/${…}/send:2588; GET/default /api/admin/customers?search=${…}&limit=1:4510; GET/default ${…}${…}:6341; POST /admin/estimates/${…}/follow-up:6461; PATCH /admin/estimates/${…}:6607; GET/default /admin/estimates:6831; PATCH /admin/estimates/${…}:6846; POST /admin/estimates/${…}/send:7395; POST /admin/estimates/${…}/send:7451; GET/default /admin/estimates?source=website,lead_webhook,referral:7536; GET/default /admin/estimates:7543",,localStorage.getItem waves_admin_token:1196; localStorage.getItem waves_admin_token:6344; setInterval None:772; setInterval None:783,,client/src/lib/estimateEngine.js; client/src/pages/admin/LeadsTabs.jsx; client/src/components/admin/PricingLogicPanel.jsx; client/src/pages/admin/PricingLogicPage.jsx; client/src/components/admin/PestProductionDiagnosticsPanel.jsx; client/src/lib/discountCatalog.js; client/src/lib/quoteDisplay.js; client/src/lib/lookupPrefill.js; client/src/hooks/useIsMobile.js
client/src/pages/admin/EstimateToolViewV2.jsx,FieldV2:583; InputV2:955; SelectV2:970; CheckboxV2:994; PanelTitle:1032; SubGroupLabel:1052; StatusLine:1063; TierGridV2:1081; TierRowV2:1085; Tag:1128; FieldVerifyTag:1136; DiscBadge:1144; GroupHeader:1152; SectionTitle:1160; RoachOverrideAppliedNote:1456; CustomerEstimatePreviewV2:1789; EstimateToolViewV2:2100,Card:560; Button:570; FormCtx.Provider:5552; Button:5637; X:5643; EstimateErrorBoundary:5697; CustomerEstimatePreviewV2:5698; Button:5745; Button:5774; Card:5780; PanelTitle:5781; Badge:5802; Button:5808; Badge:5830; Card:5843; PanelTitle:5844; Button:5875; PanelTitle:5901; FieldV2:5902; PanelTitle:5942; FieldV2:5943; StatusLine:5960; Button:5963; Button:5966; StatusLine:6063; Button:6261; PanelTitle:6497; FieldV2:6498; SelectV2:6500; FieldV2:6520; SelectV2:6521; FieldV2:6529; SelectV2:6530; FieldV2:6540; InputV2:6541; FieldV2:6545; SelectV2:6546; FieldV2:6563; SelectV2:6564; FieldV2:6576; SelectV2:6577; FieldV2:6587; SelectV2:6588; FieldV2:6601; SelectV2:6602; FieldV2:6615; SelectV2:6616; Button:6632; FieldV2:6650; InputV2:6651; FieldV2:6653; InputV2:6655; FieldV2:6665; InputV2:6666; FieldV2:6668; InputV2:6669; FieldV2:6698; InputV2:6699; FieldV2:6706; InputV2:6707; FieldV2:6711; InputV2:6712; FieldV2:6724; SelectV2:6725; FieldV2:6734; SelectV2:6735; PanelTitle:6752; FieldV2:6755; SelectV2:6756; FieldV2:6764; SelectV2:6765; FieldV2:6775; SelectV2:6777; FieldV2:6790; SelectV2:6791; FieldV2:6800; SelectV2:6801; FieldV2:6810; SelectV2:6811; FieldV2:6823; SelectV2:6824; FieldV2:6832; SelectV2:6833; FieldV2:6845; SelectV2:6846; FieldV2:6857; SelectV2:6858; PanelTitle:6871; SubGroupLabel:6872; CheckboxV2:6873; FieldV2:6883; SelectV2:6885; FieldV2:6895; SelectV2:6898; CheckboxV2:6919; Badge:6953; FieldV2:6958; Button:6970; CheckboxV2:7025; FieldV2:7036; SelectV2:7037; FieldV2:7046; SelectV2:7047; FieldV2:7066; InputV2:7067; RoachOverrideAppliedNote:7074; CheckboxV2:7088; CheckboxV2:7089; FieldV2:7093; SelectV2:7094; FieldV2:7096; InputV2:7097; FieldV2:7102; SelectV2:7103; CheckboxV2:7106; CheckboxV2:7107; CheckboxV2:7108; FieldV2:7113; SelectV2:7114; FieldV2:7125; SelectV2:7126; FieldV2:7134; InputV2:7135; CheckboxV2:7137; FieldV2:7141; SelectV2:7142; FieldV2:7147; InputV2:7148; FieldV2:7150; SelectV2:7151; CheckboxV2:7160; FieldV2:7164; InputV2:7165; CheckboxV2:7174; FieldV2:7185; SelectV2:7187; FieldV2:7202; InputV2:7204; FieldV2:7211; InputV2:7213; Badge:7250; Button:7292; CheckboxV2:7310; CheckboxV2:7311; SubGroupLabel:7328; SubGroupLabel:7329; CheckboxV2:7330; FieldV2:7334; SelectV2:7336; CheckboxV2:7348; FieldV2:7354; InputV2:7355; FieldV2:7361; SelectV2:7362; CheckboxV2:7374; FieldV2:7378; InputV2:7379; CheckboxV2:7391; FieldV2:7402; FieldV2:7410; SelectV2:7411; FieldV2:7422; SelectV2:7423; FieldV2:7433; SelectV2:7434; CheckboxV2:7444; FieldV2:7446; InputV2:7447; FieldV2:7449; InputV2:7450; FieldV2:7452; InputV2:7453; FieldV2:7473; SelectV2:7474; CheckboxV2:7486; SubGroupLabel:7492; CheckboxV2:7493; CheckboxV2:7494; CheckboxV2:7495; CheckboxV2:7496; FieldV2:7514; InputV2:7515; FieldV2:7521; InputV2:7522; FieldV2:7530; SelectV2:7531; FieldV2:7554; SelectV2:7555; FieldV2:7574; SelectV2:7575; FieldV2:7589; SelectV2:7590; FieldV2:7607; SelectV2:7608; FieldV2:7614; SelectV2:7615; FieldV2:7623; SelectV2:7624; FieldV2:7633; SelectV2:7634; FieldV2:7646; InputV2:7647; FieldV2:7653; InputV2:7654; FieldV2:7662; InputV2:7663; FieldV2:7669; InputV2:7670; CheckboxV2:7677; CheckboxV2:7681; FieldV2:7696; InputV2:7697; FieldV2:7703; InputV2:7704; FieldV2:7710; InputV2:7711; FieldV2:7721; SelectV2:7722; FieldV2:7729; InputV2:7730; FieldV2:7736; SelectV2:7737; FieldV2:7747; SelectV2:7748; FieldV2:7757; SelectV2:7758; CheckboxV2:7763; CheckboxV2:7777; FieldV2:7781; SelectV2:7783; CheckboxV2:7795; FieldV2:7799; SelectV2:7801; FieldV2:7810; SelectV2:7812; SubGroupLabel:7827; CheckboxV2:7828; CheckboxV2:7829; CheckboxV2:7830; Badge:7891; FieldV2:7921; CheckboxV2:8019; FieldV2:8026; SelectV2:8028; FieldV2:8040; SelectV2:8041; FieldV2:8070; InputV2:8071; RoachOverrideAppliedNote:8081; CheckboxV2:8089; CheckboxV2:8090; FieldV2:8096; InputV2:8097; FieldV2:8099; SelectV2:8100; FieldV2:8111; SelectV2:8112; FieldV2:8122; SelectV2:8123; FieldV2:8133; SelectV2:8134; FieldV2:8147; SelectV2:8148; FieldV2:8156; SelectV2:8157; FieldV2:8166; InputV2:8167; SubGroupLabel:8174; CheckboxV2:8175; CheckboxV2:8181; CheckboxV2:8184; FieldV2:8188; SelectV2:8189; FieldV2:8198; SelectV2:8199; FieldV2:8207; InputV2:8208; FieldV2:8210; InputV2:8211; CheckboxV2:8214; CheckboxV2:8223; FieldV2:8229; SelectV2:8230; FieldV2:8239; SelectV2:8240; FieldV2:8249; InputV2:8250; FieldV2:8257; InputV2:8258; CheckboxV2:8263; FieldV2:8268; InputV2:8269; FieldV2:8271; InputV2:8272; FieldV2:8277; InputV2:8278; FieldV2:8280; InputV2:8281; FieldV2:8283; InputV2:8284; FieldV2:8289; InputV2:8290; FieldV2:8292; InputV2:8293; FieldV2:8296; SelectV2:8297; CheckboxV2:8307; CheckboxV2:8313; CheckboxV2:8314; CheckboxV2:8315; CheckboxV2:8316; PanelTitle:8326; FieldV2:8327; FieldV2:8364; SelectV2:8366; FieldV2:8375; InputV2:8377; FieldV2:8386; InputV2:8388; FieldV2:8396; InputV2:8398; PanelTitle:8412; Button:8447; Button:8461; Button:8473; ExternalLink:8481; Button:8485; Card:8505; PanelTitle:8507; FieldV2:8521; FieldV2:8589; FieldV2:8599; Button:8697; Button:8715; Button:8733; Button:8752; Button:8771; Card:8803; EstimateErrorBoundary:8848; Card:8852; Button:8856; ExternalLink:8864; Button:8867; Monitor:8874; Button:8877; Button:8884; CustomerEstimatePreviewV2:8923; SectionTitle:9054; Tag:9133; Tag:9137; SectionTitle:9145; PestProductionDiagnosticsPanel:9183; GroupHeader:9190; SectionTitle:9194; Tag:9196; Tag:9200; Tag:9204; FieldVerifyTag:9211; TierGridV2:9214; TierRowV2:9216; SectionTitle:9238; TierGridV2:9239; TierRowV2:9241; SectionTitle:9272; Tag:9274; FieldVerifyTag:9278; TierGridV2:9281; TierRowV2:9283; SectionTitle:9298; Tag:9300; TierGridV2:9302; TierRowV2:9304; SectionTitle:9319; Tag:9320; TierGridV2:9322; TierRowV2:9326; SectionTitle:9343; Tag:9345; TierGridV2:9357; TierRowV2:9381; SectionTitle:9405; TierGridV2:9408; TierRowV2:9410; GroupHeader:9433; SectionTitle:9439; DiscBadge:9442; TierGridV2:9445; TierRowV2:9447; SectionTitle:9462; DiscBadge:9465; TierGridV2:9468; TierRowV2:9470; TierRowV2:9477; TierRowV2:9483; TierRowV2:9490; TierRowV2:9496; SectionTitle:9524; DiscBadge:9527; FieldVerifyTag:9530; TierGridV2:9535; TierRowV2:9537; SectionTitle:9553; DiscBadge:9556; TierGridV2:9559; TierRowV2:9561; TierRowV2:9568; TierRowV2:9574; SectionTitle:9609; DiscBadge:9612; TierGridV2:9615; TierRowV2:9617; SectionTitle:9634; DiscBadge:9637; TierGridV2:9640; TierRowV2:9642; SectionTitle:9675; DiscBadge:9679; TierGridV2:9682; TierRowV2:9684; GroupHeader:9723; React.Fragment:9821,monthly12=Use monthly mosquito program:663; stations=Add 2 mosquito stations:675; dunks=Add 4 Bti dunk tablets:684; monthly=Monthly:1200; bi_monthly=Bi-monthly:1203; quarterly=Quarterly:1210; quarterly=Quarterly:1226; quarterly=Quarterly:1243; bi_monthly=Bi-monthly:1246; quarterly=Quarterly:1264; bi_monthly=Bi-monthly:1267; monthly=Monthly:1270,GET/default ${…}${…}:374; GET/default /api/admin/estimates/${…}/group:2797; GET/default /api/admin/leads/${…}:2835; GET/default /api/admin/estimates/${…}/edit-source:2876; GET/default /api/admin/customers?search=${…}&limit=5:3108; GET/default /api/admin/customers?search=${…}:3157; GET/default /api/admin/estimates/customer-spend/${…}:3281; GET/default /admin/triage?status=active&customer_id=${…}:3314; POST /api/admin/estimator/turf-preview:3389; POST /api/admin/estimator/property-lookup/verify:3452; POST /api/admin/estimator/property-lookup/verify:3486; GET/default /admin/pricing-config/lawn_pricing_v2:3627; GET/default /admin/discounts:3642; GET/default /admin/pricing-config/onetime_flea:3663; GET/default /admin/pricing-config/${…}:3690; GET/default /admin/pricing-config/termite_rental:3729; POST /api/admin/estimator/property-lookup:3892; POST /api/admin/customers/at-address:4069; POST /api/admin/lookup/satellite-ai:4198; POST /api/admin/estimator/calculate-estimate:4784; PUT /api/admin/estimates/${…}:4991; GET/default <computed>:5012; POST /api/admin/estimates/${…}/send:5112; GET/default /api/admin/customers?search=${…}&limit=1:8544,,localStorage.getItem waves_admin_token:377; localStorage.getItem waves_admin_token:2770; localStorage.getItem waves_admin_token:2800; localStorage.getItem waves_admin_token:2838; localStorage.getItem waves_admin_token:2881; localStorage.getItem waves_admin_token:3393; setInterval None:2157; setInterval None:2168,,client/src/lib/estimateEngine.js; client/src/components/ui/index.js; client/src/components/admin/PestProductionDiagnosticsPanel.jsx; client/src/lib/discountCatalog.js; client/src/lib/quoteDisplay.js; client/src/lib/lookupPrefill.js; client/src/utils/estimateProvisional.js; client/src/pages/admin/estimateSendPhoneLookup.js
client/src/pages/admin/EstimatesPageV2.jsx,StatusBadgeV2:197; StatusPillV3:211; PricingRiskBadges:390; AutomationStatusBadge:447; LawnOutlineStatusBadge:469; UrgencyBadge:513; RowActionsMenu:524; FilterSheetV2:652; StatCard:845; WorkQueueRail:886; PipelineCommandHeader:951; EstimatePricingAuditModal:976; LawnOutlineQuickButton:1440; EngineReviewBadge:1498; EngineReviewModal:1527; EstimatePipelineViewV2:1745; MobileChipSheet:2962; MobileEstimateRow:3157; EstimatesMobileListView:3576; EstimatesPageV2:4042,Badge:202; Check:233; CalendarCheck:245; Badge:405; Badge:419; Badge:424; Badge:463; Badge:495; ClipboardList:496; Badge:517; MoreHorizontal:565; X:593; SlidersHorizontal:687; X:732; Check:770; Card:847; Card:893; AdminCommandHeader:959; X:1087; StatCard:1106; StatCard:1111; StatCard:1116; StatCard:1124; Card:1133; Card:1169; Badge:1317; ExternalLink:1343; ClipboardList:1477; Badge:1519; Bot:1520; X:1578; Badge:1582; Button:2057; Button:2061; FollowUpModalV2:2072; DeclineModalV2:2082; ExtendEstimateModalV2:2092; EstimatePricingAuditModal:2102; EngineReviewModal:2109; ServiceOutlineComposerModal:2116; CreateAppointmentModal:2124; PipelineAnalytics:2153; WinLossSlicesCard:2160; SourcePerformanceCard:2161; SlidersHorizontal:2184; X:2194; Card:2218; StatusPillV3:2234; StatusBadgeV2:2236; UrgencyBadge:2272; Badge:2274; Badge:2282; PricingRiskBadges:2284; AutomationStatusBadge:2296; EngineReviewBadge:2298; Badge:2307; LawnOutlineStatusBadge:2315; Badge:2317; CalendarCheck:2326; LawnOutlineQuickButton:2351; Phone:2388; MessageSquare:2400; FilePlus2:2428; Send:2460; Badge:2465; Flag:2542; Button:2546; Button:2564; Button:2580; CalendarPlus:2586; Button:2592; Button:2603; Button:2615; CalendarPlus:2621; Button:2624; Button:2642; RowActionsMenu:2652; Pencil:2658; Check:2672; Plus:2674; Check:2691; Plus:2693; CalendarCheck:2710; CalendarCheck:2727; RotateCw:2736; DollarSign:2755; LinkIcon:2766; ClipboardList:2776; FileText:2786; SlidersHorizontal:2796; ExternalLink:2808; X:2821; Archive:2834; Trash2:2840; CustomerEstimatesPanel:2872; X:3040; Check:3073; StatusPillV3:3225; PricingRiskBadges:3238; AutomationStatusBadge:3243; EngineReviewBadge:3245; Badge:3254; LawnOutlineStatusBadge:3262; CalendarCheck:3273; CalendarCheck:3372; Phone:3417; MessageSquare:3428; LawnOutlineQuickButton:3431; RowActionsMenu:3435; Pencil:3441; Send:3450; CalendarCheck:3472; CalendarCheck:3485; Check:3491; DollarSign:3497; LinkIcon:3505; ClipboardList:3511; SlidersHorizontal:3517; Bot:3523; FilePlus2:3529; Archive:3549; ArrowLeft:3555; Trash2:3561; MobileChipSheet:3891; MobileChipSheet:3906; MobileChipSheet:3913; Card:3955; CardBody:3957; MobileEstimateRow:3974; CustomerEstimatesPanel:4003; EstimatePricingAuditModal:4009; EngineReviewModal:4016; ExtendEstimateModalV2:4022; ServiceOutlineComposerModal:4032; PipelineCommandHeader:4213; LeadsSection:4214; EstimatesMobileListView:4219; EstimatePipelineViewV2:4237; EstimateToolViewV2:4243; MarginCalculator:4257; PricingLogicPanel:4257,all=All:289; action=Action Required:290; pricing_risk=Pricing Risk:291; missing_cogs=Missing COGS:292; low_margin=Low Margin:293; risk_type_review=Risk Type:294; open=Open:295; closed=Closed:296; drafts=Drafts:297; archived=Archived:298; pricing_risk=Pricing Risk:328; missing_cogs=Missing COGS:329; low_margin=Low Margin:330; all=All:1223; missing_cogs=Missing COGS:1224; low_margin=Low Margin:1225; edit=Edit estimate:2655; send-booking=Send booking link:2706; resend=Resend estimate:2733; annual-prepay=Mark annual prepay:2752; copy-link=Copy estimate link:2763; lawn-outline=Lawn service outline:2772; proposal=Commercial proposal:2783; audit=Audit pricing:2792; preview=Preview customer view:2804; mark-lost=Mark lost:2818; archive=Archive:2831; delete=Delete draft:2837; leads=Leads:2882; estimates=Estimates:2883; new=Create Estimate:2884; pricing=Pricing Logic:2885; all=All:2907; today=Today:2908; week=This week:2909; month=This month:2910; last30=Last 30 days:2911; newest=Newest:2915; oldest=Oldest:2916; amount-desc=Amount: high → low:2917; amount-asc=Amount: low → high:2918; edit=Edit estimate:3438; send-booking=Send booking link:3469; mark-won=Mark won (verbal yes):3488; annual-prepay=Mark annual prepay:3494; copy-link=Copy estimate link:3502; lawn-outline=Lawn service outline:3508; audit=Audit pricing:3514; engine-review=AI draft review:3520; new-estimate=New estimate for customer:3526; archive=Archive:3546; unarchive=Unarchive:3552; delete=Delete draft:3558; v3=Action Priority:3920,GET/default ${…}${…}:81; GET/default <computed>:132; POST ${…}/admin/estimates/${…}/send:166; GET/default /admin/estimates/${…}/pricing-audit:991; GET/default /admin/estimates?archived=only&status=accepted&limit=all:1782; POST /admin/estimates/${…}/archive:1813; POST /admin/estimates/${…}/unarchive:1827; PATCH /admin/estimates/${…}:1844; POST /admin/estimates/${…}/mark-accepted:1925; POST /admin/estimates/${…}/mark-accepted:1962; POST /admin/estimates/${…}/send-booking-link:1995; POST /admin/communications/call:2364; DELETE /admin/estimates/${…}:2850; POST /admin/communications/call:3399; POST /admin/estimates/${…}/mark-accepted:3632; POST /admin/estimates/${…}/mark-accepted:3669; POST /admin/estimates/${…}/send-booking-link:3702; POST /admin/estimates/${…}/archive:3722; POST /admin/estimates/${…}/unarchive:3734; DELETE /admin/estimates/${…}:3754,,localStorage.getItem waves_admin_token:83; localStorage.getItem waves_admin_token:169; useSearchParams None:4044; document.addEventListener keydown:533; document.addEventListener keydown:661; document.addEventListener keydown:1007; document.addEventListener keydown:1540; document.addEventListener keydown:2971,estimates_v2_status_pills:1746; estimates_v2_status_pills:3581,client/src/hooks/useRenderedTabBeacon.js; client/src/pages/admin/EstimatePage.jsx; client/src/pages/admin/LeadsTabs.jsx; client/src/components/admin/PricingLogicPanel.jsx; client/src/components/admin/AdminCommandHeader.jsx; client/src/pages/admin/PricingLogicPage.jsx; client/src/pages/admin/EstimateToolViewV2.jsx; client/src/pages/admin/CustomerEstimatesPanel.jsx; client/src/components/admin/ServiceOutlineComposerModal.jsx; client/src/pages/admin/WinLossSlicesCard.jsx; client/src/pages/admin/SourcePerformanceCard.jsx; client/src/pages/admin/PipelineAnalytics.jsx; client/src/components/admin/EstimateModalsV2.jsx; client/src/hooks/useIsMobile.js; client/src/hooks/useFeatureFlag.js; client/src/components/ui/index.js; client/src/components/schedule/CreateAppointmentModal.jsx
client/src/pages/admin/GBPManagement.jsx,GBPManagement:151; OverviewTab:565; BusinessInfoTab:816; HoursTab:985; ServicesTab:1235; PhotosTab:1442; UpdateQueueTab:1529; ChangeHistoryTab:1748; BulkEditTab:1901; NotificationsTab:2075; Field:2229; FieldGroup:2238,OverviewTab:467; BusinessInfoTab:477; HoursTab:485; ServicesTab:493; PhotosTab:500; UpdateQueueTab:502; ChangeHistoryTab:511; BulkEditTab:520; NotificationsTab:527; FieldGroup:872; Field:874; Field:884; Field:895; Field:905; Field:916; Field:927; FieldGroup:2012; Field:2014; Field:2029; Field:2169,overview=Overview:105; profile=Profile:106; updates=Updates:111; alerts=Alerts:112; overview=Overview:301; info=Business Info:302; hours=Hours:303; services=Services:304; photos=Photos:305; updates=Update Queue:306; history=Change History:311; bulk=Bulk Edit:312; notifications=Alerts:313,GET/default ${…}${…}:24; GET/default /admin/gbp/locations:165; GET/default /admin/reviews/gbp-locations:172; GET/default /admin/gbp/updates?status=${…}&limit=100:191; POST /admin/gbp/locations/${…}/sync:217; POST /admin/gbp/locations/${…}/sync:233; POST /admin/gbp/locations/${…}/push:249; POST /admin/gbp/updates/${…}/approve:261; POST /admin/gbp/updates/${…}/reject:274; POST /admin/gbp/updates/bulk-reject:286; PUT /admin/gbp/locations/${…}:845; PUT /admin/gbp/locations/${…}/hours:1034; PUT /admin/gbp/locations/${…}/special-hours:1039; GET/default /admin/gbp/services/suggestions?category=${…}:1255; PUT /admin/gbp/locations/${…}/services:1282; POST /admin/gbp/locations/bulk-edit:1939; GET/default /admin/gbp/notifications?email=admin@wavespestcontrol.com:2084; PUT /admin/gbp/notifications:2094,,localStorage.getItem waves_admin_token:26; ,,
client/src/pages/admin/InventoryPage.jsx,InventoryPage:214; LawnFactsTab:513; LawnContentModulesTab:788; PriceSyncTab:968; WaveGuardForecastTab:1576; UnitReviewTab:1789; ProductsTab:1949; RestockRequestsTab:2777; RestockStatusCell:2952; RestockActionCell:3010; AutoReorderEditor:3065; ExpandedProduct:3197; RegistryTab:3756; VendorsTab:3955; VendorEditForm:4077; ApprovalsTab:4147; ProtocolsTab:4412; AddProtocolRow:5325; MarginsTab:5485; ScrapeTab:5629,AdminCommandHeader:279; LeafIcon:335; ProductsTab:451; LawnFactsTab:460; LawnContentModulesTab:461; PriceSyncTab:462; RegistryTab:463; VendorsTab:464; ApprovalsTab:466; ProtocolsTab:469; WaveGuardForecastTab:479; UnitReviewTab:480; RestockRequestsTab:481; MarginsTab:482; ScrapeTab:483; ExpandedProduct:2689; RestockStatusCell:2926; RestockActionCell:2927; AutoReorderEditor:3334; VendorEditForm:4052; AddProtocolRow:4949; AddProtocolRow:5308,products=Products:150; vendors=Vendors & Pricing:151; planning=Planning:157; content=Content:163; protocols=Protocols:169; vendors=Vendor Sync Status:1166; mapping=Needs Mapping:1167; login=Login Discovery:1168; csv=CSV Import / Export:1169; review=Price Review Queue:1170; all=All Products:2075; priced=Priced:2076; needs_price=Needs Price:2077; low_stock=Low Stock:2078; pest=Pest:3054; lawn=Lawn:3055; mosquito=Mosquito:3056; tree_shrub=Tree & shrub:3057; termite=Termite:3058; rodent=Rodent:3059; palm=Palm:3060; all=All Products:3830; public=Public:3831; portal=Portal:3832; draft=Drafts:3833; needs_content=Needs Content:3834; loginUsername=Username:4095; loginEmail=Email:4096; loginPassword=Password:4097; accountNumber=Account #:4098; loginUrl=Login URL:4099; all=All:4378; pest=Pest:4379; termite=Termite:4380; lawn=Lawn:4381; mosquito=Mosquito:4382; rodent=Rodent:4383; tree_shrub=Tree & Shrub:4384,GET/default ${…}${…}:37; GET/default /admin/inventory/stats:245; GET/default /admin/inventory/lawn-outline-facts:523; PATCH /admin/inventory/lawn-outline-facts/${…}:572; PATCH /admin/inventory/lawn-outline-facts/${…}:587; GET/default /admin/service-outlines/content-modules:797; PATCH /admin/service-outlines/content-modules/${…}:831; GET/default /admin/inventory/price-sync/vendors:992; GET/default /admin/inventory/price-sync/needs-mapping:993; GET/default /admin/inventory/price-sync/review-queue:994; GET/default <computed>:1016; POST /admin/inventory/price-sync/mappings/import:1037; POST /admin/inventory/price-sync/auto-map:1056; POST /admin/inventory/price-sync/hermes-login-discovery:1076; GET/default /admin/inventory/waveguard-forecast?days=${…}:1585; POST /admin/inventory/waveguard-forecast/${…}/restock-request:1606; GET/default /admin/inventory/unit-review?days=14:1798; POST /admin/inventory/unit-review/${…}/fix:1819; GET/default /admin/inventory?search=${…}&category=${…}&limit=${…}&page=${…}${…}${…}:1992; GET/default /admin/inventory/vendors:1998; PUT /admin/inventory/${…}/pricing:2013; PUT /admin/inventory/${…}:2049; POST /admin/inventory:2277; DELETE /admin/inventory/${…}:2621; GET/default /admin/inventory/restock-requests/${…}/order-evidence:2800; GET/default /admin/inventory/restock-requests?status=${…}:2812; POST /admin/inventory/restock-requests/${…}/action:2829; PUT /admin/inventory/${…}:3078; GET/default /admin/inventory/${…}/movements:3224; POST /admin/inventory/${…}/adjust:3248; POST /admin/inventory/${…}/pricing/refresh:3272; GET/default /admin/inventory?limit=500:3766; PUT /admin/inventory/${…}:3803; GET/default /admin/inventory/vendors:3960; PUT /admin/inventory/vendors/${…}:3969; GET/default /admin/inventory/approvals?status=pending&limit=100:4152; POST /admin/inventory/approvals/${…}/${…}:4163; POST /admin/inventory/approvals/bulk:4179; GET/default /admin/inventory/service-usage:4447; GET/default /admin/inventory?limit=200:4448; GET/default /admin/inventory/protocol-health:4449; PUT /admin/inventory/service-usage/${…}:4503; DELETE /admin/inventory/service-usage/${…}:4516; POST /admin/inventory/service-usage:4531; GET/default /admin/inventory/service-usage:5489; GET/default /admin/inventory/vendors:5635; GET/default /admin/inventory/scrape-jobs:5636; POST /admin/inventory/scrape-jobs/${…}/trigger:5647,,localStorage.getItem waves_admin_token:39; useSearchParams None:215; ,,client/src/hooks/useRenderedTabBeacon.js; client/src/components/admin/AdminCommandHeader.jsx
client/src/pages/admin/KnowledgeBasePage.jsx,KnowledgeBasePage:135; BrowseTab:330; DetailPanel:606; CreateTab:822; AuditTab:1029; TokensTab:1206; TierChip:1437; FieldIntelligenceTab:1446,AdminCommandHeader:199; BrowseTab:268; CreateTab:275; AuditTab:285; FieldIntelligenceTab:292; TokensTab:295; DetailPanel:417; DetailPanel:586; TierChip:1578; TierChip:1755,audit=AI Audit:190,GET/default ${…}${…}:31; GET/default /admin/kb/stats:163; GET/default /admin/kb/search?q=${…}&${…}:346; GET/default /admin/kb?${…}:352; POST /admin/kb/${…}/verify:366; POST /admin/kb/${…}/flag:376; DELETE /admin/kb/${…}:387; PUT /admin/kb/${…}:395; POST /admin/kb:837; POST /admin/kb/audit/run:1037; GET/default /admin/kb/tokens/status:1211; POST /admin/kb/tokens/check:1224; GET/default /admin/wiki/review/queue:1453; GET/default /admin/wiki?limit=200:1459; GET/default /admin/wiki/${…}:1468; POST /admin/wiki/review/${…}:1481; PUT /admin/wiki/tier/${…}:1499; POST /admin/wiki/update/${…}:1516,,localStorage.getItem waves_admin_token:33; useSearchParams None:136; mq.addEventListener change:59,,client/src/hooks/useRenderedTabBeacon.js; client/src/components/admin/AdminCommandHeader.jsx; client/src/lib/adminAuth.js
client/src/pages/admin/KnowledgeHubPage.jsx,KnowledgeHubPage:14,AdminCommandHeader:32; Suspense:42; KnowledgeBasePage:50; KnowledgePage:52,wiki=Wiki:10; base=Knowledge Base:11,,,useSearchParams None:15; ,,client/src/components/admin/AdminCommandHeader.jsx; client/src/pages/admin/KnowledgePage.jsx; client/src/pages/admin/KnowledgeBasePage.jsx
client/src/pages/admin/KnowledgePage.jsx,Card:77; QAModal:96; ArticleViewer:302; HealthCheck:438; SourcesView:555; KnowledgePage:834,Card:344; Card:417; Card:468; Card:641; AdminCommandHeader:891; ArticleViewer:903; QAModal:913; AdminCommandHeader:915; Card:1002; SourcesView:1088; HealthCheck:1091; Card:1097; Card:1104,articles=Articles:818; sources=Sources:819; health=Health:820; queries=Recent Queries:821,GET/default ${…}${…}:37; POST ${…}${…}:45; POST ${…}${…}:59; GET/default /admin/knowledge/article/${…}:307; GET/default /admin/knowledge/health:443; GET/default /admin/knowledge/sources:568; GET/default /admin/knowledge/sources:581; GET/default /admin/knowledge/sources:600; GET/default <computed>:872; GET/default /admin/knowledge/queries:881,,localStorage.getItem waves_admin_token:39; localStorage.getItem waves_admin_token:48; localStorage.getItem waves_admin_token:62; localStorage.getItem waves_admin_user:828; useSearchParams None:835; ,,client/src/hooks/useIsMobile.js; client/src/hooks/useRenderedTabBeacon.js; client/src/components/admin/AdminCommandHeader.jsx
client/src/pages/admin/LawnAssessmentPanel.jsx,LawnAssessmentPanel:102,AdminCommandHeader:402; ArrowLeft:471; AdminCommandHeader:475,turf_density=Turf Density:808; weed_suppression=Weed Suppression:809; color_health=Color Health:810; fungus_control=Fungus Control:811; thatch_level=Thatch Level:812,GET/default ${…}${…}:26; GET/default /admin/lawn-assessment/customers:144; GET/default /admin/lawn-assessment/customers?q=${…}:153; POST /admin/lawn-assessment/assess:207; POST /admin/lawn-assessment/confirm:256; GET/default /admin/lawn-assessment/history/${…}:303; GET/default /admin/customers/${…}/turf-profile:316; PUT /admin/customers/${…}/turf-profile:358,,localStorage.getItem waves_admin_token:28; localStorage.getItem lawn_guide_seen:138; localStorage.setItem lawn_guide_seen:445; ,,client/src/components/admin/AdminCommandHeader.jsx
client/src/pages/admin/LawnProtocolCommandCenterPage.jsx,Pill:107; Stat:128; Section:137; BridgeList:152; LawnProtocolCommandCenterPage:191,Icon:142; Section:154; Link:157; ExternalLink:164; AdminCommandHeader:419; ProtocolReferenceTabV2:432; Pill:449; Pill:488; Pill:489; Pill:497; Stat:517; Stat:518; Stat:519; Stat:524; Section:527; Pill:532; Pill:533; Section:558; CheckCircle2:562; Section:594; Pill:600; Section:613; Link:616; Pill:652; Section:717; BridgeList:733; BridgeList:734; BridgeList:735; Section:736; Link:740; Pill:747; Section:785; Section:803; Pill:829,mixing=Mixing & labels:175; overview=Overview:176; products=Products:177; bridges=Instructions:178; audit=History:179; create-draft=Create Draft:363; publish=Publish:372; refresh=Refresh:381,GET/default ${…}${…}:24; PUT ${…}${…}:41; POST ${…}${…}:60; GET/default /admin/protocols/lawn/command-center${…}:233; GET/default /admin/inventory?search=${…}&limit=8:257,,localStorage.getItem waves_admin_token:26; localStorage.getItem waves_admin_token:44; localStorage.getItem waves_admin_token:63; useSearchParams None:192; ,,client/src/hooks/useRenderedTabBeacon.js; client/src/components/admin/AdminCommandHeader.jsx; client/src/pages/admin/ProtocolReferenceTabV2.jsx
client/src/pages/admin/LeadsPage.jsx,LeadsPage:4,LeadsSection:5,,,,; ,,client/src/pages/admin/LeadsTabs.jsx
client/src/pages/admin/LeadsTabs.jsx,LeadOwedPromises:76; Badge:328; AgingBadge:349; Card:359; MetricCard:377; PipelineStatusCard:401; LeadsWorkspaceNav:442; Btn:539; Input:564; Modal:618; SpeedToLeadTimer:781; LeadsSection:852,Badge:356; Card:379; MetricCard:1348; MetricCard:1353; MetricCard:1358; MetricCard:1368; MetricCard:1373; MetricCard:1399; PipelineStatusCard:1433; Btn:1661; Card:1674; React.Fragment:1711; AgingBadge:1745; Badge:1762; Badge:1787; Badge:1798; SpeedToLeadTimer:1859; Trash2:1899; Btn:2024; Badge:2121; LeadOwedPromises:2136; AuthenticatedCallAudio:2172; Badge:2279; Badge:2382; Badge:2390; Btn:2402; Btn:2447; Btn:2466; Btn:2478; Btn:2486; Btn:2500; Btn:2608; Btn:2621; Btn:2631; Btn:2641; Btn:2651; Trash2:2662; Btn:2744; Btn:2775; Btn:2880; Btn:2910; Btn:3108; Btn:3277; Btn:3322; Btn:3341; AgingBadge:3480; Badge:3516; Badge:3526; Trash2:3566; Btn:3644; Card:3658; React.Fragment:3727; Badge:3756; Btn:3922; Card:3985; Card:4101; Card:4238; Card:4381; Card:4486; Modal:4638; Input:4643; Input:4650; Input:4657; Input:4662; Input:4667; Input:4675; Input:4682; Input:4689; Input:4698; Input:4709; Input:4719; Input:4729; Btn:4735; Modal:4743; Input:4748; Input:4756; Btn:4767; Modal:4775; Input:4777; Input:4783; Input:4789; Input:4797; Btn:4803; Modal:4811; Input:4813; Input:4820; Btn:4859; Modal:4867; Input:4869; Btn:4878; Modal:4886; Input:4888; Input:4893; Input:4910; Input:4916; Input:4924; Input:4930; Input:4936; Btn:4942; Modal:4950; Input:4952; Input:4958; Input:4964; Input:4977; Btn:4982; LeadsWorkspaceNav:5005,pipeline=Pipeline:444; sources=Sources:449; analytics=ROI Analytics:454,GET/default /admin/call-recordings/commitments/open?lead_id=${…}&limit=${…}:85; PATCH /admin/call-recordings/commitments/${…}:98; GET/default ${…}${…}:149; GET/default /admin/leads?${…}:953; GET/default /admin/leads/sources:967; GET/default /admin/leads/analytics/by-source?include_inactive=1:984; GET/default /admin/leads/analytics/overview:997; GET/default /admin/leads/analytics/funnel:998; GET/default /admin/leads/analytics/by-source:999; GET/default /admin/leads/analytics/by-channel:1000; GET/default /admin/leads/analytics/response:1001; GET/default /admin/leads/analytics/lost:1002; GET/default /admin/customers?limit=1:1018; GET/default /admin/dispatch/technicians:1020; GET/default /admin/services?is_active=true&limit=200:1031; GET/default /admin/leads/${…}:1088; PUT /admin/leads/${…}:1174; DELETE /admin/leads/${…}:1200; POST /admin/leads:1234; POST /admin/leads/sources:1237; POST /admin/leads/${…}/convert:1248; POST /admin/leads/${…}/lost:1254; POST /admin/leads/${…}/assign:1260; PUT /admin/leads/${…}:1266; POST /admin/leads/sources/${…}/cost:1276; POST /admin/leads/${…}/send-sms:2409; POST /admin/leads/${…}/send-sms:2753; POST /admin/leads/${…}/schedule-callback:2889; POST /admin/leads/${…}/schedule-appointment:3121; GET/default /admin/leads/sources/${…}:3607,,localStorage.getItem waves_admin_token:152; useSearchParams None:854; setInterval None:788; window.setInterval None:1060; window.setInterval None:1069; window.setInterval None:1115,agent_estimate:856,client/src/components/admin/CallBridgeLink.jsx; client/src/components/admin/AuthenticatedCallAudio.jsx; client/src/hooks/useIsMobile.js; client/src/hooks/useFeatureFlag.js
client/src/pages/admin/MorePage.jsx,MorePage:30,Navigate:43; AdminCommandHeader:61; Link:79; Icon:90; ChevronRight:96; Link:114; SlidersHorizontal:123; ChevronRight:129; Link:142; ExternalLink:147; ChevronRight:153; LogOut:164,,,,localStorage.removeItem waves_admin_token:46; localStorage.removeItem waves_admin_user:47; ,agent_estimate:41,client/src/hooks/useFeatureFlag.js; client/src/components/admin/AdminCommandHeader.jsx; client/src/hooks/useIsMobile.js; client/src/lib/adminUsage.js; client/src/config/adminNavigation.js; client/src/config/mobileSettingsSections.js
client/src/pages/admin/NewsletterPage.jsx,StatTile:101; SectionHeader:124; PageHeader:138; TabBar:199; EventCard:271; QuickActions:381; ManageTile:458; PostStatusBadge:488; RecentPosts:496; DashboardView:558; FreshnessBadge:754; AdminStatusBadge:773; EventInboxView:790; CalendarRow:1286; CalendarView:1387; NewsletterPage:1549,Card:103; CardBody:105; Icon:109; MailPlus:152; Badge:166; Badge:172; Badge:176; Button:183; MailPlus:185; Badge:312; MapPin:317; Button:361; Sparkles:373; Card:388; CardBody:393; FileText:397; Card:421; CardBody:426; Upload:430; Card:460; CardBody:465; Icon:471; Badge:489; Badge:490; Badge:491; Badge:492; Badge:493; Card:504; CardBody:506; PostStatusBadge:550; StatTile:620; StatTile:628; StatTile:638; SectionHeader:648; QuickActions:652; SectionHeader:659; Card:666; CardBody:668; EventCard:682; SectionHeader:694; RecentPosts:706; SectionHeader:711; ManageTile:714; ManageTile:720; ManageTile:726; Search:1041; RefreshCw:1051; Button:1061; Check:1065; Button:1068; X:1073; Button:1076; Star:1081; Button:1085; GitMerge:1091; FreshnessBadge:1196; AdminStatusBadge:1200; FileText:1230; Check:1242; X:1257; Star:1269; Button:1370; Sparkles:1376; CalendarRow:1527; AdminCommandHeader:1674; LeafIcon:1736; DashboardView:1746; CalendarView:1754; ComposeView:1756; HistoryView:1765; SubscribersView:1766; EventInboxView:1767; EmailAutomationsPanelV2:1768,dashboard=Dashboard:68; calendar=Calendar:69; compose=Compose:70; history=History:71; subscribers=Subscribers:72; events=Events:73; automations=Automations:74; dashboard=Dashboard:84; compose=Compose:85; schedule=Schedule:86; automation=Automation:92; audience=Audience:98,GET/default ${…}${…}:53; GET/default /admin/newsletter/events?days=14&limit=12:600; GET/default /admin/newsletter/events/inbox?${…}:815; GET/default /admin/newsletter/events/sources:827; PATCH /admin/newsletter/events/${…}:843; POST /admin/newsletter/events/bulk-action:859; POST /admin/newsletter/events/merge:892; GET/default /admin/newsletter/calendar?pastWeeks=4&futureWeeks=12:1397; PATCH /admin/newsletter/calendar/${…}:1414; POST /admin/newsletter/calendar:1419; POST /admin/newsletter/calendar:1442; PATCH /admin/newsletter/calendar/${…}:1454; POST /admin/newsletter/calendar/${…}/draft-from-plan:1464; GET/default /admin/newsletter/sends:1589; GET/default /admin/newsletter/subscribers?limit=1:1605,,localStorage.getItem waves_admin_token:55; useSearchParams None:1550; ,,client/src/components/admin/AdminCommandHeader.jsx; client/src/components/ui/index.js; client/src/pages/admin/NewsletterTabs.jsx; client/src/pages/admin/EmailAutomationsPanelV2.jsx; client/src/pages/admin/newsletterUiCopy.js; client/src/hooks/useRenderedTabBeacon.js
client/src/pages/admin/NewsletterTabs.jsx,FieldLabel:146; ChipRow:155; PanelHeader:180; ComposeView:307; SendConfirmDialog:1695; PreviewDialog:1843; ConfirmRow:1906; DigestPlanner:1932; AiDraftModal:2059; HistoryView:2186; QuizResultsBreakdown:2533; FeedbackBreakdown:2612; VariantBreakdown:2685; VariantCell:2732; StatusChip:2769; Stat:2777; AggStat:2802; SubscribersView:2822,XCircle:1026; PanelHeader:1033; Badge:1038; Button:1043; Wand2:1050; FieldLabel:1065; DigestPlanner:1078; FieldLabel:1098; FieldLabel:1124; FieldLabel:1136; FieldLabel:1149; FieldLabel:1159; FieldLabel:1171; FieldLabel:1206; FieldLabel:1216; FieldLabel:1256; PanelHeader:1276; FieldLabel:1332; FieldLabel:1400; ChipRow:1430; ChipRow:1443; ChipRow:1474; PanelHeader:1494; Button:1500; Save:1507; Button:1510; Eye:1517; FieldLabel:1522; Button:1531; MailCheck:1538; Button:1546; Send:1552; XCircle:1559; AlertTriangle:1564; CheckCircle2:1569; PanelHeader:1578; Button:1592; CalendarClock:1599; PanelHeader:1623; AiDraftModal:1652; PreviewDialog:1663; SendConfirmDialog:1670; ConfirmRow:1766; ConfirmRow:1771; ConfirmRow:1778; ConfirmRow:1780; ConfirmRow:1781; Button:1822; Button:1825; Button:1896; CalendarDays:1977; Button:1986; Sparkles:1987; AlertTriangle:2000; Button:2048; Wand2:2049; Button:2172; Button:2175; Card:2318; AggStat:2336; AggStat:2337; AggStat:2338; AggStat:2339; AggStat:2344; AggStat:2345; Badge:2425; StatusChip:2427; Stat:2482; Stat:2486; Stat:2490; Stat:2491; Stat:2492; Stat:2497; VariantBreakdown:2506; QuizResultsBreakdown:2513; FeedbackBreakdown:2516; VariantCell:2714; VariantCell:2721; Badge:2746; Stat:2756; Stat:2757; Stat:2758; Stat:2762; Badge:2770; Badge:2771; Badge:2772; Badge:2773; Badge:2774; Card:2971; Button:3000; Upload:3001; Button:3005; Download:3007; Button:3015; UserPlus:3017; Search:3063; Badge:3107; Badge:3110; Badge:3113; Badge:3115; Button:3142,any=Any:131; members=Members (1+):132; single=Single-line:133; multi=Multi-line (2+):134; blank=Blank:221; pest_insider=Pest Insider:246; all=All active:1281; customers=Customers only:1282; leads=Non-customers only:1283; custom=By source…:1284; great=👍 Great:2600; okay=😐 Okay:2601; needs-work=👎 Needs work:2602,GET/default ${…}${…}:195; GET/default /admin/newsletter/quizzes:421; GET/default /admin/newsletter/subscribers?status=active&limit=1:664; GET/default /admin/auth/me:667; GET/default /admin/newsletter/tags:674; GET/default /admin/newsletter/sends/${…}:691; GET/default /admin/newsletter/sends/latest-autopilot${…}:706; POST /admin/newsletter/segment-preview:723; PATCH /admin/newsletter/sends/${…}:793; POST /admin/newsletter/sends:801; POST /admin/newsletter/preview:821; POST /admin/newsletter/sends/${…}/test:840; POST /admin/newsletter/sends/${…}/validate:859; POST /admin/newsletter/sends/${…}/send:888; POST /admin/newsletter/sends/${…}/schedule:917; POST /admin/newsletter/draft-ai:969; POST /admin/newsletter/events/digest-plan:1944; GET/default /admin/newsletter/sends:2204; POST /admin/newsletter/sends/${…}/cancel-schedule:2222; DELETE /admin/newsletter/sends/${…}:2242; POST /admin/newsletter/sends/${…}/resume:2255; GET/default /admin/newsletter/sends/${…}:2273; GET/default /admin/newsletter/sends/${…}:2293; GET/default /admin/newsletter/sends/${…}/quiz-results:2310; GET/default /admin/newsletter/subscribers?${…}:2848; GET/default /admin/newsletter/subscribers?${…}:2878; GET/default ${…}/admin/newsletter/subscribers.csv?${…}:2897; POST /admin/newsletter/subscribers:2926; POST /admin/newsletter/subscribers/import:2947; DELETE /admin/newsletter/subscribers/${…}:2961,,localStorage.getItem waves_admin_token:197; useSearchParams None:315; useSearchParams None:2187; localStorage.getItem waves_admin_token:2901; ,,client/src/components/ui/index.js; client/src/pages/admin/newsletterUiCopy.js
client/src/pages/admin/NotificationEventsTabV2.jsx,Variables:130; MissingChannel:147; SmsCard:169; EmailCard:231; EventSection:324; SmsOnlyBucket:396; EmailOnlyBucket:427; NotificationEventsTabV2:440,Card:150; CardBody:151; Icon:154; Button:161; Plus:162; Card:179; CardBody:180; MessageSquare:184; Badge:186; Switch:192; Textarea:200; Variables:206; Button:209; Save:210; Button:212; ExternalLink:218; Button:221; Trash2:222; Card:234; CardBody:235; Mail:239; Badge:243; Badge:247; Badge:251; Switch:258; Badge:267; Badge:268; Badge:269; Input:275; Input:284; Button:299; Save:300; Button:302; ExternalLink:308; Button:310; ExternalLink:316; Badge:345; Badge:346; Badge:347; SmsCard:362; MissingChannel:372; EmailCard:378; MissingChannel:388; SmsCard:407; Button:604; RefreshCw:605; EventSection:613; SmsOnlyBucket:631; EmailOnlyBucket:640,,GET/default ${…}${…}:25; GET/default /admin/notification-events:456; PUT /admin/sms-templates/${…}:501; DELETE /admin/sms-templates/${…}:521; PUT /admin/email-templates/automations/${…}:550; PUT /admin/email-templates/versions/${…}:560,,localStorage.getItem waves_admin_token:27; ,,client/src/components/ui/index.js
client/src/pages/admin/OwedTabV2.jsx,OwedTabV2:69,Select:166; Button:179; Badge:207; Badge:208; Badge:210; Button:231; Button:232; Button:235; Button:244,,GET/default /admin/call-recordings/commitments/open?${…}:92; GET/default /admin/call-recordings/commitments/open?${…}:120; PATCH /admin/call-recordings/commitments/${…}:140,,; setInterval None:77,,client/src/components/ui/index.js; client/src/utils/admin-fetch.js
client/src/pages/admin/PPCDashboardPage.jsx,MiniSparkline:58; KPI:92; Card:149; SectionTitle:165; Pill:194; StatusBadge:217; QualityDots:246; FunnelBar:268; DonutChart:333; WavesPPCDashboard:409,Card:530; KPI:667; KPI:673; KPI:679; KPI:685; KPI:691; KPI:697; Card:715; SectionTitle:717; FunnelBar:720; SectionTitle:752; FunnelBar:754; Card:768; SectionTitle:777; DonutChart:778; Card:836; SectionTitle:838; Card:903; Pill:916; Pill:930; Pill:947; Card:959; SectionTitle:961; StatusBadge:1051; Card:1157; SectionTitle:1159; FunnelBar:1165; Card:1246; SectionTitle:1248; DonutChart:1252; Card:1337; SectionTitle:1339,overview=Overview:627; campaigns=Campaigns:628; funnel=Funnel & Attribution:629,GET/default ${…}${…}:6; GET/default /admin/ads/campaigns:424; GET/default /admin/ads/funnel?period=30d:425; GET/default /admin/ads/revenue-attribution?period=month:426,,localStorage.getItem waves_admin_token:8; ,,
client/src/pages/admin/PayerArAgingDialog.jsx,PayerArAgingDialog:32; Stat:184,Dialog:65; DialogHeader:66; DialogTitle:67; DialogBody:69; Stat:80; Stat:81; Stat:82; Stat:84; Table:131; THead:132; TR:133; TH:134; TH:135; TH:136; TH:137; TBody:140; TR:142; TD:143; TD:152; TD:153; TD:160; Badge:162; DialogFooter:175; Button:176,,GET/default /admin/payers/ar-aging:40,,; ,,client/src/components/ui/index.js; client/src/lib/adminFetch.js
client/src/pages/admin/PayerDetailSheet.jsx,PayerDetailSheet:81; StatementRow:187; StatementDetail:225; ReconcileForm:372; DunningControls:412; ArSummary:451; Stat:490,Sheet:121; SheetHeader:122; SheetBody:144; Tabs:145; TabList:146; Tab:147; Tab:148; TabPanel:151; StatementRow:161; TabPanel:174; ArSummary:175; Badge:200; Badge:204; StatementDetail:219; Button:315; Button:318; Button:324; Button:341; ReconcileForm:351; DunningControls:362; Select:385; Input:394; Button:402; Button:405; Button:429; Button:433; Button:437; Button:442; Stat:466; Stat:467; Stat:468; Stat:470,,GET/default /admin/payers/${…}/statements:91; GET/default /admin/payers/${…}/ar:103; GET/default <computed>:236; GET/default ${…}/followups:243; POST <computed>:259,,; ,,client/src/components/ui/index.js; client/src/lib/adminFetch.js
client/src/pages/admin/PayersPage.jsx,PayersPage:68; Field:421,AdminCommandHeader:163; Input:178; Card:194; CardBody:195; Table:196; THead:197; TR:198; TH:199; TH:200; TH:201; TH:202; TH:203; TH:204; TBody:207; TR:209; TD:210; TR:215; TD:216; TR:222; TD:223; TD:237; TD:238; TD:241; TD:242; Badge:244; Badge:246; TD:249; Button:250; Dialog:267; DialogHeader:268; DialogTitle:269; DialogBody:271; Field:272; Input:273; Field:279; Input:280; Field:286; Input:287; Field:294; Input:295; Field:301; Input:302; Field:309; Input:310; Field:315; Input:316; Field:322; Input:323; Field:330; Select:331; Field:342; Input:343; Field:383; Textarea:384; DialogFooter:392; Button:393; Button:396; PayerDetailSheet:404; PayerArAgingDialog:412,ar=AR aging:167; new=New payer:168,GET/default /admin/payers?${…}:86; GET/default /admin/payers/${…}:126; GET/default <computed>:143,,; ,,client/src/components/admin/AdminCommandHeader.jsx; client/src/components/ui/index.js; client/src/lib/adminFetch.js; client/src/pages/admin/PayerDetailSheet.jsx; client/src/pages/admin/PayerArAgingDialog.jsx
client/src/pages/admin/PendingDraftsTab.jsx,Chip:88; Bubble:109; ActionButton:132; DraftCard:160; PendingDraftsTab:236,Chip:171; Chip:172; Bubble:177; Bubble:178; ActionButton:205; ActionButton:208; ActionButton:215; ActionButton:218; ActionButton:221; DraftCard:415,,GET/default /admin/drafts?status=pending:257; GET/default /admin/drafts?status=pending&before=${…}:278; PUT /admin/drafts/${…}/approve:347; PUT /admin/drafts/${…}/revise:354; PUT /admin/drafts/${…}/reject:363,,; ,,client/src/utils/admin-fetch.js
client/src/pages/admin/PestPressureSettingsPage.jsx,Card:62; SectionHeading:78; Toggle:92; NumberField:148; TextField:179; TextArea:200; Select:223; Pill:247; PestPressureSettingsPage:304,Icon:82; AdminCommandHeader:540; Card:561; AlertTriangle:563; Card:569; CheckCircle2:571; Card:578; SectionHeading:579; Toggle:583; Toggle:589; Toggle:595; Toggle:601; Select:608; Toggle:616; Toggle:621; Card:630; SectionHeading:631; Toggle:668; Card:678; SectionHeading:679; NumberField:685; Pill:698; Card:708; SectionHeading:709; TextField:726; NumberField:731; NumberField:732; TextField:733; Pill:741; Card:747; SectionHeading:748; NumberField:753; NumberField:759; NumberField:765; NumberField:771; Card:786; SectionHeading:787; NumberField:792; NumberField:793; NumberField:794; NumberField:795; NumberField:796; Card:801; SectionHeading:802; TextField:807; TextField:808; TextField:809; TextField:810; TextArea:813; Card:823; SectionHeading:824; NumberField:838; Eye:858; Pill:872; Pill:874; Pill:877; Pill:879; Card:901; SectionHeading:902; Pill:959; ShieldAlert:959; Pill:960; RefreshCw:974; Card:1017; SectionHeading:1018; Pill:1031; X:1061; NumberField:1073,restore=Restore defaults:546; pest=Pest control:637; mosquito=Mosquito (WaveGuard):638; rodent=Rodent:639; termite=Termite (bait monitoring):640; lawn=Lawn care:641; tree_shrub=Tree & shrub:642; palm=Palm injection:643,GET/default ${…}${…}:39; GET/default /admin/pest-pressure/config:336; PUT /admin/pest-pressure/config:393; GET/default /admin/pest-pressure/scores/recent?limit=25:422; GET/default /admin/pest-pressure/audit?limit=25:423; POST /admin/pest-pressure/scores/${…}/recalculate:440; PUT /admin/pest-pressure/scores/${…}/override:481; DELETE /admin/pest-pressure/scores/${…}/override:498; POST /admin/pest-pressure/preview:513,,localStorage.getItem waves_admin_token:42; ,,client/src/hooks/useIsMobile.js; client/src/components/admin/AdminCommandHeader.jsx
client/src/pages/admin/PhotoAssessmentDetailSheet.jsx,Row:49; SendReportDialog:58; LinkDialog:133; LawnTechView:231; PestTechView:257; CustomerPreview:300; PhotoAssessmentDetailSheet:349,Dialog:89; DialogHeader:90; DialogTitle:91; DialogBody:93; Input:102; Button:103; Input:113; DialogFooter:119; Button:121; Button:124; Button:125; Dialog:186; DialogHeader:187; DialogTitle:188; DialogBody:190; Tabs:191; TabList:192; Tab:193; Tab:194; Input:202; DialogFooter:224; Button:225; Badge:242; Badge:243; Badge:270; Badge:271; Badge:272; Row:274; Row:275; Row:306; Row:318; Row:327; Row:328; Row:331; Row:336; Sheet:417; SheetHeader:418; Badge:423; Button:429; Button:431; Button:435; Button:436; SheetBody:440; Tabs:444; TabList:445; Tab:446; Tab:447; Tab:448; Tab:449; TabPanel:451; CustomerPreview:452; TabPanel:454; LawnTechView:455; PestTechView:455; TabPanel:457; TabPanel:470; Row:471; Row:472; Row:473; Row:474; Row:475; Row:476; Row:477; Row:478; Row:479; Row:480; Row:481; Row:482; Row:483; SendReportDialog:489; LinkDialog:499,,POST /admin/photo-assessments/${…}/${…}/send-report:73; GET/default <computed>:154; POST /admin/photo-assessments/${…}/${…}/link:171; GET/default /admin/photo-assessments/${…}/${…}:362; POST /admin/photo-assessments/${…}/${…}/generate-link:397,,; ,,client/src/components/ui/index.js; client/src/lib/adminFetch.js; client/src/pages/admin/PhotoAssessmentsPage.jsx
client/src/pages/admin/PhotoAssessmentsPage.jsx,FunnelTiles:99; NewAssessmentDialog:137; PhotoAssessmentsPage:225,Card:107; CardBody:108; Dialog:177; DialogHeader:178; DialogTitle:179; DialogBody:181; Select:184; Input:201; Input:202; Input:203; Input:204; Textarea:208; DialogFooter:212; Button:213; Button:214; Badge:282; Badge:283; Button:288; FunnelTiles:292; Tabs:295; TabList:296; Tab:297; Tab:298; Tab:299; Select:303; Card:314; Table:315; THead:316; TR:317; TH:318; TH:319; TH:320; TH:321; TH:322; TH:323; TH:324; TBody:327; TR:329; TD:329; TR:331; TD:331; TR:336; TD:341; TD:342; TD:343; TD:344; TD:345; Badge:345; TD:346; TD:347; PhotoAssessmentDetailSheet:357; NewAssessmentDialog:365,viewed=Viewed:64; sent=Report sent:65; unlocked=Unlocked:66; link_released=Link released:67; archived=Archived:68; teaser=Teaser only:69; new-assessment=Add Assessment:264,POST /admin/photo-assessments/${…}:163; GET/default /admin/photo-assessments?${…}:242; GET/default /admin/photo-assessments/funnel?days=30:243,,; ,,client/src/components/ui/index.js; client/src/lib/adminFetch.js; client/src/pages/admin/PhotoAssessmentDetailSheet.jsx
client/src/pages/admin/PipelineAnalytics.jsx,StatCard:248; SectionHeader:266; FunnelTile:282; AttentionCard:315; PricingRiskCard:343; PipelineAnalytics:393,Card:250; Card:317; Card:345; StatCard:603; StatCard:608; StatCard:613; StatCard:618; Card:629; SectionHeader:630; FunnelTile:632; FunnelTile:640; FunnelTile:648; FunnelTile:656; Card:667; SectionHeader:668; Icon:691; AttentionCard:730; PricingRiskCard:738; AttentionCard:745,all=All:12; 7d=7d:13; 30d=30d:14; 90d=90d:15; ytd=YTD:16,,,; ,,client/src/pages/admin/EstimatePage.jsx; client/src/components/ui/index.js; client/src/lib/timezone.js
client/src/pages/admin/PriceMatchPage.jsx,Chip:36; PriceMatchPage:69; ActionButton:412,AdminCommandHeader:222; Chip:291; ChevronRight:301; Chip:321; ActionButton:334; ActionButton:335; ActionButton:341; ActionButton:342; AlertTriangle:348; ActionButton:351; AlertTriangle:358; ActionButton:361; ExternalLink:389; Icon:425,active=Active:30; sent=Sent:31; dismissed=Dismissed:32; all=All:33; refresh=Refresh:226; preview=Preview scan:227,GET/default /admin/price-match/drafts?status=${…}:99; GET/default /admin/price-match/drafts/${…}:118; GET/default /admin/price-match/drafts/${…}:127; POST /admin/price-match/drafts/${…}/${…}:141; POST /admin/price-match/scan:191,,; ,,client/src/components/admin/AdminCommandHeader.jsx; client/src/utils/admin-fetch.js
client/src/pages/admin/PricingHubPage.jsx,PricingHubPage:19,AdminCommandHeader:62; PricingLogicPage:80; PricingStrategyPage:83; AdminPriceChangePage:85,logic=Logic & Margins:12; strategy=Strategy & Offers:15; notices=Price Notices:16,,,useSearchParams None:20; ,,client/src/pages/admin/PricingLogicPage.jsx; client/src/pages/admin/PricingStrategyPage.jsx; client/src/pages/admin/AdminPriceChangePage.jsx; client/src/hooks/useRenderedTabBeacon.js; client/src/lib/adminAuth.js; client/src/components/admin/AdminCommandHeader.jsx
client/src/pages/admin/PricingLogicPage.jsx,MarginCalculator:94; SpecServicesPanel:499; PestCalibrationPanel:645; CalibrationGroup:1326; PricingLogicPage:1386,CalibrationGroup:1038; CalibrationGroup:1039; AdminCommandHeader:1435; MarginCalculator:1462; PestCalibrationPanel:1466; SpecServicesPanel:1470; PricingLogicPanel:1474; PricingRealityCheckPage:1478,margins=Margins:37; calibration=Calibration:38; specs=Service Specs:39; logic=Logic Rules:40; reality=Audit:41,GET/default ${…}${…}:65; GET/default ${…}${…}:75,,localStorage.getItem waves_admin_token:68; localStorage.getItem waves_admin_token:78; useSearchParams None:1387; ,,client/src/hooks/useRenderedTabBeacon.js; client/src/components/admin/PricingLogicPanel.jsx; client/src/components/admin/AdminCommandHeader.jsx; client/src/pages/admin/PricingRealityCheckPage.jsx
client/src/pages/admin/PricingRealityCheckPage.jsx,FilterSelect:154; KpiCard:178; CoverageStrip:192; SegmentTable:216; OutliersTable:279; PricingRealityCheckPage:364,ShieldCheck:406; RefreshCw:416; FilterSelect:423; FilterSelect:424; FilterSelect:425; FilterSelect:426; FilterSelect:427; FilterSelect:428; FilterSelect:429; FilterSelect:430; AlertTriangle:449; KpiCard:459; KpiCard:460; KpiCard:461; KpiCard:462; KpiCard:463; KpiCard:464; CoverageStrip:467; SegmentTable:475; OutliersTable:476,service_type=Service type:26; lawn_care_track=Lawn-care track:27; sqft_band=Sqft band:28; zone=Zone:29; technician=Technician:30; month=Month:31; billing_cohort=Billing cohort:32,GET/default /admin/pricing-reality-check?${…}:146,,; ,,client/src/lib/adminFetch.js
client/src/pages/admin/PricingStrategyPage.jsx,PricingStrategyPage:88; MoneyModelTab:224; ValueEquationTab:511; OfferBuilderTab:821; UpsellEngineTab:1025; LTVAnalysisTab:1219,MoneyModelTab:186; ValueEquationTab:188; OfferBuilderTab:189; UpsellEngineTab:190; LTVAnalysisTab:191; Slider:646; Slider:654; Slider:675; Slider:683,money-model=Money Model:107; value-calc=Value Equation:108; offers=Offer Builder:109; upsells=Upsell Engine:110; ltv=LTV Analysis:111,GET/default ${…}${…}:25; GET/default /admin/pricing/dashboard:95; POST /admin/pricing/calculate-value:522; GET/default /admin/pricing/offers:826; GET/default /admin/pricing/upsell-rules:1032; GET/default /admin/pricing/upsell-opportunities:1033; POST /admin/pricing/trigger-upsell/${…}:1045; GET/default /admin/pricing/ltv-analysis:1225; POST /admin/pricing/recalculate-ltv:1234; GET/default /admin/pricing/ltv-analysis:1235,,localStorage.getItem waves_admin_token:27; ,,
client/src/pages/admin/ProjectsPage.jsx,ProjectPreviewBookingCta:697; ProjectPreviewRecommendationsBlock:765; ProjectPreviewPhotoTile:811; CustomerProjectReportPreview:876; ProjectsPage:1195; WdoReportsSection:1418; FilterSelect:1468; ProjectRow:1483; ProjectDetail:1535; ProjectHistoryPanel:3280; PhotoThumb:3362; ReadinessPanel:3567; Alert:3662; DeliveryPanel:3683; Label:3742,Dialog:80; DialogBody:81; DialogFooter:95; Button:96; Button:99; Calendar:758; ProjectPreviewBookingCta:788; ProjectPreviewBookingCta:805; ProjectPreviewRecommendationsBlock:1127; ProjectPreviewPhotoTile:1149; AdminCommandHeader:1293; FilterSelect:1304; FilterSelect:1315; Alert:1327; ProjectRow:1356; WdoReportsSection:1366; ProjectDetail:1377; CreateProjectModal:1388; ProjectRow:1455; Select:1472; Badge:1504; Badge:2439; Alert:2482; Alert:2483; DeliveryPanel:2485; CustomerProjectReportPreview:2517; ReadinessPanel:2589; Label:2593; Label:2609; WdoIntelligenceBar:2637; Label:2698; ProjectFindingFieldInput:2726; Label:2756; Label:2883; PhotoThumb:2921; ClipboardList:2963; ProjectHistoryPanel:3033; WdoSignaturePad:3041; Mail:3125; BookOpen:3143,,GET/default /admin/projects/${…}/photos/${…}/url:816; GET/default /admin/projects?${…}:1217; GET/default /admin/projects?${…}:1221; GET/default /admin/projects/types:1274; GET/default /admin/projects/${…}:1579; GET/default /admin/projects/${…}/activity:1580; GET/default /admin/dispatch/products/catalog:1683; PUT /admin/projects/${…}:1706; PUT /admin/projects/${…}:1724; POST /admin/projects/${…}/send:1802; POST /admin/projects/${…}/send:1833; GET/default /admin/projects/${…}/fdacs-pdf:1871; POST /admin/projects/${…}/send-with-invoice:1931; POST /admin/projects/${…}/send-with-invoice:1977; POST /admin/projects/${…}/send-prep-guide:2025; POST /admin/projects/${…}/send-portal-invite:2050; POST /admin/projects/${…}/ai-write:2085; PUT /admin/projects/${…}:2103; GET/default /admin/projects/${…}:2147; POST /admin/projects/${…}/close:2194; DELETE /admin/projects/${…}/photos/${…}:2245; POST /admin/projects/${…}/photos:2262; PUT /admin/projects/${…}/photos/${…}:3375; GET/default /admin/projects/${…}/photos/${…}/url:3395,,localStorage.getItem waves_admin_user:207; useSearchParams None:1196; ,,client/src/components/admin/AdminCommandHeader.jsx; client/src/components/ui/index.js; client/src/lib/adminFetch.js; client/src/components/tech/CreateProjectModal.jsx; client/src/components/tech/WdoIntelligenceBar.jsx; client/src/components/tech/WdoSignaturePad.jsx; client/src/hooks/useIsMobile.js; client/src/lib/wdoProfileToFindings.js; client/src/lib/wdoReportFields.js; client/src/components/tech/ProjectFindingFieldInput.jsx; client/src/pages/ProjectReportViewPage.jsx; shared/termite-treatment-methods.json
client/src/pages/admin/ProtocolReferenceTabV2.jsx,TierDotV2:122; TierDotsV2:146; ProductLineRow:178; CalendarLine:227; CurrentVisitCardV2:266; LabelLinks:451; ProtocolMixCard:480; ProductLabelsCard:828; ProtocolReferenceTabV2:901,TierDotV2:151; TierDotV2:152; TierDotV2:153; TierDotV2:154; TierDotV2:162; TierDotV2:163; Card:309; TierDotsV2:322; ProductLineRow:351; ProductLineRow:363; Badge:534; Badge:538; Badge:540; Badge:543; LabelLinks:573; Card:627; Badge:642; Badge:646; Card:786; ProductLabelsCard:823; Card:840; LabelLinks:886; Card:1079; Button:1083; Select:1107; Button:1165; Card:1180; Select:1189; Select:1205; Input:1224; Badge:1255; Card:1264; ProtocolTankSheet:1269; Button:1270; ProtocolMixCard:1273; CurrentVisitCardV2:1281; Card:1288; Button:1321; Card:1329; CalendarLine:1407; CalendarLine:1412; TierDotsV2:1442; Card:1462,,GET/default /api${…}:33; GET/default /admin/protocols/programs?${…}:947; GET/default /admin/protocols/programs:968; GET/default /admin/protocols/programs?${…}:980; GET/default /admin/equipment-systems/calibrations:1006; GET/default /admin/protocols/lawn-mix?${…}:1036,,localStorage.getItem waves_admin_token:32; ,,client/src/components/ui/index.js; client/src/components/ui/cn.js; client/src/pages/admin/ProtocolTankSheet.jsx; client/src/lib/product-label.js; client/src/pages/admin/SchedulePage.jsx
client/src/pages/admin/ProtocolTankSheet.jsx,ProtocolTankSheet:13,Card:95; Button:96,,,,; ,,client/src/lib/product-label.js; client/src/components/ui/index.js
client/src/pages/admin/RecruitingPage.jsx,RecommendationBadge:86; RecruitingPage:92,Badge:87; Badge:89; AdminCommandHeader:187; Button:191; Card:209; CardBody:209; Card:219; CardBody:220; RecommendationBadge:238; Button:252; Dialog:264; DialogHeader:267; DialogTitle:268; DialogBody:272; Phone:277; MessageSquare:280; Mail:286; Badge:290; RecommendationBadge:299; Textarea:323; DialogFooter:330; Button:333; Button:337,new=New:44; reviewed=Reviewed:45; interview=Interview:46; offer=Offer:47; hired=Hired:48; rejected=Rejected:49; withdrawn=Withdrawn:50,GET/default ${…}${…}:26; GET/default /admin/careers?status=${…}&offset=${…}:112; GET/default /admin/careers/${…}:135; PATCH /admin/careers/${…}/status:166,,localStorage.getItem waves_admin_token:28; useSearchParams None:93; ,,client/src/components/admin/AdminCommandHeader.jsx; client/src/components/ui/index.js
client/src/pages/admin/ReferralsPage.jsx,StatCard:39; StatusBadge:80; ReferralsPage:112,StatCard:332; StatCard:337; StatCard:343; StatCard:348; StatCard:353; StatCard:360; StatusBadge:426; StatusBadge:673; StatusBadge:897,dashboard=Dashboard:300; queue=Queue (${…}):301; promoters=Promoters:302; payouts=Payouts:303; enroll=Enroll:304,GET/default ${…}${…}:23; GET/default /admin/referrals/stats:144; GET/default /admin/referrals/promoters:145; GET/default /admin/referrals/queue:146; GET/default /admin/referrals/payouts:147; POST /admin/referrals/enroll:165; POST /admin/referrals/submit:191; PATCH /admin/referrals/${…}/status:221; POST /admin/referrals/payouts/${…}/approve:229,,localStorage.getItem waves_admin_token:25; ,,
client/src/pages/admin/ReferralsPageV2.jsx,Stat:65; Badge:106; MilestoneBadge:141; ReferralsPageV2:246,AdminCommandHeader:441; AdminCommandHeader:464; LeafIcon:515; Stat:543; Stat:548; Stat:554; Stat:559; Stat:564; Stat:569; Badge:642; MilestoneBadge:708; Badge:891; MilestoneBadge:1038; Badge:1114; Stat:1435; Stat:1441; Stat:1447; Stat:1453; Stat:1458; Stat:1487; Stat:1492; Stat:1496; Stat:1502; Stat:1507; MilestoneBadge:1555,dashboard=Dashboard:219; queue=Queue:220; promoters=Promoters:221; payouts=Payouts:222; analytics=Analytics:223; settings=Settings:224; overview=Overview:227; queue=Queue:233; promoters=Promoters:234; settings=Settings:240; referrer_reward_cents=Referrer Reward (cents):1155; referee_discount_cents=Referee Discount (cents):1160; bonus_silver_cents=Silver Bonus (cents):1170; bonus_gold_cents=Gold Bonus (cents):1175; bonus_platinum_cents=Platinum Bonus (cents):1180; milestone_3_bonus_cents=3 Referrals Bonus (cents):1190; milestone_5_bonus_cents=5 Referrals Bonus (cents):1195; milestone_10_bonus_cents=10 Referrals Bonus (cents):1200; max_referrals_per_month=Max Referrals / Month:1210; cooldown_days=Cooldown Days:1215; min_payout_cents=Min Payout (cents):1220; program_active=Program Active:1230; auto_credit_enabled=Auto Credit:1235; require_service_completion=Require 1st Service:1240; base_url=Base URL:1245; invite_sms_template=Invite SMS:1251; reward_sms_template=Reward SMS:1256; milestone_sms_template=Milestone SMS:1261,GET/default ${…}${…}:36,,localStorage.getItem waves_admin_token:38; ,,client/src/components/admin/AdminCommandHeader.jsx; client/src/lib/adminAuth.js; client/src/hooks/useIsMobile.js
client/src/pages/admin/RevenuePage.jsx,KpiCard:132; CustomTooltip:174; AdAttributionSection:200; RevenuePage:367,KpiCard:517; ResponsiveContainer:560; BarChart:562; CartesianGrid:567; XAxis:568; YAxis:574; Tooltip:580; CustomTooltip:581; Bar:584; AdAttributionSection:601,month=This Month:114; last_month=Last Month:115; quarter=This Quarter:116; ytd=YTD:117,GET/default ${…}${…}:95; GET/default /admin/ads/revenue-attribution?period=${…}:203; GET/default /admin/revenue/overview?period=${…}:374,,localStorage.getItem waves_admin_token:97; ,,
client/src/pages/admin/ReviewVelocityEngine.jsx,Tag:436; Btn:455; SectionLabel:497; ReviewVelocityEngine:512; Dashboard:968; VelocityChart:1377; Pipeline:1451; ActivityLogPage:1917; ActivityList:1938; CustomerDrawer:2006; DrawerSection:2488; BatchModal:2512,Btn:862; Dashboard:867; Pipeline:878; ActivityLogPage:896; CustomerDrawer:904; BatchModal:916; SectionLabel:1052; SectionLabel:1161; SectionLabel:1186; Tag:1287; VelocityChart:1362; ActivityList:1370; Btn:1570; Btn:1573; Tag:1632; Tag:1664; Tag:1679; Tag:1694; Tag:1698; Phone:1761; MessageSquare:1784; Btn:1931; ActivityList:1933; DrawerSection:2175; Tag:2221; DrawerSection:2256; Tag:2270; DrawerSection:2285; DrawerSection:2319; DrawerSection:2346; SectionLabel:2357; Btn:2431; Btn:2442; Btn:2473; Btn:2475; Btn:2642; Btn:2645,dashboard=Dashboard:722; pipeline=Pipeline:723; log=Activity Log:724; all=All:1466; hot=Hot Leads:1467; not_contacted=Not Contacted:1468; sms_sent=SMS Sent:1469; reminded=Reminded:1470; reviewed=Reviewed:1471; issue=Issues:1472; winback=Win-Back:1473,GET/default ${…}${…}:9; GET/default /admin/reviews/outreach-activity?limit=100:530; GET/default /admin/reviews/outreach-analytics?days=90:552; GET/default /admin/reviews/outreach-candidates:561; POST /admin/reviews/send-request:619; POST /admin/reviews/outreach/start-sequence:661; POST /admin/communications/call:1729; POST /admin/communications/call:2455,,localStorage.getItem waves_admin_token:11; ,,client/src/hooks/useIsMobile.js
client/src/pages/admin/ReviewsPage.jsx,Stars:92; StatCard:115; BreakdownBar:158; LocationCard:213; ReviewCard:356; Select:1019; PolicyInfoCard:1087; RepairCandidateCard:1122; ReviewIncentivesPanel:1215; ReviewsPage:2028,Star:102; Star:176; Stars:257; BreakdownBar:270; Stars:509; Icon:1101; UserCheck:1173; UserCheck:1204; Select:1431; RefreshCw:1458; Download:1477; PolicyInfoCard:1513; PolicyInfoCard:1519; PolicyInfoCard:1526; CheckCircle2:1549; StatCard:1562; StatCard:1568; StatCard:1574; StatCard:1580; StatCard:1586; RefreshCw:1639; Stars:1698; Search:1740; Search:1795; RepairCandidateCard:1813; RepairCandidateCard:1850; CheckCircle2:1962; AdminCommandHeader:2342; LeafIcon:2393; StatCard:2506; Stars:2514; StatCard:2518; StatCard:2526; StatCard:2531; LocationCard:2554; Select:2589; Select:2594; Select:2599; Star:2646; ReviewCard:2660; GBPManagementPanel:2709; ReviewVelocityEngine:2710; ReviewIncentivesPanel:2711,reviews=Reviews:28; gbp=GBP Management:29; outreach=Review Outreach:30; incentives=Incentives:31; reviews=Reviews:37; outreach=Outreach:38; gbp=GBP:44,GET/default ${…}${…}:51; POST /admin/reviews/${…}/ai-reply:417; GET/default /admin/reviews/incentives?days=${…}:1241; GET/default /admin/reviews/incentives/attribution-queue?days=${…}:1242; POST /admin/reviews/incentives/sync:1265; GET/default /admin/reviews/incentives/attribution-queue?days=${…}:1269; POST /admin/reviews/incentives/mark-paid:1287; GET/default ${…}/admin/reviews/incentives/export?days=${…}:1301; GET/default /admin/reviews/incentives/attribution-candidates?${…}:1353; POST /admin/reviews/incentives/attribute:1371; GET/default /admin/reviews?${…}:2108; GET/default /admin/reviews?${…}:2128; GET/default <computed>:2164; POST /admin/reviews/${…}/reply:2172; POST /admin/reviews/${…}/dismiss:2218,,localStorage.getItem waves_admin_token:53; localStorage.getItem waves_admin_token:1305; ,,client/src/components/admin/AdminCommandHeader.jsx; client/src/pages/admin/ReviewVelocityEngine.jsx; client/src/pages/admin/GBPManagement.jsx
client/src/pages/admin/SEODashboardPage.jsx,MetricCard:68; HBar:139; CompBar:202; Sparkline:265; StatusDot:307; DeltaArrow:344; PositionBadge:367; SectionTitle:408; Card:437; FilterPill:453; WavesSEODashboard:477,Card:680; MetricCard:818; MetricCard:824; MetricCard:830; MetricCard:836; MetricCard:842; Card:859; SectionTitle:861; HBar:863; Card:884; SectionTitle:886; CompBar:889; Card:912; SectionTitle:913; StatusDot:986; Card:1018; SectionTitle:1020; Card:1101; Card:1112; MetricCard:1135; MetricCard:1140; MetricCard:1146; MetricCard:1152; MetricCard:1158; Card:1166; FilterPill:1265; FilterPill:1283; Card:1293; SectionTitle:1295; PositionBadge:1364; DeltaArrow:1369; PositionBadge:1377; Sparkline:1403; Card:1435; SectionTitle:1437; Card:1479; SectionTitle:1481; Card:1527,ai=AI Visibility:779; organic=Organic Rankings:780,GET/default ${…}${…}:10; GET/default /admin/seo/ai-overview:495; GET/default /admin/seo/rankings?days=7:496; GET/default /admin/seo/backlinks:497; POST /admin/seo/sync:655; POST /admin/seo/rankings/track:660; POST /admin/seo/advisor/generate:665,,localStorage.getItem waves_admin_token:13; localStorage.getItem waves_admin_user:36; ,,
client/src/pages/admin/SEOPage.jsx,Card:126; KpiCard:141; DashboardTab:245; SyncHealthCard:456; AdvisorTab:613; SimpleTableTab:774; GeoStat:836; GeoLegend:845; GeoGridTab:864; RankingsTab:1258; AnnotationChip:1403; MonitorTable:1441; RankingsMonitorTab:1542; BacklinksTab:1693; LinkBuildingBoard:2543; RecipientReview:2758; DraftReviewLine:2772; LegalAttestationLine:2780; OutreachApprovals:2817; OutreachDraftModal:2951; BacklinkRegistryCard:3012; OwnerQueuePanel:3509; LinkPolicyPanel:3899; BacklinkAgentPanel:4112; ContentQATab:4907; RefreshAuditTab:5095; AIOverviewTab:5313; FunnelTab:5362; BySiteTab:5421; CitationsTab:5685; AnalyticsTab:5783; SiteAuditTab:6423; UrlIntelTab:7154; DuplicatesSubTab:7440; IntentSubTab:7490; ActionsTab:7565; IndexationTab:7815; SitemapIssuesSubTab:8168; SEOWorkspaceNav:8234; SEOPage:8276,Card:143; KpiCard:317; KpiCard:329; KpiCard:333; KpiCard:337; Card:343; Card:511; StatusDot:534; StatusDot:543; StatusDot:571; SyncHealthCard:648; Card:649; SyncHealthCard:692; Card:693; Card:734; Card:793; KpiCard:809; Card:817; Card:992; Card:1122; GeoStat:1171; GeoStat:1172; GeoStat:1173; GeoStat:1174; GeoStat:1175; Card:1179; Suspense:1186; GeoGridMap:1189; GeoLegend:1247; GeoLegend:1248; GeoLegend:1249; GeoLegend:1250; GeoLegend:1251; Card:1277; KpiCard:1307; KpiCard:1312; KpiCard:1313; KpiCard:1314; Card:1320; Card:1444; AnnotationChip:1493; Card:1570; Card:1579; KpiCard:1650; KpiCard:1655; KpiCard:1660; KpiCard:1665; MonitorTable:1671; MonitorTable:1672; MonitorTable:1673; Card:1675; Card:1756; KpiCard:1855; KpiCard:1856; KpiCard:1857; KpiCard:1858; KpiCard:1859; KpiCard:1868; KpiCard:1869; KpiCard:1870; KpiCard:1871; Card:1878; Card:1950; Card:1986; Card:2036; Card:2069; Card:2139; Card:2214; Card:2257; Card:2328; Card:2366; Card:2410; Card:2450; LinkBuildingBoard:2507; BacklinkAgentPanel:2508; OutreachApprovals:2647; Card:2668; OutreachDraftModal:2712; Card:2883; DraftReviewLine:2899; LegalAttestationLine:2900; RecipientReview:2901; OutreachDraftModal:2943; Card:3177; Fragment:3315; Card:3671; DraftReviewLine:3805; RecipientReview:3806; Card:4031; KpiCard:4264; KpiCard:4265; KpiCard:4266; KpiCard:4271; KpiCard:4276; Card:4349; Card:4465; BacklinkRegistryCard:4583; OwnerQueuePanel:4585; LinkPolicyPanel:4587; Card:4589; Card:4659; Card:4835; Card:4926; KpiCard:4948; KpiCard:4949; KpiCard:4954; KpiCard:4959; KpiCard:4971; Card:4976; Card:5029; Card:5168; KpiCard:5208; KpiCard:5209; KpiCard:5210; KpiCard:5211; KpiCard:5212; Card:5215; Card:5332; KpiCard:5346; KpiCard:5347; KpiCard:5348; KpiCard:5353; Card:5381; KpiCard:5396; KpiCard:5400; KpiCard:5405; KpiCard:5410; Card:5442; KpiCard:5497; KpiCard:5505; KpiCard:5510; KpiCard:5515; Card:5521; Card:5587; Card:5625; Card:5704; KpiCard:5728; KpiCard:5729; KpiCard:5734; KpiCard:5735; KpiCard:5736; Card:5738; Card:5928; KpiCard:5951; KpiCard:5956; KpiCard:5961; KpiCard:5966; Card:5972; Card:6043; UploadCloud:6094; UploadCloud:6115; KpiCard:6185; KpiCard:6215; Card:6225; Card:6320; Card:6462; Card:6549; Card:6588; Card:6651; Card:6727; Card:7087; KpiCard:7256; KpiCard:7257; KpiCard:7262; KpiCard:7267; Card:7270; Card:7290; Card:7326; Card:7339; DuplicatesSubTab:7430; IntentSubTab:7434; Card:7452; Card:7506; KpiCard:7635; KpiCard:7636; KpiCard:7637; KpiCard:7638; Card:7643; Card:7885; KpiCard:7890; KpiCard:7891; KpiCard:7892; KpiCard:7893; Card:7930; Card:7976; SitemapIssuesSubTab:8013; Card:8017; KpiCard:8186; KpiCard:8187; KpiCard:8188; KpiCard:8189; Card:8193; Card:8223; AdminCommandHeader:8324; SEOWorkspaceNav:8333; Suspense:8339; SEODashboardPage:8346; AdvisorTab:8349; RankingsTab:8350; RankingsMonitorTab:8351; BacklinksTab:8352; ContentQATab:8353; RefreshAuditTab:8354; AIOverviewTab:8355; FunnelTab:8356; GeoGridTab:8357; AnalyticsTab:8358; BySiteTab:8359; UrlIntelTab:8360; ActionsTab:8361; IndexationTab:8362; SiteAuditTab:8363,command=Command:176; dashboard=Dashboard:181; advisor=SEO Advisor:182; strategy=Strategy:185; actions=Actions:190; content-qa=Content QA:191; refresh-audit=Refresh Audit:192; performance=Rankings:195; rankings=Rankings:200; rankings-monitor=Monitor:201; funnel=Funnel:202; geo-grid=Geo-Grid:203; authority=Authority:206; backlinks=Backlinks & Citations:211; ai-overview=AI Overview:212; technical=Technical:215; url-intel=URL Intel:220; indexation=Indexation:221; site-audit=Site Health:222; measurement=Measurement:225; analytics=Analytics:230; by-site=By Site:231; overview=Overview:1800; citations=Citations:1801; gaps=Competitor Gaps:1802; llm=LLM Mentions:1803; prospects=Link Building:1804; agent=Agent:1805; all=All:2517; approvals=Needs approval:2518; outreach=Needs outreach:2519; placed=In progress:2520; notindexed=Live · not indexed:2521; indexed=Indexed:2522; lost=Lost:2523; parked=Parked:2524; healthy=Healthy:6569; warning=Warning:6575; critical=Critical:6581; overview=Overview:7192; diagnosis=By Diagnosis:7193; priority=Priority Queue:7194; duplicates=Duplicates:7195; intent=Intent Routing:7196; queue=Queue:7599; drafts=AI Drafts:7600; progress=In Progress:7601; experiments=Experiments:7602; gap=Indexation Gap:7858; conflicts=Canonical Conflicts:7859; crawled=Not Indexed:7860; sitemap=Sitemap Issues:7861; inspector=URL Inspector:7862,GET/default ${…}${…}:47; POST <computed>:78; GET/default /admin/seo/dashboard?period=${…}${…}:252; GET/default /admin/seo/sync-health:460; GET/default /admin/seo/advisor:619; GET/default <computed>:778; GET/default /admin/seo/geo-grid:879; GET/default /admin/seo/geo-grid/heatmap?office=${…}&keyword=${…}:892; POST /admin/seo/geo-grid/run:911; GET/default /admin/seo/geo-grid:922; GET/default ${…}/admin/seo/geo-grid/export?office=${…}&keyword=${…}:939; POST /admin/seo/geo-grid/keywords:973; GET/default /admin/seo/rankings?days=7:1262; GET/default /admin/seo/rankings-monitor?period=${…}:1551; GET/default /admin/seo/backlinks:1703; GET/default /admin/seo/llm-mentions:1715; GET/default /admin/seo/llm-mentions:1726; GET/default /admin/seo/backlinks:1727; GET/default /admin/seo/backlinks:1741; GET/default /admin/backlink-agent/prospects/stats:2553; GET/default /admin/backlink-agent/prospects?status=${…}:2559; GET/default /admin/backlink-agent/prospects${…}:2568; POST ${…}${…}:2797; GET/default /admin/backlink-agent/prospects/outreach/pending:2825; GET/default /admin/backlink-agent/registry?${…}:3041; GET/default /admin/backlink-agent/registry/${…}:3062; PATCH /admin/backlink-agent/registry/${…}:3093; GET/default /admin/backlink-agent/owner-queue:3523; POST /admin/backlink-agent/owner-queue/rows/${…}/approve:3569; POST /admin/backlink-agent/prospects/${…}/outreach/reconcile:3586; POST /admin/backlink-agent/owner-queue/rows/${…}/send:3606; POST /admin/backlink-agent/owner-queue/domains/${…}/${…}:3627; POST /admin/backlink-agent/prospects/${…}/reconcile-backlink:3662; GET/default /admin/backlink-agent/policy:3911; PATCH /admin/backlink-agent/policy:3939; GET/default /admin/backlink-agent/stats:4133; GET/default /admin/backlink-agent/queue?limit=50:4134; GET/default /admin/backlink-agent/profiles:4137; GET/default /admin/backlink-agent/targets:4140; DELETE /admin/backlink-agent/targets/${…}:4220; GET/default /admin/seo/qa:4911; GET/default /admin/seo/refresh-audit?limit=200:5107; POST /admin/seo/qa/batch:5121; POST /admin/seo/refresh-audit/enqueue:5133; GET/default /admin/seo/ai-overview:5317; GET/default /admin/seo/funnel?days=30:5366; GET/default /admin/seo/site-rollup?days=${…}:5427; GET/default /admin/seo/citations:5689; GET/default /admin/analytics/overview?period=${…}:5797; GET/default /admin/analytics/sources?period=${…}:5798; GET/default /admin/analytics/landing-pages?period=${…}:5799; GET/default /admin/analytics/local-performance?period=${…}:5800; GET/default /admin/analytics/data-manager/readiness?period=${…}:5801; GET/default /admin/seo/audit:6432; GET/default /admin/seo/audit:6445; GET/default /admin/seo/url-intelligence/dashboard?domain=${…}:7164; GET/default /admin/seo/url-intelligence/scan?${…}:7174; GET/default /admin/seo/url-intelligence/dashboard?domain=${…}:7183; GET/default /admin/seo/url-intelligence/duplicate-clusters?domain=${…}:7444; GET/default /admin/seo/url-intelligence/intent-routes?domain=${…}${…}&limit=50:7496; GET/default /admin/seo/actions/summary?domain=${…}:7575; GET/default /admin/seo/actions?domain=${…}&type=rewrite_title_meta&limit=50:7577; GET/default /admin/seo/actions?domain=${…}&execution_status=in_progress&limit=50:7579; GET/default /admin/seo/actions?domain=${…}&execution_status=done&limit=25:7580; GET/default /admin/seo/url-intelligence/experiments?limit=50:7582; GET/default /admin/seo/actions?domain=${…}&approval_status=pending&limit=50:7583; GET/default /admin/seo/url-intelligence/indexation-gap?domain=${…}:7828; GET/default /admin/seo/url-intelligence/canonical-conflicts?domain=${…}:7834; GET/default /admin/seo/url-intelligence/scan?diagnosis=indexation_problem&domain=${…}&limit=50:7840; GET/default /admin/seo/url-intelligence/inspect?url=${…}:7851; GET/default /admin/seo/url-intelligence/sitemap-issues?domain=${…}:8172,,localStorage.getItem waves_admin_token:50; localStorage.getItem waves_admin_user:83; localStorage.getItem waves_admin_token:941; localStorage.getItem waves_admin_token:2800; setInterval None:920,,client/src/hooks/useIsMobile.js; client/src/lib/timezone.js; client/src/components/admin/AdminCommandHeader.jsx; client/src/pages/admin/SEODashboardPage.jsx; client/src/components/admin/GeoGridMap.jsx
client/src/pages/admin/SchedulePage.jsx,EditServiceModal:1279; JobCardChip:4701; JobCardCollapsible:4724; JobCardStrip:4760; JobCardSprayCheck:4818; JobCardOrderButton:4874; JobCardProduct:4928; JobCardTank:4974; JobCardTab:5122; ProtocolPanel:5172; RescheduleModal:6845; CPField:7556; CPChip:7566; TypedFindingsSection:7921; LawnPreviousVisitCard:8272; LawnAssessmentCompletionBlock:8309; TreeShrubCloseoutBlock:9081; ZoneMarkingStep:9389; StationMarkingStep:9676; RecapCapture:10116; PestRecapCard:10221; CompletionPanel:10330; ProtocolMixSummary:20556; ProductTargetsPicker:20636; TechTipPicker:20846,EstimateProvenanceCard:3554; SeriesMoveNotice:3873; SlotConflictNotice:3880; BestTimeHint:3884; JobCardCollapsible:4822; JobCardChip:4826; JobCardChip:4846; JobCardChip:4935; JobCardChip:4936; JobCardCollapsible:4941; JobCardOrderButton:4968; JobCardCollapsible:5034; JobCardChip:5038; JobCardChip:5094; JobCardOrderButton:5114; JobCardStrip:5132; JobCardSprayCheck:5148; JobCardTank:5149; JobCardProduct:5164; IntelligenceBarShell:5508; JobCardTab:5580; SeriesMoveNotice:7238; SlotConflictNotice:7452; BestTimeHint:7458; ProjectFindingFieldInput:8014; ProjectFindingFieldInput:8076; ProjectFindingFieldInput:8116; PestRecapCard:15755; RecapCapture:15898; PestRecapCard:15899; Field:16083; LawnAssessmentCompletionBlock:16084; Field:16097; TreeShrubCloseoutBlock:16098; LawnPreviousVisitCard:16120; Field:16122; ProtocolMixSummary:16123; Field:16170; Field:16184; MicOff:16247; Mic:16247; Field:16311; ProjectFindingFieldInput:16312; LawnFindingPicker:16323; Field:16327; Field:16393; TechTipPicker:16394; Field:16427; Field:16440; Field:16456; Field:16470; Field:16595; TechTreatmentZoneModal:16606; Field:16629; StationMarkingStep:16795; TypedFindingsSection:16839; TypedFindingsSection:16861; Field:16886; Chip:16894; Chip:17112; ProductTargetsPicker:17224; Field:17258; ProjectFindingFieldInput:17263; Field:17283; ProjectFindingFieldInput:17286; Field:17326; Field:17380; LawnAssessmentCompletionBlock:18368; TreeShrubCloseoutBlock:18383; TechTreatmentZoneModal:18438; LawnPreviousVisitCard:18453; ProtocolMixSummary:18458; MicOff:18636; Mic:18636; ProjectFindingFieldInput:18704; LawnFindingPicker:18715; TechTipPicker:18781; StationMarkingStep:19154; TypedFindingsSection:19199; TypedFindingsSection:19221; ProductTargetsPicker:19563; ProjectFindingFieldInput:19598; ProjectFindingFieldInput:19622,job_card= Job card:5393; lawn_protocol= Lawn Protocol:5396; service_protocol= Protocol:5405; overview= Overview:5414; seasonal= Pest Pressure:5415; photos= ID Guide:5416; scripts= Scripts:5417; equipment= Equipment:5418; next_steps=Next steps:8117; turf_density=Density:8191; weed_suppression=Weed control:8192; color_health=Color:8193; stress_damage=Condition:8194; areas_treated=Areas treated:17264; customer_interaction=Customer interaction:17287; exterior=Exterior (dry-down):17650; interior=Interior re-entry:17657; areas_treated=Areas treated:19599; customer_interaction=Customer interaction:19623; exterior=Exterior (dry-down):19877; interior=Interior re-entry:19884,GET/default ${…}${…}:426; POST ${…}/admin/schedule/generate-report:454; GET/default /admin/schedule/${…}/estimate-source:1541; GET/default /admin/dispatch/${…}/reentry:1552; GET/default /admin/schedule/${…}/series-summary:1595; GET/default /admin/customers/${…}/properties?context=appointment_address:1662; GET/default /admin/schedule/services-dropdown:1689; GET/default /admin/payers:1700; GET/default /admin/discounts:1708; GET/default /admin/customers/${…}${…}:1735; GET/default /admin/schedule/${…}/card-request:1759; POST /admin/schedule/${…}/card-request:1780; GET/default /admin/schedule/${…}/card-request:1786; POST /admin/payers:1846; PUT /admin/schedule/${…}/update-details:2183; PATCH /admin/dispatch/${…}/time-on-site:2346; PATCH /admin/dispatch/${…}/time-on-site:2377; PATCH /admin/dispatch/${…}/reentry:2423; PUT /admin/dispatch/${…}/status:2484; POST /admin/inventory/waveguard-forecast/${…}/restock-request:4881; GET/default /admin/protocols/job-card/products?q=${…}:4991; GET/default /admin/protocols/job-card/mix?serviceId=${…}&productId=${…}&gallons=${…}:5012; GET/default /admin/protocols/job-card/${…}:5248; GET/default /admin/customers/${…}/turf-profile:5298; GET/default /admin/protocols/photos/relevant?serviceType=${…}&month=${…}:5323; GET/default /admin/protocols/seasonal-index?month=${…}&service_line=${…}:5339; GET/default /admin/protocols/scripts?service_line=${…}:5342; GET/default /admin/protocols/equipment?service_line=${…}:5343; GET/default /admin/protocols/programs?track=${…}:5345; GET/default /admin/protocols/lawn-mix?track=${…}&month=${…}&lawnSqft=${…}:5348; GET/default /admin/protocols/match?serviceType=${…}:5353; GET/default /admin/dispatch/${…}/reschedule-options:6861; POST /admin/dispatch/${…}/reschedule:6955; GET/default /admin/lawn-assessment/history/${…}:8280; GET/default /admin/lawn-assessment/service/${…}:8349; POST /admin/lawn-assessment/assess:8423; POST /admin/lawn-assessment/confirm:8466; GET/default /admin/dispatch/${…}/recap-media:10124; POST /admin/dispatch/${…}/recap-media/presign:10144; PUT <computed>:10147; POST /admin/dispatch/${…}/recap-media/${…}/confirm:10149; DELETE /admin/dispatch/${…}/recap-media/${…}:10161; GET/default /admin/dispatch/${…}/recap-video:10227; GET/default /admin/dispatch/${…}/recap-video:10233; GET/default ${…}/admin/dispatch/${…}/recap-video/file:10247; POST /admin/dispatch/${…}/recap-video/${…}:10261; GET/default /admin/customers/${…}:10383; GET/default /admin/payers/${…}:10422; GET/default /admin/customers/${…}/turf-profile:10446; GET/default /admin/dispatch/${…}/property-map:10752; GET/default ${…}/tech/services/${…}/treatment-zone:10838; GET/default /admin/dispatch/${…}/tech-rating-allowed:11173; GET/default /admin/dispatch/${…}/reentry-defaults?applicationsRecorded=${…}:11507; POST /admin/dispatch/${…}/tree-shrub/assess-preview:11591; GET/default /admin/schedule/next-visit?customerId=${…}:12149; GET/default /admin/dispatch/${…}/tech-tips:12181; GET/default /admin/protocols/completion-actions?${…}:12232; GET/default /admin/treatment-plans/${…}:12276; POST /admin/dispatch/recap-preview:13068; POST /admin/dispatch/recap-preview:13161; GET/default /admin/dispatch/${…}/completion-status?idempotencyKey=${…}:14079; POST /admin/dispatch/${…}/photo-analysis/draft:15443,,localStorage.getItem waves_admin_token:428; localStorage.getItem waves_admin_token:457; localStorage.getItem None:863; localStorage.setItem None:893; localStorage.removeItem None:902; localStorage.getItem waves_admin_user:1677; localStorage.getItem waves_admin_token:10246; localStorage.getItem waves_admin_user:10535; localStorage.getItem waves_admin_token:10840; localStorage.getItem waves_admin_user:11407; localStorage.setItem None:12357; localStorage.getItem None:12367; localStorage.removeItem None:12376; localStorage.removeItem None:12442; localStorage.setItem None:12565; localStorage.removeItem None:13036; localStorage.removeItem None:13976; localStorage.removeItem None:14007; localStorage.removeItem None:14045; setInterval None:10237; setInterval None:12112,lawn-completion-improvements:10353; turf-height-capture:10597; pest-recap-v1:10605; station-map-v1:10657,client/src/hooks/useIsMobile.js; client/src/lib/timezone.js; client/src/lib/product-rate-prefill.js; client/src/lib/pest-default-mix.js; client/src/lib/service-completion-presets.js; client/src/lib/lawn-completion.js; client/src/components/tech/LawnFindingPicker.jsx; client/src/lib/cardHoldCancel.js; client/src/components/schedule/CancelFeeNotice.jsx; client/src/lib/completion-resume-store.js; shared/termite-treatment-methods.json; shared/treatment-area-scopes.json; shared/legacy-completion-areas.json; client/src/hooks/useFeatureFlag.js; client/src/hooks/useSpeechDictation.js; client/src/components/tech/ProjectFindingFieldInput.jsx; client/src/components/tech/TechTreatmentZoneModal.jsx; client/src/components/schedule/EstimateProvenanceCard.jsx; client/src/components/schedule/SlotConflictNotice.jsx; client/src/components/schedule/useSlotConflicts.js; client/src/components/schedule/customerAppointments.js; client/src/components/schedule/BestTimeHint.jsx; client/src/components/admin/IntelligenceBarShell.jsx; client/src/components/schedule/useBestTimes.js; client/src/components/schedule/SeriesMoveNotice.jsx; client/src/components/schedule/seriesMove.js; client/src/components/schedule/cardLinkStatus.js
client/src/pages/admin/ServiceLibraryPage.jsx,Field:221; ServiceForm:247; RailItem:706; RailSection:760; ServiceListRow:782; DetailPane:902; CompactCategoryChips:1438; ServiceLibraryPage:1493,Field:405; Field:408; Field:414; Field:417; Field:420; Field:423; Field:426; Field:433; Field:445; Field:448; Field:455; Field:458; Field:461; Field:480; Field:487; Field:490; Field:493; Field:496; Field:503; Field:506; Field:512; Field:539; Field:546; Field:553; Field:560; Field:586; Field:615; Field:634; Field:648; Field:658; ServiceForm:961; ServiceForm:1388; MobileServiceLibrary:1574; AdminCommandHeader:1694; CompactCategoryChips:1765; DetailPane:1785; ServiceListRow:1817; DetailPane:1833; RailSection:1872; RailItem:1874; RailSection:1884; RailItem:1887; RailSection:1900; RailItem:1902; RailItem:1911; RailItem:1920; RailItem:1933; RailItem:1944; ServiceListRow:2004; DetailPane:2027; Suspense:2040; LawnProtocolCommandCenterPage:2047; DiscountsSection:2051,all=All:1440; view:waveguard=WaveGuard:1446; view:inactive=Inactive:1448; view:archived=Archived:1451; catalog=Service Catalog:1686; protocols=Treatment Plans:1687; discounts=Discounts:1688,GET/default ${…}${…}:38,,localStorage.getItem waves_admin_token:40; useSearchParams None:1506; window.addEventListener resize:1528,,client/src/hooks/useRenderedTabBeacon.js; client/src/components/admin/AdminCommandHeader.jsx; client/src/pages/admin/DiscountsTabs.jsx; client/src/hooks/useIsMobile.js; client/src/components/admin/MobileServiceLibrary.jsx; client/src/constants/serviceCategories.js; client/src/pages/admin/LawnProtocolCommandCenterPage.jsx
client/src/pages/admin/SettingsPage.jsx,Card:72; Toggle:88; SettingsPage:181; VisitTimelineSettingsCard:907; OperatingCostsSettingsTab:1030; KpiTargetsSettingsTab:1180; LinkLibraryTab:1420; BlackoutDaysTab:1729; ServiceCoverageSettingsTab:1946; ServiceCoverageAdminPreview:2177; GbpConnectSection:2268; LinkedInConnectSection:2391; IntegrationsTab:2516; TeamList:2539,Navigate:290; AdminCommandHeader:324; Card:367; Card:425; Link:467; KeyRound:485; Card:489; Card:541; Link:542; Activity:561; ChevronRight:570; LinkLibraryTab:577; IntegrationsTab:578; Card:581; Card:653; TeamList:665; ServiceCoverageSettingsTab:668; BlackoutDaysTab:669; KpiTargetsSettingsTab:671; OperatingCostsSettingsTab:674; Card:680; Card:743; PortalUsageTab:845; Card:953; Card:957; RotateCcw:967; Save:970; Toggle:976; Toggle:977; Toggle:978; Toggle:979; Toggle:986; Toggle:987; Toggle:988; Toggle:999; Toggle:1000; Card:1089; Card:1105; Save:1126; Card:1137; Card:1279; Card:1300; Save:1316; Card:1327; Card:1539; Card:1609; Card:1667; Card:1819; Card:2001; VisitTimelineSettingsCard:2006; Card:2008; RotateCcw:2018; Save:2021; Card:2030; Toggle:2032; Toggle:2033; Toggle:2034; Toggle:2035; Toggle:2036; Toggle:2037; Toggle:2038; Card:2041; Card:2095; Toggle:2116; Toggle:2117; Card:2120; ServiceCoverageAdminPreview:2137; Card:2194; Card:2305; Card:2430; Card:2519; GbpConnectSection:2532; LinkedInConnectSection:2533; IntegrationHealthSection:2534,general=General:158; integrations=Integrations:159; service-reports=Service Reports:160; scheduling=Scheduling:161; financials=Financials:162; advanced=Advanced:163; default=Default:851; pest=Pest:852; lawn=Lawn:853; termite=Termite:854; tree_shrub=Tree & Shrub:855; mosquito=Mosquito:856; rodent=Rodent:857; commercial=Commercial:858; ovhOfficePayroll=Office payroll:1022; ovhRent=Rent / storage:1023; ovhInsurance=Business insurance:1024; ovhSoftware=Software & subscriptions:1025; ovhVehicleFixed=Vehicles (fixed):1026; ovhOtherGa=Other G&A:1027,GET/default ${…}${…}:50; GET/default ${…}/health:261; GET/default /admin/auth/me:262; GET/default /admin/settings/visit-timeline:913; PUT /admin/settings/visit-timeline:925; POST /admin/settings/visit-timeline/reset:942; GET/default /admin/revenue/settings:1037; PUT /admin/revenue/settings:1070; GET/default /admin/kpi-targets:1189; PUT /admin/kpi-targets:1242; GET/default /admin/kpi-targets:1251; GET/default /admin/communications/link-library:1432; POST /admin/communications/link-library/sync:1456; POST /admin/communications/link-library:1476; DELETE /admin/communications/link-library/${…}:1493; GET/default /admin/schedule/blackout-dates:1740; PUT /admin/schedule/blackout-dates/weekly:1762; POST /admin/schedule/blackout-dates:1781; DELETE /admin/schedule/blackout-dates/${…}:1801; GET/default /admin/settings/service-coverage:1954; PUT /admin/settings/service-coverage:1973; POST /admin/settings/service-coverage/reset:1990; GET/default /admin/gbp/locations:2279; GET/default /admin/settings/google/auth-url?location=${…}:2289; GET/default /admin/settings/linkedin/status:2402; GET/default /admin/settings/linkedin/auth-url:2412; GET/default /admin/auth/me:2542,,localStorage.getItem waves_admin_token:53; useSearchParams None:183; ,,client/src/hooks/useIsMobile.js; client/src/components/admin/AdminCommandHeader.jsx; client/src/components/admin/IntegrationHealthSection.jsx; client/src/components/admin/PortalUsageTab.jsx; client/src/lib/adminUsage.js; client/src/pages/admin/dashboard/kpi-targets.js
client/src/pages/admin/SocialMediaPage.jsx,MetaHealthStrip:173; SocialMediaPage:223; FieldLabel:671; ChannelToggles:688; AutonomousStudioPanel:725; AutonomousRunAuditTab:854; CampaignBuilderTab:1263; ReviewGraphicsTab:1485; CompetitorSwipeTab:1677; ComposeTab:1924; RSSTab:2167; HistoryTab:2318; CalendarTab:2453; AnalyticsTab:2468; TemplatesTab:2747,AdminCommandHeader:266; LeafIcon:317; MetaHealthStrip:540; CampaignBuilderTab:606; AutonomousRunAuditTab:609; ReviewGraphicsTab:611; CompetitorSwipeTab:612; ComposeTab:614; RSSTab:616; CalendarTab:617; AnalyticsTab:618; TemplatesTab:619; HistoryTab:621; AutonomousStudioPanel:1324; FieldLabel:1338; FieldLabel:1348; FieldLabel:1354; FieldLabel:1362; FieldLabel:1368; FieldLabel:1375; ChannelToggles:1376; FieldLabel:1838; FieldLabel:1845; FieldLabel:1855; FieldLabel:1860; FieldLabel:1865; FieldLabel:1869; FieldLabel:1881; FieldLabel:1893; FieldLabel:1902; Suspense:2455; ContentCalendar:2462,campaigns=Campaign Builder:114; audit=Run Audit:115; reviews=Review Graphics:116; competitors=Competitor Swipe:117; compose=Compose & Publish:118; rss=RSS Feed:119; calendar=Calendar:120; analytics=Analytics:121; templates=Templates:122; history=Post History:123; studio=Studio:130; posts=Posts:136; automation=Automation:142; reviews=Review Graphics:148; competitors=Competitors:149; analytics=Analytics:155,GET/default ${…}${…}:55; GET/default /admin/social-media/status:238; GET/default /admin/social-media/stats:239; GET/default /admin/social-media/history?limit=20:240; GET/default /admin/social-media/health:243; GET/default /admin/social-media/alerts:244; DELETE /admin/social-media/alerts:348; POST /admin/social-media/pause:417; GET/default /admin/social-media/health?force=1:544; GET/default /admin/social-media/autonomous/status:730; POST /admin/social-media/autonomous/run:742; GET/default /admin/social-media/autonomous/runs?limit=30:864; POST /admin/social-media/autonomous/run:877; POST /admin/social-media/autonomous/runs/${…}/approve:896; POST /admin/social-media/autonomous/runs/${…}/reject:915; POST /admin/social-media/campaign-builder/preview:1287; POST /admin/social-media/campaign-builder/save:1304; GET/default /admin/social-media/review-graphics?limit=30:1494; POST /admin/social-media/review-graphics:1507; POST /admin/social-media/review-graphics/${…}/approve:1527; GET/default /admin/social-media/competitor-swipe:1700; POST /admin/social-media/competitor-swipe/posts:1715; POST /admin/social-media/preview:1941; POST /admin/social-media/publish:1957; GET/default /admin/social-media/rss:2173; POST /admin/social-media/check-rss:2184; GET/default /admin/social-media/rss:2190; GET/default /admin/social-media/analytics:2473,,localStorage.getItem waves_admin_token:57; window.addEventListener resize:167,,client/src/components/admin/AdminCommandHeader.jsx; client/src/lib/timezone.js; client/src/pages/admin/ContentCalendar.jsx
client/src/pages/admin/SourcePerformanceCard.jsx,SourcePerformanceCard:41,Card:70,,GET/default /admin/estimates/source-performance?days=${…}:30,,; ,,client/src/components/ui/index.js; client/src/utils/admin-fetch.js
client/src/pages/admin/TaxPage.jsx,Badge:66; StatCard:87; TaxRatesTab:239; ServiceTaxabilityTab:375; EquipmentTab:489; ExpensesTab:937; FilingCalendarTab:1344; AdvisorTab:1587; ExemptionsTab:2171; MileageTab:2264; RevenueTab:2808; PnlTab:3026; ExportsTab:3475; AccountsReceivableTab:3744; BankImportTab:4057; TaxPage:4787,Badge:467; Badge:471; StatCard:624; StatCard:625; StatCard:630; Badge:864; Badge:867; StatCard:1105; StatCard:1106; StatCard:1111; Badge:1306; Badge:1470; Badge:1555; Badge:1749; Badge:1752; Badge:2010; Badge:2120; Badge:2231; Badge:2234; StatCard:2420; StatCard:2425; StatCard:2431; StatCard:2436; Badge:2765; Badge:2788; StatCard:2879; StatCard:2884; StatCard:2889; StatCard:2897; PnlRow:3265; PnlRow:3266; PnlRow:3271; PnlRow:3276; PnlRow:3277; PnlRow:3283; PnlRow:3284; PnlRow:3285; PnlRow:3290; PnlRow:3292; PnlRow:3315; PnlRow:3317; PnlRow:3319; PnlRow:3325; PnlRow:3326; PnlRow:3331; PnlRow:3340; StatCard:3852; StatCard:3858; StatCard:3859; StatCard:3860; StatCard:3861; Badge:3994; StatCard:4241; StatCard:4242; StatCard:4247; StatCard:4251; StatCard:4252; Badge:4479; AdminCommandHeader:4823; LeafIcon:4873; StatCard:4893; StatCard:4899; StatCard:4905; StatCard:4911; Badge:5017; TaxRatesTab:5230; ServiceTaxabilityTab:5231; ExemptionsTab:5232; EquipmentTab:5233; ExpensesTab:5234; BankImportTab:5235; MileageTab:5236; RevenueTab:5237; FilingCalendarTab:5238; AdvisorTab:5239; PnlTab:5240; ExportsTab:5241; AccountsReceivableTab:5242,overview=Overview:186; rates=Tax Rates:187; services=Taxability:188; exemptions=Exemptions:189; equipment=Equipment:190; expenses=Expenses:191; bankimport=Bank Import:192; mileage=Mileage:193; revenue=Revenue:194; pnl=P&L:195; filings=Filing Calendar:196; advisor=AI Advisor:197; exports=Exports:198; ar=A/R:199; overview=Overview:206; setup=Tax Setup:207; expenses=Expenses:213; revenue=Revenue:214; assets=Assets:215; reports=Reports:221; compliance=Exports & A/R:227; mtd=This Month:3105; last_month=Last Month:3106; quarterly=This Quarter:3107; ytd=YTD:3108; last_year=Last Year:3109; custom=Custom:3110,GET/default ${…}${…}:44; GET/default /admin/tax/rates:242; GET/default /admin/tax/service-taxability:379; PUT /admin/tax/service-taxability/${…}:400; GET/default /admin/tax/equipment:506; PUT /admin/tax/equipment/${…}:533; POST /admin/tax/equipment:546; GET/default /admin/tax/equipment:567; POST /admin/tax/expenses/auto-categorize:973; GET/default /admin/tax/expenses?year=${…}:993; GET/default /admin/tax/expense-categories:994; POST /admin/tax/expenses:1009; GET/default /admin/tax/filings:1348; PUT /admin/tax/filings/${…}:1381; GET/default /admin/tax/advisor/reports:1596; GET/default /admin/tax/advisor/alerts?status=${…}:1605; POST /admin/tax/advisor/run:1616; GET/default /admin/tax/advisor/reports:1617; GET/default /admin/tax/advisor/alerts?status=new:1620; PUT /admin/tax/advisor/alerts/${…}:1631; GET/default /admin/tax/advisor/alerts?status=${…}:1635; GET/default /admin/tax/exemptions:2174; GET/default <computed>:2291; GET/default /admin/tax/mileage/stats:2295; POST /admin/tax/mileage/bulk-classify:2328; POST /admin/tax/mileage/sync-bouncie:2351; POST /admin/tax/mileage:2367; GET/default /admin/tax/revenue/reconcile?month=${…}:2827; GET/default /admin/tax/revenue/quarterly-estimate?quarter=${…}&year=${…}:2830; GET/default <computed>:3040; PUT /admin/revenue/settings:3071; GET/default <computed>:3087; GET/default <computed>:3492; GET/default /admin/tax/accounts-receivable:3751; POST /admin/sms/send:3776; GET/default /admin/tax/bank-import/transactions?limit=200&offset=${…}${…}:4098; GET/default /admin/tax/bank-import/status:4118; GET/default /admin/tax/bank-import/coverage?year=${…}:4122; GET/default /admin/tax/expense-categories:4128; POST <computed>:4136; GET/default /admin/tax/bank-import/${…}/expense-candidates?offset=${…}:4506; GET/default /admin/tax/bank-import/${…}/refund-candidates?offset=${…}:4559; GET/default /admin/tax/bank-import/${…}/payout-candidates:4565; GET/default /admin/tax/bank-import/status:4804; GET/default /admin/tax/dashboard:4807; GET/default /admin/tax/pnl?period=mtd:4810; GET/default /admin/tax/accounts-receivable:4813,,localStorage.getItem waves_admin_token:46; localStorage.getItem waves_admin_token:3089; localStorage.getItem waves_admin_token:3494; ,,client/src/lib/timezone.js; client/src/components/admin/AdminCommandHeader.jsx
client/src/pages/admin/TimeTrackingPage.jsx,TimeTrackingPage:173; DashboardTab:289; MiniStat:560; StatCard:579; UtilRing:599; WeekBarChart:631; TimesheetTab:742; EntriesTab:1120; EditEntryModal:1530; AnalyticsTab:1775; UtilizationLineChart:2173; OvertimeTable:2271; TeamTab:2375; CapabilitiesModal:3349; EarningsModal:3679; EarningsBlock:3841; DocumentsTab:3952; ApprovalsTab:4788; Stat:5342,AdminCommandHeader:187; LeafIcon:238; DashboardTab:245; TimesheetTab:247; ApprovalsTab:252; EntriesTab:253; AnalyticsTab:254; TeamTab:255; DocumentsTab:256; MiniStat:471; MiniStat:472; MiniStat:473; UtilRing:478; StatCard:507; StatCard:512; StatCard:517; StatCard:518; StatCard:519; WeekBarChart:551; EditEntryModal:1520; UtilizationLineChart:2148; OvertimeTable:2166; EarningsModal:3298; CapabilitiesModal:3305; EarningsBlock:3813; EarningsBlock:3815; Stat:3883; Stat:3884; Stat:3885; Stat:5132; Stat:5133; Stat:5138; Stat:5139; Stat:5140; Stat:5141,dashboard=Dashboard:141; timesheet=Timesheet:142; approvals=Approvals:143; entries=Entries:144; analytics=Analytics:145; team=Team:146; documents=Documents:147; dashboard=Dashboard:154; time=Time:155; team=Team:161; analytics=Analytics:167,GET/default ${…}${…}:52; GET/default /admin/timetracking:295; GET/default /admin/timetracking/daily?startDate=${…}&endDate=${…}:756; GET/default /admin/timetracking:759; GET/default /admin/timetracking/entries?technicianId=${…}&startDate=${…}&endDate=${…}:781; GET/default ${…}/admin/timesheets/export?weekStart=${…}:794; GET/default /admin/timetracking/entries?${…}:1148; GET/default /admin/timetracking:1164; DELETE /admin/timetracking/entries/${…}:1173; PUT /admin/timetracking/entries/${…}:1189; GET/default /admin/timetracking/analytics?startDate=${…}&endDate=${…}:1787; GET/default /admin/timetracking/analytics/comparison?startDate=${…}&endDate=${…}:1790; POST ${…}/admin/timetracking/technicians/${…}/photo:2416; GET/default /admin/timetracking/technicians:2438; PUT /admin/timetracking/technicians/${…}:2455; POST /admin/timetracking/technicians:2470; PUT /admin/timetracking/technicians/${…}:2489; DELETE /admin/timetracking/technicians/${…}:2507; GET/default /admin/timetracking/technicians/${…}/capabilities:3393; PUT /admin/timetracking/technicians/${…}/capabilities:3446; GET/default /admin/timetracking/technicians/${…}/earnings?period=this-week:3705; GET/default /admin/timetracking/technicians/${…}/earnings?period=last-week:3708; GET/default /admin/timetracking/technicians:3981; GET/default /admin/timetracking/documents?${…}:3994; POST ${…}/admin/timetracking/documents/upload:4026; GET/default /admin/timetracking/documents/${…}/download:4051; DELETE /admin/timetracking/documents/${…}:4063; PUT /admin/timetracking/documents/${…}:4075; GET/default /admin/timesheets/pending?weekStart=${…}:4802; GET/default /admin/timesheets/week-detail?technicianId=${…}&weekStart=${…}:4827; POST /admin/timesheets/approve:4857; POST /admin/timesheets/bulk-approve:4877; POST /admin/timesheets/unlock:4905; POST /admin/timesheets/dispute:4920; GET/default ${…}/admin/timesheets/export?weekStart=${…}:4933,,localStorage.getItem waves_admin_token:55; localStorage.getItem waves_admin_token:793; localStorage.getItem waves_admin_token:2421; localStorage.getItem waves_admin_user:3320; localStorage.getItem waves_admin_token:4025; localStorage.getItem waves_admin_token:4932; setInterval None:305; document.addEventListener keydown:3380,,client/src/hooks/useIsMobile.js; client/src/components/admin/AdminCommandHeader.jsx; client/src/lib/timezone.js; client/src/lib/staffTimeDate.js
client/src/pages/admin/ToolHealthPage.jsx,ToolHealthPage:82; Metric:636; RecentErrorRow:663,AdminCommandHeader:114; AdminCommandHeader:133; AdminCommandHeader:155; Metric:202; Metric:206; Metric:207; Metric:208; Metric:209; IntegrationHealthSection:220; Metric:244; Metric:252; Metric:253; Metric:257; RecentErrorRow:615,1=1h:50; 24=24h:51,GET/default ${…}${…}:22; GET/default /admin/tool-health?hours=${…}:90; GET/default /admin/auth/me:105,,localStorage.getItem waves_admin_token:24; setInterval None:100,,client/src/components/admin/AdminCommandHeader.jsx; client/src/components/admin/IntegrationHealthSection.jsx
client/src/pages/admin/TriageInboxTabV2.jsx,ConfirmEvidence:93; PropertyRoleEvidence:272; VerdictBadge:311; TriageInboxTabV2:321,Badge:313; Badge:318; Inbox:513; Zap:523; AlertTriangle:568; Card:579; CardBody:580; Inbox:585; Badge:628; Badge:632; Badge:635; VerdictBadge:642; Button:658; XCircle:664; Button:668; CheckCircle2:674; Button:678; CheckCircle2:684; Button:689; ThumbsDown:695; Button:697; ThumbsUp:703; ConfirmEvidence:713; PropertyRoleEvidence:714; PhoneCall:723; AuthenticatedCallAudio:725; Dialog:740; DialogHeader:743; DialogTitle:744; DialogBody:746; Textarea:767; DialogFooter:769; Button:770; Button:771; Dialog:788; DialogHeader:791; DialogTitle:792; DialogBody:794; Textarea:798; DialogFooter:800; Button:801; Button:802,open=Open:20; in_progress=In progress:21; resolved=Resolved:22; dismissed=Dismissed:23; name=Name:29; address=Address:30; service=Service:31; scheduling=Date / time:32; consent=SMS consent:33; spam_status=Spam vs legit:34; routing=Routing (wrong call):35,GET/default <computed>:342; POST <computed>:363; PUT /admin/triage/${…}/dismiss:404; PUT /admin/triage/${…}/resolve:438; POST /admin/triage/${…}/apply-property-roles:462,,; ,,client/src/components/ui/index.js; client/src/components/admin/AuthenticatedCallAudio.jsx; client/src/utils/admin-fetch.js
client/src/pages/admin/TurfHeightReviewPage.jsx,TurfHeightReviewPage:38,AdminCommandHeader:70,refresh=Refresh:73,GET/default ${…}${…}:9; GET/default /admin/turf-height/review:46; PATCH /admin/turf-height/${…}/resolve:58,,localStorage.getItem waves_admin_token:13; ,,client/src/lib/timezone.js; client/src/components/admin/AdminCommandHeader.jsx
client/src/pages/admin/WinLossSlicesCard.jsx,RateTable:30; WinLossSlicesCard:46,Card:104; RateTable:302; RateTable:311; RateTable:317,,GET/default /admin/estimates/win-loss-slices?days=${…}:18,,; ,,client/src/components/ui/index.js; client/src/utils/admin-fetch.js
client/src/pages/admin/_DesignSystemFlagsPage.jsx,DesignSystemFlagsPage:66; VisualServiceNotesSettingsCard:313; MyFlagsCard:371,VisualServiceNotesSettingsCard:175; Card:181; CardHeader:183; CardTitle:185; CardBody:187; Select:196; Select:215; Button:229; MyFlagsCard:238; Card:245; CardHeader:247; CardTitle:249; CardBody:251; Table:260; THead:262; TR:264; TH:266; TH:268; TBody:274; TR:283; TD:285; TD:286; Badge:288; TD:293; Switch:295; Card:315; CardHeader:317; CardTitle:319; CardBody:321; Switch:334; Switch:351; Card:393; CardHeader:395; CardTitle:397; CardBody:399; Switch:413,,GET/default ${…}${…}:24; GET/default /admin/feature-flags/all:83; GET/default /admin/feature-flags/visual-service-notes:84; POST /admin/feature-flags/toggle:105; PATCH /admin/feature-flags/visual-service-notes:142,,localStorage.getItem waves_admin_token:23; localStorage.getItem waves_admin_user:121; localStorage.getItem waves_admin_user:374; ,,client/src/components/ui/index.js; client/src/hooks/useFeatureFlag.js
client/src/pages/admin/_DesignSystemPage.jsx,Section:48; Row:60; DesignSystemPage:70,Section:109; Row:111; Button:113; Button:114; Row:116; Button:118; Button:119; Row:123; Button:125; Row:127; Button:129; Section:132; Row:134; Input:136; Row:138; Input:140; Row:142; Input:144; Row:146; Select:148; Row:159; Textarea:161; Section:164; Row:166; Checkbox:168; Row:175; Radio:177; Radio:184; Row:192; Switch:194; Section:202; Row:204; Badge:206; Badge:207; Row:209; Badge:211; Badge:212; Badge:215; Row:219; Section:238; Card:242; CardBody:244; Card:257; CardHeader:259; CardTitle:261; CardBody:263; Section:272; Card:274; Table:276; THead:278; TR:280; TH:282; TH:283; TBody:286; TR:288; TD:290; TD:291; Badge:293; TD:295; TR:299; TD:301; TD:302; Badge:304; TD:308; TR:312; TD:314; TD:315; Badge:317; TD:319; Section:327; Tabs:329; TabList:331; Tab:333; Tab:334; TabPanel:336; TabPanel:340; TabPanel:344; Section:350; Row:352; Button:354; Row:356; Button:358; Dialog:363; DialogHeader:365; DialogTitle:367; DialogBody:369; DialogFooter:376; Button:378; Button:381; Sheet:384; SheetHeader:386; Button:395; SheetBody:399; SheetFooter:406; Button:408,,,,localStorage.getItem waves_admin_user:44; ,,client/src/components/ui/index.js
client/src/pages/admin/agents/AgentControlCenterTab.jsx,AgentControlCenterTab:17,StatusStrip:87; WindowPresets:88; LaneCard:150,,GET/default /admin/agents/control/lanes?${…}:42,,; ,,client/src/utils/admin-fetch.js; client/src/pages/admin/agents/hubParams.js; client/src/pages/admin/agents/WindowPresets.jsx; client/src/pages/admin/agents/StatusStrip.jsx; client/src/pages/admin/agents/LaneCard.jsx
client/src/pages/admin/agents/LaneCard.jsx,LaneCard:78,Card:85; Badge:91; Link:98; ArrowRight:99; MetricDash:113; Metric:113; LaneSparkline:117,,,,; ,,client/src/components/ui/index.js; client/src/pages/admin/agents/LaneModelCard.jsx; client/src/pages/admin/agents/LaneSparkline.jsx; client/src/pages/admin/agents/Metric.jsx
client/src/pages/admin/agents/LaneModelCard.jsx,ModelChip:19; DisclosureButton:30; DiscardButton:44; LaneModelCard:52,Badge:25; ChevronUp:39; ChevronDown:39; X:47; Card:66; Badge:71; Badge:75; ModelChip:82; ModelChip:88; ModelChip:91; ModelChip:100; Button:114; DiscardButton:117; Button:120; Search:121; DisclosureButton:126; ModelChip:139; Button:141; DiscardButton:147,,,,; ,,client/src/components/ui/index.js; client/src/pages/admin/agents/modelDraft.js
client/src/pages/admin/agents/LaneSparkline.jsx,LaneSparkline:11,Sparkline:17,,,,; ,,client/src/components/dashboard/charts.jsx
client/src/pages/admin/agents/Metric.jsx,Metric:9; MetricDash:19,,,,,; ,,client/src/components/ui/index.js
client/src/pages/admin/agents/MigrationSetDialog.jsx,MigrationSetDialog:21,PickModelDialog:62; Dialog:83; DialogHeader:84; DialogTitle:85; DialogBody:90; Button:98; Button:106; Button:109; DialogFooter:145; Button:146; Button:151; Button:154,eligible=Eligible:15; shadow=Run shadow first:16; approval=Change per lane:17; blocked=Cannot move:18,,,; ,,client/src/components/ui/index.js; client/src/pages/admin/agents/PickModelDialog.jsx; client/src/pages/admin/agents/modelDraft.js
client/src/pages/admin/agents/PickModelDialog.jsx,PickModelDialog:40; ResultList:194,Dialog:114; DialogHeader:115; DialogTitle:116; DialogBody:120; Search:124; Input:125; ResultList:151; Button:156; ResultList:163; ResultList:173; DialogFooter:185; Button:186; Button:210,,GET/default /admin/agents/models/search?q=${…}&providers=${…}&cap=${…}:70; POST /admin/agents/models/probe:93,,; ,,client/src/components/ui/index.js; client/src/utils/admin-fetch.js; client/src/pages/admin/agents/modelDraft.js
client/src/pages/admin/agents/StatusStrip.jsx,StatusStrip:19,,all=All:11; active=Active:12; attention=Needs attention:13; idle=Idle:14,,,; ,,client/src/components/ui/index.js
client/src/pages/admin/agents/WindowPresets.jsx,WindowPresets:15,,,,,; ,,client/src/components/ui/index.js; client/src/pages/admin/agents/hubParams.js
client/src/pages/admin/agents/hubParams.js,,,,,,useSearchParams None:15; ,,
client/src/pages/admin/agents/modelDraft.fixture.js,,,sms=SMS & messaging:13; ib=Intelligence Bar:14; reports=Service reports:15; office=Back office:16,,,; ,,
client/src/pages/admin/agents/modelDraft.js,,,,,,; ,,
client/src/pages/admin/autonomous-content/ActivityTab.jsx,PipelineStatus:24; ContentDecisions:54; GateSummary:86; SeoCompletion:145; ContentDetail:194; ActivityRow:277; ActivityList:308; ContentTab:383,Section:28; Textarea:61; DecisionButtons:67; Section:96; Section:150; Tag:156; Tag:157; Tag:158; Tag:159; Tag:160; CardBody:207; Tag:213; Tag:214; Tag:215; Tag:216; Field:221; Field:222; Field:223; Field:224; ExternalAnchor:234; PipelineStatus:236; ContentDecisions:238; GateSummary:248; Section:251; SeoCompletion:258; Section:261; Section:267; RowCard:283; Tag:292; Tag:298; Tag:299; Tag:300; ListHeader:344; Empty:346; Empty:348; ActivityRow:356; ActionBtn:361; ActionBtn:371; KpiRow:408; Kpi:409; Kpi:410; Kpi:411; Kpi:412; ActivityList:417; Panel:432; PanelHeader:433; Empty:435; ContentDetail:437,,,,; ,,client/src/components/ui/index.js; client/src/pages/admin/autonomous-content/shared.jsx
client/src/pages/admin/autonomous-content/ImpactTab.jsx,QueryImpact:12; ImpactArticle:39; ImpactTab:87,Tag:54; QueryImpact:61; Tag:66; KpiRow:92; Kpi:93; Kpi:94; Kpi:99; Kpi:100; ListHeader:103; Empty:105; Empty:107; ImpactArticle:114,,,,; ,,client/src/components/ui/index.js; client/src/pages/admin/autonomous-content/shared.jsx
client/src/pages/admin/autonomous-content/LinksTab.jsx,LinkDecisions:23; LinkDetail:46; LinksTab:118,Textarea:26; DecisionButtons:32; CardBody:55; Tag:61; Tag:62; Tag:63; Field:68; Field:69; Field:70; Field:71; Field:72; Field:76; ExternalAnchor:79; LinkDecisions:81; LinkContext:89; LinkContext:90; Section:92; Section:110; KpiRow:136; Kpi:137; Kpi:142; Kpi:143; Kpi:144; ListHeader:150; Empty:152; Empty:154; RowCard:158; Tag:166; Panel:189; PanelHeader:190; Empty:192; LinkDetail:194,,,,; ,,client/src/components/ui/index.js; client/src/pages/admin/autonomous-content/shared.jsx
client/src/pages/admin/autonomous-content/shared.jsx,PhoneFrame:60; PillTab:70; KpiRow:85; Kpi:93; ListHeader:109; RowCard:121; Panel:136; PanelHeader:140; Empty:156; Tag:162; ActionBtn:183; Field:206; Section:215; ExternalAnchor:233; LinkContext:248; DecisionButtons:272,Icon:112; ArrowLeft:148; Icon:150; Icon:220; ExternalLink:242; Section:251; ActionBtn:276; Icon:282,,,,; ,,client/src/components/ui/index.js
client/src/pages/admin/dashboard/ActionInbox.jsx,ActionInbox:24,Card:32; CardHeader:33; CardTitle:34; CardBody:37; Card:49; CardHeader:50; CardTitle:52; Badge:75; CardBody:80,,,,; ,,client/src/components/ui/index.js; client/src/components/dashboard/charts.jsx
client/src/pages/admin/dashboard/BillingHealthPanel.jsx,BillingHealthPanel:11,Card:131; CardHeader:132; CardTitle:134; Badge:137; CardBody:139,,,,; ,,client/src/components/ui/index.js; client/src/components/dashboard/charts.jsx
client/src/pages/admin/dashboard/ChannelROI.jsx,ChannelROI:28,EmptyState:29; EmptyState:30; EmptyState:32; FormulaNote:125,,,,; ,,client/src/components/dashboard/charts.jsx; client/src/pages/admin/dashboard/FormulaNote.jsx
client/src/pages/admin/dashboard/ChurnParetoCard.jsx,ChurnParetoCard:37,EmptyState:38; EmptyState:41; ResponsiveContainer:61; ComposedChart:62; CartesianGrid:63; XAxis:64; YAxis:74; YAxis:82; Tooltip:92; Bar:104; Line:105; Verdict:117; FormulaNote:119,,,,; ,,client/src/components/dashboard/charts.jsx; client/src/pages/admin/dashboard/scorecard-metrics.js; client/src/pages/admin/dashboard/Verdict.jsx; client/src/pages/admin/dashboard/FormulaNote.jsx
client/src/pages/admin/dashboard/DashboardJumpNav.jsx,DashboardJumpNav:26,,today=Today:9; last_7=7D:10; last_30=30D:11; last_90=90D:12; wtd=WTD:13; mtd=MTD:14; qtd=QTD:15; ytd=YTD:16,,,; ,,client/src/components/ui/index.js
client/src/pages/admin/dashboard/DashboardSection.jsx,DashboardSection:6,,,,,; ,,
client/src/pages/admin/dashboard/EbitdaBridgeCard.jsx,EbitdaBridgeCard:12,EmptyState:13; EmptyState:15; Verdict:97; FormulaNote:99,,,,; ,,client/src/components/ui/index.js; client/src/components/dashboard/charts.jsx; client/src/pages/admin/dashboard/scorecard-metrics.js; client/src/pages/admin/dashboard/Verdict.jsx; client/src/pages/admin/dashboard/FormulaNote.jsx
client/src/pages/admin/dashboard/FormulaNote.jsx,FormulaNote:4,,,,,; ,,
client/src/pages/admin/dashboard/FunnelBySource.jsx,StageBars:30; FunnelBySource:55,EmptyState:56; EmptyState:57; EmptyState:59; StageBars:109; Verdict:120; FormulaNote:122,contacted=Contacted:15; estimate=Estimate:16; booked=Booked:17; completed=Won:18,,,; ,,client/src/components/ui/index.js; client/src/components/dashboard/charts.jsx; client/src/pages/admin/dashboard/Verdict.jsx; client/src/pages/admin/dashboard/FormulaNote.jsx; client/src/pages/admin/dashboard/scorecard-metrics.js
client/src/pages/admin/dashboard/KpiTile.jsx,KpiGrid:30; KpiStrip:37; KpiTile:54,EmptyState:38; EmptyState:39; EmptyState:40; KpiGrid:41; KpiRing:87; Sparkline:100; KpiBullet:130; KpiDivergingBar:142; Sparkline:147,,,,; ,,client/src/components/ui/index.js; client/src/components/dashboard/charts.jsx; client/src/pages/admin/dashboard/kpi-targets.js
client/src/pages/admin/dashboard/MarginByLineBars.jsx,MarginByLineBars:11,EmptyState:13,,,,; ,,client/src/components/ui/index.js; client/src/components/dashboard/charts.jsx
client/src/pages/admin/dashboard/MobileFold.jsx,MobileFold:3,,,,,; ,,
client/src/pages/admin/dashboard/MrrBridgeCard.jsx,MrrBridgeCard:21,EmptyState:31; EmptyState:32; Verdict:142; FormulaNote:144,,,,; ,,client/src/components/ui/index.js; client/src/components/dashboard/charts.jsx; client/src/pages/admin/dashboard/scorecard-metrics.js; client/src/pages/admin/dashboard/Verdict.jsx; client/src/pages/admin/dashboard/FormulaNote.jsx
client/src/pages/admin/dashboard/SampleBadge.jsx,SampleBadge:7,,,,,; ,,client/src/components/ui/index.js; client/src/pages/admin/dashboard/scorecard-metrics.js
client/src/pages/admin/dashboard/StaleVisitsCard.jsx,StaleVisitsCard:10,Card:16; CardHeader:17; CardTitle:19; Badge:24; CardBody:26,,,,; ,,client/src/components/ui/index.js
client/src/pages/admin/dashboard/Verdict.jsx,Verdict:16,,,,,; ,,client/src/components/ui/index.js
client/src/pages/admin/dashboard/kpi-targets.js,,,,,,; ,,
client/src/pages/admin/dashboard/scorecard-metrics.js,,,,,,; ,,
client/src/pages/admin/dashboard/sections/CashSection.jsx,CashSection:15,DashboardSection:26; KpiStrip:33; KpiTile:39; KpiTile:57; KpiTile:66; KpiTile:87; ChartCard:107; AgingBar:115; Verdict:120; MobileFold:127; BillingHealthPanel:131; BillingHealthPanel:134,,,,; ,,client/src/components/dashboard/charts.jsx; client/src/pages/admin/dashboard/DashboardSection.jsx; client/src/pages/admin/dashboard/MobileFold.jsx; client/src/pages/admin/dashboard/BillingHealthPanel.jsx; client/src/pages/admin/dashboard/KpiTile.jsx; client/src/pages/admin/dashboard/Verdict.jsx; client/src/pages/admin/dashboard/scorecard-metrics.js
client/src/pages/admin/dashboard/sections/GrowthSection.jsx,GrowthSection:37,DashboardSection:102; ChartCard:112; CaptureGauge:118; Verdict:125; ChartCard:128; RevenueTrendArea:144; KpiSparklineTile:154; KpiStrip:160; KpiTile:165; KpiTile:183; KpiTile:201; KpiTile:215; ChartCard:231; EstimateFunnel:237; Verdict:243; ChartCard:246; RevenueByCity:250; MobileFold:265; CapitalAllocationCard:272; Verdict:273; ChartCard:278; CapitalAllocationCard:282; Verdict:283; MobileFold:293; ChannelROI:298; ChartCard:307; ChannelROI:311; MobileFold:326; AttributionScorecard:332; ChartCard:342; AttributionScorecard:348; MobileFold:362; FunnelBySource:367; ChartCard:376; FunnelBySource:380,,,,; ,,client/src/components/dashboard/charts.jsx; client/src/pages/admin/dashboard/DashboardSection.jsx; client/src/pages/admin/dashboard/MobileFold.jsx; client/src/pages/admin/dashboard/KpiTile.jsx; client/src/pages/admin/dashboard/Verdict.jsx; client/src/pages/admin/dashboard/FunnelBySource.jsx; client/src/pages/admin/dashboard/ChannelROI.jsx; client/src/pages/admin/dashboard/scorecard-metrics.js
client/src/pages/admin/dashboard/sections/ProfitSection.jsx,ProfitSection:17,DashboardSection:32; KpiStrip:39; KpiTile:44; KpiTile:61; KpiTile:74; ChartCard:97; EbitdaBridgeCard:105; ChartCard:107; ServiceMixDonut:111; MobileFold:118; MarginByLineBars:120; ChartCard:128; MarginByLineBars:132; MobileFold:143; TechLeaderboardBars:145; ChartCard:149; TechLeaderboardBars:150,,,,; ,,client/src/components/dashboard/charts.jsx; client/src/pages/admin/dashboard/DashboardSection.jsx; client/src/pages/admin/dashboard/MobileFold.jsx; client/src/pages/admin/dashboard/KpiTile.jsx; client/src/pages/admin/dashboard/EbitdaBridgeCard.jsx; client/src/pages/admin/dashboard/MarginByLineBars.jsx
client/src/pages/admin/dashboard/sections/RetentionSection.jsx,RetentionSection:21,DashboardSection:40; KpiStrip:47; KpiTile:54; KpiTile:69; KpiTile:86; KpiTile:97; MobileFold:129; MrrTrendChart:131; Verdict:132; MobileFold:135; MrrBridgeCard:137; ChartCard:143; MrrTrendChart:144; Verdict:145; ChartCard:147; MrrBridgeCard:148; MobileFold:156; RetentionCohortGrid:161; ChartCard:169; RetentionCohortGrid:173; MobileFold:184; ChurnParetoCard:186; ChartCard:191; ChurnParetoCard:192; ChartCard:198; ReviewTrendChart:212,,,,; ,,client/src/components/dashboard/charts.jsx; client/src/pages/admin/dashboard/DashboardSection.jsx; client/src/pages/admin/dashboard/MobileFold.jsx; client/src/pages/admin/dashboard/KpiTile.jsx; client/src/pages/admin/dashboard/Verdict.jsx; client/src/pages/admin/dashboard/scorecard-metrics.js; client/src/pages/admin/dashboard/MrrBridgeCard.jsx; client/src/pages/admin/dashboard/ChurnParetoCard.jsx
client/src/pages/admin/dashboard/sections/TodaySection.jsx,TodaySection:15,DashboardSection:27; ActionInbox:33; StaleVisitsCard:34; ChartCard:36; CompletionGauge:52; Verdict:59; EmptyState:62; KpiStrip:68; KpiTile:79; KpiTile:92,,,,; ,,client/src/components/dashboard/charts.jsx; client/src/pages/admin/dashboard/DashboardSection.jsx; client/src/pages/admin/dashboard/ActionInbox.jsx; client/src/pages/admin/dashboard/StaleVisitsCard.jsx; client/src/pages/admin/dashboard/KpiTile.jsx; client/src/pages/admin/dashboard/Verdict.jsx; client/src/pages/admin/dashboard/scorecard-metrics.js
client/src/pages/admin/estimateSendPhoneLookup.js,,,,,,; ,,
client/src/pages/admin/newsletterUiCopy.js,,,,,,; ,,
client/src/pages/admin/pipeline/DuplicateCleanupQueue.jsx,MatchBadges:24; ReviewedHistoryPanel:78; QueueRow:285; DuplicateCleanupQueue:496,Badge:27; Badge:28; Badge:29; Badge:30; Badge:31; History:158; Button:161; RefreshCw:168; RefreshCw:175; Badge:206; Button:233; Dialog:248; DialogHeader:249; DialogTitle:250; DialogBody:252; DialogFooter:272; Button:273; Button:276; Badge:378; Badge:379; RefreshCw:397; SearchX:406; MatchBadges:440; Button:450; Link2:451; Button:467; XCircle:468; CheckCircle2:473; Badge:529; ReviewedHistoryPanel:532; QueueRow:540,,GET/default /admin/pipeline/opportunities/reviewed-history?limit=8:91; GET/default /admin/pipeline/opportunities/reviewed-history?limit=8:107; POST /admin/pipeline/opportunities/reviewed-history/reopen:132; GET/default /admin/pipeline/opportunities/${…}/link-candidates:304; POST /admin/pipeline/opportunities/link:336; POST /admin/pipeline/opportunities/${…}/dismiss-duplicate-risk:357,,; ,,client/src/components/ui/index.js; client/src/pages/admin/pipeline/duplicateCleanup.js
client/src/pages/admin/pipeline/OpportunityActions.jsx,OpportunityActions:207,Button:415; MoreHorizontal:429; ExternalLink:441; Dialog:462; DialogHeader:463; DialogTitle:464; DialogBody:466; DialogFooter:565; Button:566; Button:569; Dialog:579; DialogHeader:580; DialogTitle:581; DialogBody:583; DialogFooter:627; Button:628,,GET/default /admin/pipeline/opportunities/${…}/link-candidates:243; POST /admin/estimates/${…}/follow-up:268; POST /admin/estimates/${…}/send:272; POST /admin/estimates/${…}/mark-accepted:282; POST /admin/estimates/${…}/mark-accepted:289; PATCH /admin/estimates/${…}:299; POST /admin/estimates/${…}/extend:306; POST /admin/leads/${…}/lost:313; POST /admin/pipeline/opportunities/link:320; GET/default /admin/pipeline/opportunities/history?${…}:344,,; ,,client/src/components/ui/index.js; client/src/pages/admin/pipeline/pipelineStages.js
client/src/pages/admin/pipeline/OpportunityStageBadge.jsx,OpportunityStageBadge:17,Badge:19,,,,; ,,client/src/components/ui/index.js; client/src/pages/admin/pipeline/pipelineStages.js
client/src/pages/admin/pipeline/UnifiedPipelineFilters.jsx,UnifiedPipelineFilters:5,Button:12,,,,; ,,client/src/components/ui/index.js; client/src/pages/admin/pipeline/pipelineStages.js
client/src/pages/admin/pipeline/UnifiedPipelineView.jsx,WarningBanner:103; LoadError:112; UnifiedPipelineView:124,AlertTriangle:106; Button:117; ClipboardList:376; Button:386; RefreshCw:387; Button:390; Plus:391; Link:397; Link:403; Link:409; WarningBanner:419; Card:421; CardHeader:422; CardTitle:424; Badge:426; Badge:427; Badge:429; UnifiedPipelineFilters:433; Bookmark:441; Select:447; Button:470; Save:479; Button:482; Trash2:491; Search:514; X:532; Button:597; Button:605; CardBody:625; LoadError:629; DuplicateCleanupQueue:635; Table:642; THead:643; TR:644; TH:645; TH:646; TH:647; TH:648; TH:649; TH:650; TH:651; TH:652; TH:653; TBody:656; TR:658; TD:659; Badge:668; Badge:669; Badge:670; TD:673; OpportunityStageBadge:674; TD:679; TD:682; TD:685; TD:693; TD:696; Badge:705; TD:707; TD:710; OpportunityActions:711; Button:727; Button:735,,GET/default /admin/pipeline/saved-views:231; POST /admin/pipeline/saved-views:258; DELETE /admin/pipeline/saved-views/${…}:279; GET/default /admin/pipeline/opportunities?${…}:320,,useSearchParams None:126; ,,client/src/components/ui/index.js; client/src/utils/admin-fetch.js; client/src/pages/admin/pipeline/DuplicateCleanupQueue.jsx; client/src/pages/admin/pipeline/OpportunityActions.jsx; client/src/pages/admin/pipeline/OpportunityStageBadge.jsx; client/src/pages/admin/pipeline/pipelineStages.js; client/src/pages/admin/pipeline/UnifiedPipelineFilters.jsx
client/src/pages/admin/pipeline/duplicateCleanup.js,,,,,,; ,,
client/src/pages/admin/pipeline/opportunityNormalizer.js,,,,,,; ,,client/src/pages/admin/pipeline/pipelineStages.js
client/src/pages/admin/pipeline/pipelineStages.js,,,all=All:26; needs_action=Needs Action:27; new=New:28; estimate_needed=Estimate Needed:29; draft=Draft:30; sent=Sent:31; viewed=Viewed:32; follow_up=Follow Up:33; duplicate_risk=Duplicate Risk:34; won=Won:35; lost=Lost:36; needs_action=Needs Action:40; google_leads=Google Leads:45; viewed_estimates=Viewed Estimates:50; follow_up=Follow Up:55; duplicate_risk=Duplicate Risk:60,,,; ,,
client/src/pages/tech/TechEstimatorPage.jsx,TechEstimatorPage:12,Navigate:13,,,,; ,,
client/src/pages/tech/TechHomePage.jsx,TechHomePage:212; ProjectServicePicker:981; TimecardSignoffCard:1068; StopRow:1231; StatCard:1330; RainOutSheet:1381; ActionBtn:1689,GeofenceArrivalPrompt:538; StatCard:580; StatCard:581; TechIntelligenceBar:585; TechTimeTrackingCard:587; ActionBtn:726; ActionBtn:730; ActionBtn:731; ActionBtn:732; ActionBtn:740; ActionBtn:749; VisualNotesPanel:770; TechRecapCapture:774; StopRow:810; TimecardSignoffCard:834; CreateProjectModal:837; Suspense:868; ProjectDetail:873; ProjectServicePicker:887; ServiceRecapModal:900; TechServicePhotosModal:914; TechTreatmentZoneModal:922; FieldLeadModal:949; RainOutSheet:956; VisitBriefPanel:1316,,GET/default ${…}/api${…}:144; GET/default ${…}/api/admin/schedule?date=${…}:256; POST ${…}/api/tech/services/${…}/en-route:295; POST ${…}/api/tech/services/${…}/on-site:322; GET/default ${…}/api/admin/projects/types:498; GET/default ${…}/api/tech/timetracking/pending-signoff:1086; POST ${…}/api/tech/timetracking/sign-week:1154; GET/default ${…}/api/tech/services/${…}/rain-out-options:1395; POST ${…}/api/tech/services/${…}/rain-out:1492,,; socket.on dispatch:job_update:364,visual_service_notes_enabled:235; tech_social_enabled:236; pest-recap-v1:237,client/src/components/tech/TechIntelligenceBar.jsx; client/src/components/tech/GeofenceArrivalPrompt.jsx; client/src/components/tech/CreateProjectModal.jsx; client/src/components/ServiceRecapModal.jsx; client/src/pages/tech/TechRecapCapture.jsx; client/src/components/tech/TechServicePhotosModal.jsx; client/src/components/tech/TechTreatmentZoneModal.jsx; client/src/lib/service-colors.js; client/src/components/tech/TechTimeTrackingCard.jsx; client/src/components/tech/FieldLeadModal.jsx; client/src/components/tech/VisualNotesPanel.jsx; client/src/hooks/useFeatureFlag.js; client/src/lib/adminAuth.js; client/src/lib/timezone.js; client/src/pages/tech/VisitBriefPanel.jsx; client/src/pages/tech/visitBrief.js; client/src/pages/admin/ProjectsPage.jsx; client/src/pages/tech/routeStops.js
client/src/pages/tech/TechProtocolsPage.jsx,TechProtocolsPage:65; PhotoGrid:222; ScriptList:256; EquipmentList:287,PhotoGrid:212; ScriptList:214; EquipmentList:216,photos=ID Guide:51; scripts=Scripts:52; equipment=Equipment:53; =All:57; lawn=Lawn:58; pest=Pest:59; tree_shrub=Tree & Shrub:60; mosquito=Mosquito:61; termite=Termite:62,GET/default ${…}${…}:112,,; ,,client/src/lib/adminAuth.js; client/src/lib/timezone.js
client/src/pages/tech/visitBrief.js,,,,,,; ,,client/src/components/schedule/visitInvoice.js
client/src/theme-brand.js,,,,,,; ,,
client/src/theme-customer.js,,,,,,; ,,
client/src/theme-doc.js,,,,,,; ,,client/src/theme-brand.js; client/src/theme-customer.js
client/src/utils/admin-fetch.js,,,,GET/default ${…}${…}:49,,localStorage.getItem waves_admin_token:27; ,,
client/src/utils/api.js,,,,GET/default <computed>:123; POST ${…}/auth/refresh:327,,localStorage.getItem waves_token:57; localStorage.getItem waves_refresh_token:58; localStorage.setItem waves_refresh_token:74; localStorage.removeItem waves_refresh_token:75; localStorage.setItem waves_token:76; localStorage.removeItem waves_token:85; localStorage.removeItem waves_refresh_token:86; localStorage.getItem waves_refresh_token:236; localStorage.getItem waves_token:237; localStorage.getItem None:287; localStorage.setItem None:289; localStorage.getItem None:294; localStorage.getItem None:300; localStorage.removeItem None:301; ,,
client/src/utils/estimateProvisional.js,,,,,,; ,,
client/src/utils/format-address.js,,,,,,; ,,
client/src/utils/ibImages.js,,,,,,; ,,client/src/utils/imageCompression.js
client/src/utils/ibStorage.js,,,,,,localStorage.getItem None:15; localStorage.setItem None:26; ,,
client/src/utils/imageCompression.js,,,,,,; ,,
scripts/check-portal-brand.js,,,,,,; ,,
scripts/qa/e2e.js,,,,GET/default ${…}/api/health:68,,localStorage.clear None:201; ,,scripts/dev/context.js; scripts/dev/doctor.js; scripts/qa/browser.js; scripts/qa/fixtures.js; server/utils/datetime-et.js; server/services/booking/create-scheduled-service.js
server/index.js,,,,,,; setInterval None:1287; setInterval None:1303,,server/config/load-env.js; server/instrument.js; server/utils/scheduled-cron.js; server/config/index.js; server/services/logger.js; server/middleware/errors.js; server/services/scheduler.js; server/utils/sensitive-spa-headers.js; server/utils/redact-request-url.js; server/knexfile.js; server/routes/auth.js; server/routes/services.js; server/routes/schedule.js; server/routes/billing-v2.js; server/routes/notifications.js; server/routes/requests.js; server/routes/bouncie.js; server/routes/lawn-health.js; server/routes/feed.js; server/routes/satisfaction.js; server/routes/property.js; server/routes/customer-pricing-ai.js; server/routes/referrals-v2.js; server/routes/promotions.js; server/routes/documents.js; server/routes/badges.js; server/routes/tracking.js; server/routes/admin-auth.js; server/routes/admin-push.js; server/routes/admin-customers.js; server/routes/admin-dashboard.js; server/routes/admin-estimates.js; server/routes/admin-service-outlines.js; server/routes/admin-property-lookup.js; server/routes/estimate-public.js; server/routes/service-outlines-public.js; server/routes/public-quote.js; server/routes/public-property-lookup.js; server/routes/admin-reviews.js; server/routes/admin-settings.js; server/routes/admin-backlink-agent-v2.js; server/routes/admin-import-sheets.js; server/routes/property-lookup-v2.js; server/routes/admin-referrals-v2.js; server/routes/reviews-public.js; server/routes/admin-dispatch.js; server/routes/admin-visits.js; server/routes/admin-communications.js; server/routes/admin-communications-attach.js; server/routes/twilio-webhook.js; server/routes/reports-public.js; server/routes/admin-inventory.js; server/routes/admin-price-match.js; server/routes/admin-compliance.js; server/routes/admin-workflows.js; server/routes/admin-ads.js; server/routes/admin-seo-v2.js; server/routes/admin-content-v2.js; server/routes/admin-knowledge.js; server/routes/admin-csr.js; server/routes/admin-customer-intel.js; server/routes/tech-knowledge.js; server/routes/dispatch.js; server/routes/knowledge.js; server/routes/ai-assistant.js; server/routes/twilio-voice-webhook.js; server/routes/admin-review-requests.js; server/routes/review-public.js; server/routes/admin-intelligence-bar.js; server/routes/admin-agent-estimate.js; server/routes/tool-health.js; server/config/estimate-marketing-redirects.js; server/config/cors-origins.js; server/middleware/staff-maintenance.js; server/middleware/rate-limit-key.js; server/config/feature-gates.js; server/routes/public-ai-intake.js; server/routes/public-lawn-assessment.js; server/routes/stripe-webhook.js; server/routes/webhooks-sendgrid.js; server/routes/webhooks-resend.js; server/middleware/staff-auth-body.js; server/routes/mcp.js; server/routes/public-mcp.js; server/routes/public-a2a.js; server/middleware/large-body-auth.js; server/middleware/link-worker-auth.js; server/routes/service-records.js; server/routes/property-score.js; server/routes/property-recommendations.js; server/routes/property-alerts.js; server/routes/one-tap-purchase.js; server/routes/service-preferences.js; server/routes/referral-links.js; server/routes/public-shortlinks.js; server/routes/card-public.js; server/routes/well-known.js; server/routes/client-errors.js; server/routes/push.js; server/routes/admin-customer-turf-profile.js; server/routes/admin-customer-duplicates.js; server/routes/admin-kpi-targets.js; server/routes/admin-usage.js; server/routes/admin-command-center.js; server/routes/admin-feature-flags.js; server/routes/admin-turf-height.js; server/routes/admin-estimate-slots.js; server/routes/admin-pipeline.js; server/routes/admin-auto-dispatch.js; server/routes/visual-service-moments.js; server/routes/admin-dev-tech-status.js; server/routes/admin-dev-job-status.js; server/routes/admin-dev-dispatch-alert.js; server/routes/stripe-terminal.js; server/routes/admin-email-templates.js; server/routes/admin-notification-events.js; server/routes/admin-newsletter.js; server/routes/public-newsletter.js; server/routes/public-ui-flags.js; server/routes/social-feed-public.js; server/routes/public-automation-preview.js; server/routes/public-service-areas.js; server/routes/public-pricing-ranges.js; server/routes/public-services-menu.js; server/routes/public-credentials.js; server/routes/track-public.js; server/routes/experiments-public.js; server/routes/reschedule-public.js; server/routes/reservice-public.js; server/routes/appointment-public.js; server/routes/secure-card-public.js; server/routes/prep-public.js; server/routes/price-change-public.js; server/routes/public-lawn-diagnostic.js; server/routes/public-pest-identifier.js; server/routes/public-careers.js; server/routes/estimate-slots-public.js; server/routes/public-products.js; server/routes/public-pest-forecast.js; server/routes/admin-credentials.js; server/routes/admin-seo-diagnosis.js; server/middleware/twilio-signature.js; server/routes/lead-webhook.js; server/routes/webhooks-voice-agent.js; server/routes/admin-price-change.js; server/routes/admin-seo-actions.js; server/routes/admin-seo-url-intelligence.js; server/routes/admin-content-registry.js; server/middleware/admin-auth.js; server/routes/booking.js; server/routes/twilio-messenger-webhook.js; server/routes/collections-voice-webhook.js; server/routes/admin-protocols.js; server/routes/admin-revenue.js; server/routes/admin-schedule-find-time.js; server/routes/admin-schedule.js; server/services/technician-eligibility.js; server/models/db.js; server/routes/admin-data-hygiene.js; server/routes/admin-agents.js; server/routes/admin-agent-decisions.js; server/routes/admin-drafts.js; server/routes/admin-gbp.js; server/routes/admin-automations.js; server/routes/admin-social-media.js; server/routes/admin-call-recordings.js; server/routes/admin-triage.js; server/routes/admin-contracts.js; server/routes/admin-document-templates.js; server/routes/admin-invoices.js; server/routes/admin-billing-recovery.js; server/routes/admin-payers.js; server/routes/admin-job-forms.js; server/routes/admin-job-costs.js; server/routes/admin-job-expenses.js; server/routes/admin-projects.js; server/routes/pay-statement.js; server/routes/pay-v2.js; server/routes/receipt-v2.js; server/routes/contracts-public.js; server/routes/review-gate.js; server/routes/admin-tax.js; server/routes/admin-pricing-strategy.js; server/routes/admin-lawn-assessment.js; server/routes/admin-photo-assessments.js; server/routes/admin-careers.js; server/routes/admin-knowledge-bridge.js; server/routes/admin-assessment-analytics.js; server/routes/admin-treatment-plans.js; server/routes/admin-equipment.js; server/routes/admin-equipment-systems.js; server/routes/admin-analytics.js; server/routes/admin-token-health.js; server/routes/admin-integrations.js; server/routes/integrations-backlink-worker.js; server/routes/integrations-watchdog-worker.js; server/routes/integrations-commitments-worker.js; server/routes/integrations-vendor-login-worker.js; server/routes/integrations-vendor-price-worker.js; server/routes/admin-kb.js; server/routes/admin-notifications.js; server/routes/customer-notifications.js; server/routes/customer-autopay.js; server/routes/admin-payments-reconcile.js; server/routes/admin-requests.js; server/routes/admin-wiki.js; server/routes/admin-health.js; server/routes/admin-timetracking.js; server/routes/admin-timesheet-approval.js; server/routes/tech-timetracking.js; server/routes/admin-leads.js; server/routes/admin-equipment-maintenance.js; server/routes/admin-ical-history.js; server/routes/admin-mileage.js; server/routes/admin-compliance-v2.js; server/routes/admin-services.js; server/routes/admin-discounts.js; server/routes/admin-banking.js; server/routes/admin-dashboard-ops.js; server/routes/admin-sms-templates.js; server/routes/admin-email.js; server/routes/admin-pricing-config.js; server/routes/admin-pest-pressure.js; server/routes/admin-pricing-proposals.js; server/routes/admin-pricing-reality-check.js; server/routes/tech-field-lead.js; server/routes/tech-lawn-diagnostic.js; server/routes/tech-social.js; server/routes/notification-prefs.js; server/routes/bouncie-webhook.js; server/routes/webhooks-bouncie.js; server/routes/tech-notifications.js; server/routes/tech-track.js; server/routes/admin-geofence.js; server/routes/admin-billing-health.js; server/utils/db-health.js; server/services/report-page-metadata.js; server/sockets/index.js; server/services/voice-agent/relay-server.js; server/services/service-catalog-names.js; server/services/pricing-engine/index.js; server/services/pay-combined.js; server/services/service-report/pdf-queue.js; server/services/receipt-delivery-queue.js; server/services/contact-correction-queue.js; server/services/project-report-hold.js; server/services/lead-first-touch-resume.js; server/utils/cron-lock.js; server/services/seo/link-registry-backfill.js; server/services/wizard-series-activation-recovery.js; server/services/wdo-report-attention.js; server/services/photo-orphan-reclaim.js; server/services/call-recording-processor.js; server/services/recipient-optin.js; server/services/knowledge-bridge.js; server/services/assessment-analytics.js; server/services/lifecycle-email-sweeps.js; server/services/self-booking-plan-sync.js
server/middleware/admin-auth.js,,,,,,; ,,server/config/index.js; server/models/db.js; server/middleware/staff-call-recording-privacy.js
server/middleware/staff-maintenance.js,,,,,,; ,,server/config/index.js
server/routes/admin-ads.js,,,,,"adminAuthenticate,requireAdmin:25",; ,,server/models/db.js; server/middleware/admin-auth.js; server/services/logger.js; server/utils/datetime-et.js; server/services/channel-attribution.js; server/services/capital-allocation.js; server/services/ads/budget-manager.js; server/services/ads/campaign-advisor.js; server/services/ads/google-ads.js; server/services/ads/meta-ads.js; server/services/ads/google-call-bridge.js; server/utils/cron-lock.js; server/services/referral-engine.js; server/services/source-names.js
server/routes/admin-agent-decisions.js,,,,,"adminAuthenticate,requireAdmin:8",; ,,server/models/db.js; server/middleware/admin-auth.js; server/services/reply-training-capture.js; server/services/sms-suggest-mode.js; server/services/voice-agent/relay-protocol.js
server/routes/admin-agent-estimate.js,,,,,"adminAuthenticate,requireAdmin:10; :11",; ,<computed>:13,server/models/db.js; server/middleware/admin-auth.js; server/services/feature-flags.js; server/services/agent-estimate-context.js
server/routes/admin-agents.js,,,done=Done:267; dismiss=Dismiss:276; create_lead_draft=Create draft:477; open_sms=Open SMS:486; mark_contacted=Mark contacted:493; open_lead=Open lead:510; open_reviews=Open Reviews:785,,"adminAuthenticate,requireAdmin:16",; ,,server/models/db.js; server/services/logger.js; server/services/lead-attribution.js; server/services/agent-activity.js; server/services/model-switchboard.js; server/services/agent-control/hub-read.js; server/services/agent-control/run-index.js; server/services/agent-control/runs.js; server/services/model-discovery.js; server/middleware/admin-auth.js; server/utils/datetime-et.js; server/services/review-reply/draft-prefix.js; server/services/sms-suggest-mode.js; server/config/feature-gates.js; server/services/ops-queue.js; server/services/review-reply/runner.js; server/services/sms-graduation.js; server/services/sms-sealed-eval.js; server/utils/cron-lock.js; server/services/voice-profile-distiller.js; server/services/sms-pathology-ledger.js
server/routes/admin-analytics.js,,,,,"adminAuthenticate,requireAdmin:14",; ,,server/models/db.js; server/middleware/admin-auth.js; server/services/analytics/google-analytics.js; server/services/analytics/local-performance.js; server/services/ads/data-manager.js; server/services/ads/meta-data-manager.js; server/services/ads/meta-audiences.js; server/services/ads/google-customer-match.js; server/services/logger.js; server/utils/datetime-et.js
server/routes/admin-assessment-analytics.js,,,,,adminAuthenticate:16,; ,,server/middleware/admin-auth.js; server/services/assessment-analytics.js; server/services/agronomic-wiki.js; server/models/db.js
server/routes/admin-auth.js,,,,,,; ,,server/config/index.js; server/models/db.js; server/middleware/admin-auth.js; server/middleware/rate-limit-key.js; server/services/logger.js; server/services/push-notifications.js; server/services/staff-password-reset-email.js; server/utils/staff-password-policy.js; server/utils/date-only.js; server/utils/staff-identity.js; server/services/technician-eligibility.js; server/services/technician-capabilities.js; server/sockets/index.js
server/routes/admin-auto-dispatch.js,,,,,"adminAuthenticate,requireAdmin:25",; ,,server/middleware/admin-auth.js; server/models/db.js; server/services/logger.js; server/services/auto-dispatch/index.js; server/services/auto-dispatch/config.js; server/config/feature-gates.js; server/utils/cron-lock.js
server/routes/admin-automations.js,,,,,"adminAuthenticate,requireAdmin:20",; ,,server/models/db.js; server/middleware/admin-auth.js; server/services/logger.js; server/services/automation-runner.js; server/config/models.js; server/services/llm/call.js; server/services/customer-stages.js; server/config/locations.js
server/routes/admin-backlink-agent-v2.js,,,,,"adminAuthenticate,requireAdmin:16",; ,,server/models/db.js; server/middleware/admin-auth.js; server/config/feature-gates.js; server/services/logger.js; server/services/seo/prospect-domain-lock.js; server/services/seo/link-registry-intake.js; server/utils/datetime-et.js; server/services/seo/link-prospect-worker.js; server/services/seo/link-authority-policy.js; server/services/seo/link-registry.js; server/services/seo/link-owner-queue.js; server/services/seo/link-outreach-mandate.js; server/services/backlink-agent/signup-worker.js; server/services/backlink-agent/x-poller.js; server/services/backlink-agent/email-verifier.js; server/services/seo/backlink-strategy-agent.js; server/services/seo/link-registry-baseline.js; server/utils/cron-lock.js; server/services/seo/link-registry-gap-ingest.js; server/services/seo/link-registry-enrich.js; server/services/seo/link-path-investigator.js; server/services/seo/link-authority-bridge.js; server/services/seo/link-prospect-verifier.js; server/services/seo/link-prospect-outreach.js; server/services/seo/link-prospect-indexer.js
server/routes/admin-backlink-agent.js,,,,,"adminAuthenticate,requireAdmin:7",; ,,server/models/db.js; server/middleware/admin-auth.js; server/services/logger.js; server/services/backlink-agent/signup-worker.js; server/services/backlink-agent/x-poller.js; server/services/backlink-agent/email-verifier.js
server/routes/admin-banking.js,,,,,"adminAuthenticate,requireAdmin:10",; ,,server/models/db.js; server/middleware/admin-auth.js; server/services/logger.js; server/services/stripe-banking.js; server/services/banking-export.js; server/utils/datetime-et.js
server/routes/admin-billing-health.js,,,,,adminAuthenticate:13; requireAdmin:14,; ,,server/middleware/admin-auth.js; server/models/db.js; server/services/logger.js; server/services/messaging/send-customer-message.js; server/services/sms-template-renderer.js; server/services/autopay-log.js; server/utils/datetime-et.js; server/services/autopay-eligibility.js; server/services/billing-lane.js; server/services/autopay-setup-link.js; server/services/stripe.js
server/routes/admin-billing-recovery.js,,,,,"adminAuthenticate,requireAdmin:43",; ,,server/models/db.js; server/services/logger.js; server/middleware/admin-auth.js; server/services/invoice.js; server/services/autopay-eligibility.js; server/services/mrr-breakdown.js; server/services/short-url.js; server/utils/portal-url.js; server/utils/datetime-et.js; server/services/no-cost-visit-types.js; server/services/intelligence-bar/dashboard-tools.js; server/services/scheduled-invoice-mint.js; server/services/annual-prepay-renewals.js; server/services/job-costing.js
server/routes/admin-call-recordings.js,,,,GET/default <computed>:97,"adminAuthenticate,requireTechOrAdmin:114",; ,,server/models/db.js; server/services/logger.js; server/middleware/admin-auth.js; server/services/call-recording-processor.js; server/utils/known-caller-phone.js; server/config/feature-gates.js; server/config/index.js; server/services/call-intelligence.js; server/services/call-commitments.js; server/services/conversations.js; server/services/call-routing-gates.js
server/routes/admin-careers.js,,,,,"adminAuthenticate,requireAdmin:21",; ,,server/models/db.js; server/services/logger.js; server/middleware/admin-auth.js; server/services/job-applications.js
server/routes/admin-command-center.js,,,${…}_unassigned=Unassigned job:173; ${…}_late=Late job:185; ${…}_blocked=Blocked job:196; ${…}_draft=Draft estimate:285; ${…}_aged=Aged estimate:287; ${…}_expiring=Expiring estimate:289; ${…}_high_value=High-value open estimate:293; ${…}_unread_message=Unread customer message:379; ${…}_stale_visit=Stale visit:443; team_${…}=Needs follow-up:473,,"adminAuthenticate,requireAdmin:14",; ,,server/models/db.js; server/middleware/admin-auth.js; server/utils/datetime-et.js; server/services/admin-alerts.js; server/services/closeout-alerts.js
server/routes/admin-communications-attach.js,,,,,"adminAuthenticate,requireAdmin:35",; ,,server/middleware/admin-auth.js; server/services/logger.js; server/config/index.js; server/services/sms-media.js
server/routes/admin-communications.js,,,,,"adminAuthenticate,requireTechOrAdmin:37",; ,,server/models/db.js; server/services/twilio.js; server/config/twilio-numbers.js; server/services/messaging/send-customer-message.js; server/middleware/admin-auth.js; server/config/locations.js; server/services/logger.js; server/config/models.js; server/services/llm/call.js; server/utils/phone.js; server/services/sms-media.js; server/services/twilio-failure-alerts.js; server/utils/datetime-et.js; server/utils/sms-time-format.js; server/services/reschedule-link.js; server/routes/admin-sms-templates.js; server/services/call-booking-source-actions.js; server/services/scheduler.js; server/services/messaging/compliance-contact-checks.js; server/config/feature-gates.js; server/services/sms-suggest-mode.js; server/services/sms-auto-send.js; server/utils/cron-lock.js; server/services/composer-customer-links.js; server/routes/admin-contracts.js; server/services/review-request.js; server/services/short-url.js; server/services/appointment-card-request.js; server/services/lead-estimate-link.js; server/services/prep-guide-sender.js; server/config/index.js; server/services/conversations.js; server/services/inbound-sms-read.js; server/services/reservice-scheduler.js; server/services/reservice-link.js; server/services/customer-contact.js; server/routes/appointment-public.js; server/services/link-library.js; server/services/collections/outbound-voice/gates.js; server/services/collections/outbound-voice/retention.js; server/services/collections/case-lock.js; server/services/collections/outbound-voice/origination.js; server/services/collections/outbound-voice/dial-sweep.js
server/routes/admin-compliance-v2.js,,,,,"adminAuthenticate,requireAdmin:42",; ,,server/models/db.js; server/services/compliance.js; server/middleware/admin-auth.js; server/utils/date-only.js
server/routes/admin-compliance.js,,,,,"adminAuthenticate,requireAdmin:8",; ,,server/models/db.js; server/services/application-limits.js; server/middleware/admin-auth.js; server/utils/datetime-et.js
server/routes/admin-content-registry.js,,,,,"adminAuthenticate,requireAdmin:9",; ,,server/middleware/admin-auth.js; server/services/content/content-registry.js; server/services/content/content-registry-admin.js
server/routes/admin-content-v2.js,,,,GET/default https://fawn.ifas.ufl.edu/controller.php/lastObservation/summary/:1107; GET/default https://fawn.ifas.ufl.edu/controller.php/lastObservation/summary/:1157,"adminAuthenticate,requireAdmin:17",; setInterval None:922,,server/models/db.js; server/middleware/admin-auth.js; server/services/content/blog-writer.js; server/services/content/blog-auditor.js; server/services/logger.js; server/config/models.js; server/services/llm/call.js; server/utils/datetime-et.js; server/services/content-astro/spoke-sites.js; server/services/content/autonomous-review-queue.js; server/services/content/internal-link-review-queue.js; server/config/feature-gates.js; server/services/content/image-generator.js; server/services/content-astro/author-service.js; server/services/content/autonomous-runner.js; server/services/seo/gsc-opportunity-miner.js; server/services/content/topic-targeting-gate.js; server/services/content-astro/astro-publisher.js; server/services/content-astro/pages-poll.js; server/services/content/blog-share-gate.js; server/services/social-media.js; server/services/content-scheduler.js; server/services/content/content-agent.js
server/routes/admin-contracts.js,,,,,"adminAuthenticate,requireAdmin:28",; ,,server/models/db.js; server/services/logger.js; server/utils/customer-comms-lock.js; server/middleware/admin-auth.js; server/services/autopay-log.js; server/services/document-contract-delivery.js; server/services/contracts.js
server/routes/admin-credentials.js,,,,,"adminAuthenticate,requireAdmin:19",; ,,server/models/db.js; server/services/logger.js; server/middleware/admin-auth.js
server/routes/admin-csr.js,,,,,"adminAuthenticate,requireAdmin:11",; ,,server/models/db.js; server/middleware/admin-auth.js; server/services/csr/csr-coach.js; server/utils/datetime-et.js
server/routes/admin-customer-duplicates.js,,,,,"adminAuthenticate,requireAdmin:27",; ,,server/models/db.js; server/services/logger.js; server/middleware/admin-auth.js; server/services/customer-dedupe.js; server/services/customer-properties.js
server/routes/admin-customer-intel.js,,,,,"adminAuthenticate,requireTechOrAdmin:12",; ,,server/models/db.js; server/middleware/admin-auth.js; server/services/customer-intelligence/signal-detector.js; server/services/customer-intelligence/health-scorer.js; server/services/customer-intelligence/retention-engine.js; server/services/logger.js; server/utils/datetime-et.js; server/services/messaging/send-customer-message.js; server/services/customer-health.js
server/routes/admin-customer-turf-profile.js,,,,,adminAuthenticate:27; requireTechOrAdmin:28,; ,,server/models/db.js; server/middleware/admin-auth.js; server/services/logger.js; server/services/irrigation-schedule-confirmation.js; server/services/customer-pricing-ai.js
server/routes/admin-customers.js,,,,,"adminAuthenticate,requireTechOrAdmin:34",; ,,server/constants/contact-roles.js; server/models/db.js; server/utils/datetime-et.js; server/services/lead-scorer.js; server/services/pipeline-manager.js; server/middleware/admin-auth.js; server/services/logger.js; server/services/customer-stages.js; server/utils/address-normalizer.js; server/services/customer-address-match.js; server/services/audit-log.js; server/utils/customer-comms-lock.js; server/services/invoice-helpers.js; server/services/photos.js; server/routes/estimate-public.js; server/services/account-membership-email.js; server/services/prepaid-series.js; server/services/short-url.js; server/utils/portal-url.js; server/services/contracts.js; server/services/customer-credit.js; server/utils/intake-normalize.js; server/services/membership-state.js; server/services/recurring-appointment-seeder.js; server/services/estimate-converter.js; server/routes/public-quote.js; server/services/customer-default-rows.js; server/services/customer-properties.js; server/services/waveguard-existing-services.js; server/config/feature-gates.js; server/config/twilio-numbers.js; server/services/estimate-deposits.js; server/services/estimate-payment-context.js; server/services/estimate-manual-acceptance.js; server/services/cancellation-resolution/index.js; server/services/annual-prepay-estimate-suggestion.js; server/services/billing-lane.js; server/services/plan-rate-ledger.js; server/services/geocoder.js; server/services/notification-service.js; server/services/no-cost-visit-types.js; server/services/pay-combined.js; server/services/customer-address-fanout.js; server/services/customer-email-fanout.js; server/services/customer-contact-fanout.js; server/services/lead-first-touch-resume.js; server/services/self-booking-plan-sync.js; server/services/service-contact-events.js; server/services/customer-health.js; server/services/newsletter-subscribers.js; server/services/payer.js; server/services/secure-appointment-plans.js; server/services/annual-prepay-renewals.js; server/services/invoice.js; server/services/billing-pause.js; server/services/stripe.js; server/services/customer-offboarding.js; server/services/admin-cancellation.js
server/routes/admin-dashboard-ops.js,,,,GET/default <computed>:237,"adminAuthenticate,requireTechOrAdmin:9",; ,,server/models/db.js; server/services/logger.js; server/middleware/admin-auth.js; server/utils/datetime-et.js; server/services/messaging/send-customer-message.js; server/services/inbound-sms-read.js; server/services/bi-agent.js
server/routes/admin-dashboard.js,,,,,"adminAuthenticate,requireAdmin:54",; ,<computed>:30,server/models/db.js; server/services/logger.js; server/middleware/admin-auth.js; server/utils/datetime-et.js; server/utils/route-cache.js; server/services/voice-agent/relay-protocol.js; server/services/intelligence-bar/dashboard-tools.js; server/services/mrr-breakdown.js; server/services/lead-attribution.js; server/services/customer-stages.js; server/services/retention-cohort.js; server/services/autopay-eligibility.js; server/services/ai-chart-builder.js; server/services/analytics-sql-sandbox.js; server/services/feature-flags.js; server/utils/attribution-fresh-start.js; server/services/review-reply/draft-prefix.js; server/services/lead-statuses.js; server/services/mrr-snapshot.js; server/config/locations.js; server/services/mrr-bridge.js; server/services/kpi-snapshot.js; server/services/ebitda-bridge.js; server/services/referral-engine.js; server/services/billing-lane.js; server/services/churn-pareto.js; server/services/lead-funnel.js; server/routes/admin-ads.js; server/services/dashboard-alerts.js; server/utils/base64-validate.js
server/routes/admin-data-hygiene.js,,,,,"adminAuthenticate,requireAdmin:26",; ,,server/models/db.js; server/middleware/admin-auth.js; server/config/feature-gates.js; server/services/data-hygiene/index.js; server/services/audit-log.js; server/services/data-hygiene/sensitive-vault.js; server/services/data-hygiene/auto-apply.js
server/routes/admin-dev-dispatch-alert.js,,,,,"devOnly,adminAuthenticate,requireAdmin:36",; ,,server/middleware/admin-auth.js; server/services/dispatch-alerts.js; server/services/logger.js
server/routes/admin-dev-job-status.js,,,,,"devOnly,adminAuthenticate,requireAdmin:39",; ,,server/middleware/admin-auth.js; server/services/job-status.js; server/services/logger.js
server/routes/admin-dev-tech-status.js,,,,,"devOnly,adminAuthenticate,requireAdmin:36",; ,,server/middleware/admin-auth.js; server/services/tech-status.js; server/services/logger.js
server/routes/admin-discounts.js,,,,,"adminAuthenticate,requireTechOrAdmin:11",; ,,server/models/db.js; server/middleware/admin-auth.js; server/services/discount-engine.js; server/services/logger.js; server/utils/datetime-et.js; server/services/discount-catalog-classifier.js; server/services/audit-log.js
server/routes/admin-dispatch.js,,,,,"adminAuthenticate,requireTechOrAdmin:205",; ,,server/services/complete-scheduled-service.js; server/models/db.js; server/services/technician-eligibility.js; server/utils/customer-comms-lock.js; server/middleware/admin-auth.js; server/routes/admin-sms-templates.js; server/services/logger.js; server/utils/datetime-et.js; server/utils/sms-time-format.js; server/services/track-transitions.js; server/services/tech-photo.js; server/services/stamped-address.js; server/utils/visit-notes.js; server/utils/mowing-schedule.js; server/utils/last-line-service.js; server/services/completion-recap.js; server/services/recap-visit-context.js; server/services/completion-attempts.js; server/services/property-zones.js; server/services/termite-stations.js; server/services/service-report/zone-drift.js; server/services/autopay-eligibility.js; server/services/dispatch-assignment.js; server/services/service-report/service-line-configs.js; server/services/pest-pressure/store.js; server/services/service-report/tip-library.js; server/services/irrigation-schedule-confirmation.js; server/services/service-report/email-delivery.js; server/services/tree-shrub-assessment.js; server/services/service-completion-profiles.js; server/services/service-report/activity-indicators.js; server/services/typed-followup-obligation.js; server/services/prepaid-series.js; server/services/track-transition-alerts.js; server/utils/service-duration-capture.js; server/services/maps/basemap-provider.js; server/services/service-report/trace-eligibility.js; server/services/service-report/photo-marks.js; server/config/feature-gates.js; server/services/job-costing.js; server/services/estimate-card-holds.js; server/services/appointment-card-request.js; server/services/invoice.js; server/services/job-status.js; server/services/admin-cancellation.js; server/services/cancellation-processor.js; server/routes/admin-schedule.js; server/services/appointment-reminders.js; server/services/visit-cancellation-followthrough.js; server/services/call-booking-source-actions.js; server/services/tech-visit-notifications.js; server/services/outbound-review-confirm.js; server/services/referral-engine.js; server/services/lead-estimate-link.js; server/services/recurring-series-extend.js; server/services/tech-status.js; server/services/notification-service.js; server/services/workflows/missed-appointment.js; server/services/completion-defaults-resolver.js; server/services/scheduling/tech-day-lock.js; server/services/pest-recap.js; server/services/supplies-consumption.js; server/services/visit-groups.js; server/config/models.js; server/services/llm/call.js; server/services/dispatch-alerts.js; server/services/service-photos.js; server/services/service-report/photo-analysis.js; server/services/rebooker.js; server/services/scheduling/window-rules.js; server/services/forecast-analyzer.js; server/services/rain-out.js; server/services/customer-contact.js; server/services/service-report/recap-pipeline.js; server/services/service-report/recap-storage.js; server/services/service-report/recap-media.js; server/services/service-report/recap-delivery.js
server/routes/admin-document-templates.js,,,,,"adminAuthenticate,requireAdmin:30",; ,,server/models/db.js; server/utils/customer-comms-lock.js; server/middleware/admin-auth.js; server/services/contracts.js; server/services/document-template-library.js; server/services/document-template-bulk-send.js; server/services/termite-program-agreement.js
server/routes/admin-drafts.js,,,,,"adminAuthenticate,requireTechOrAdmin:19; :26",; ,,server/models/db.js; server/services/logger.js; server/config/twilio-numbers.js; server/middleware/admin-auth.js; server/services/messaging/send-customer-message.js; server/services/click-followup-gate.js; server/config/feature-gates.js; server/services/campaign-drafts.js; server/services/campaign-drafts-gate.js; server/services/sms-auto-send.js; server/services/twilio.js; server/services/composer-customer-links.js; server/services/pricing-authority-gate.js; server/services/estimate-clarify-asks.js; server/services/lead-estimate-link.js
server/routes/admin-email-templates.js,,,,,"adminAuthenticate,requireAdmin:12",; ,,server/models/db.js; server/middleware/admin-auth.js; server/services/sendgrid-mail.js; server/services/email-template-library.js; server/services/email-template-automation-executor.js; server/config/feature-gates.js; server/utils/portal-url.js; server/utils/internal-email-recipients.js
server/routes/admin-email.js,,,,,adminAuthenticateExceptOauthCallback:37,; ,,server/models/db.js; server/middleware/admin-auth.js; server/services/email/gmail-client.js; server/services/email/email-sync.js; server/services/email/email-classifier.js; server/services/email/email-actions.js; server/services/email/spam-blocker.js; server/services/logger.js; server/utils/portal-url.js; server/services/staff-oauth-state.js; server/services/intelligence-bar/email-tools.js; server/services/email/inbox-hygiene.js
server/routes/admin-equipment-maintenance.js,,,,,"adminAuthenticate,requireTechOrAdmin:14; :19",; ,,server/models/db.js; server/middleware/admin-auth.js; server/services/logger.js; server/services/equipment-maintenance.js
server/routes/admin-equipment-systems.js,,,,,adminAuthenticate:36; requireTechOrAdmin:37,; ,,server/models/db.js; server/middleware/admin-auth.js; server/services/logger.js; server/services/equipment-reconciliation.js
server/routes/admin-equipment.js,,,,,"adminAuthenticate,requireTechOrAdmin:16",; ,,server/models/db.js; server/middleware/admin-auth.js; server/services/logger.js; server/services/equipment-maintenance.js; server/utils/datetime-et.js
server/routes/admin-estimate-slots.js,,,,,"adminAuthenticate,requireTechOrAdmin:31",; ,,server/middleware/admin-auth.js; server/services/logger.js; server/services/estimate-slot-availability.js
server/routes/admin-estimates.js,,,,,"adminAuthenticate,requireTechOrAdmin:765; :777",; ,,server/models/db.js; server/utils/estimate-claim-sql.js; server/routes/admin-sms-templates.js; server/middleware/admin-auth.js; server/services/logger.js; server/services/short-url.js; server/utils/estimate-handoff-token.js; server/services/estimate-lead-linkage.js; server/services/email-template.js; server/services/messaging/send-customer-message.js; server/services/estimate-delivery-options.js; server/services/email-template-library.js; server/services/sendgrid-mail.js; server/utils/route-cache.js; server/services/estimate-pricing-cache.js; server/services/estimate-pricing-audit.js; server/services/pricing-engine/constants.js; server/services/lead-estimate-link.js; server/constants/business.js; server/services/email-fallback-gate.js; server/services/estimate-manual-acceptance.js; server/services/proposal-win.js; server/services/triage-auto-resolve.js; server/services/admin-estimate-persistence.js; server/services/pricing-engine/v1-legacy-mapper.js; server/services/estimate-service-lines.js; server/services/estimate-proposal.js; server/services/pdf/estimate-pdf.js; server/routes/estimate-public.js; server/services/lead-estimate-auto-send.js; server/services/lawn-service-outline.js; server/config/feature-gates.js; server/services/pricing-authority-gate.js; server/services/notification-service.js; server/services/estimate-membership-context.js; server/routes/admin-customers.js; server/services/estimate-service-opt-out.js; server/services/waveguard-existing-services.js; server/services/estimate-clarify-asks.js; server/services/sms-auto-send.js; server/services/pdf/estimate-doc-pdf.js; server/services/estimate-learning.js; server/services/automation-runner.js; server/services/estimate-actuals.js; server/services/estimate-winloss.js; server/services/estimate-source-performance.js; server/services/estimate-proposal-generate.js; server/services/payer.js; server/services/estimate-proposal-billing.js; server/services/estimate-acceptance-record.js; server/services/estimate-deposits.js; server/services/estimate-disposition.js; server/services/estimate-conversion-guard.js; server/services/estimate-extension.js; server/services/slot-reservation.js
server/routes/admin-feature-flags.js,,,,,"adminAuthenticate,requireTechOrAdmin:13",; ,,server/models/db.js; server/middleware/admin-auth.js; server/services/feature-flags.js; server/services/visual-service-notes.js
server/routes/admin-gbp.js,,,,GET/default <computed>:236; PATCH <computed>:447; GET/default <computed>:731,"adminAuthenticate,requireAdmin:13",; ,,server/models/db.js; server/services/google-business.js; server/middleware/admin-auth.js; server/config/locations.js; server/services/logger.js
server/routes/admin-geofence.js,,,,,"adminAuthenticate,requireAdmin:13",; ,,server/models/db.js; server/services/logger.js; server/middleware/admin-auth.js
server/routes/admin-health.js,,,,,adminAuthenticate:24; :92,; ,,server/middleware/admin-auth.js; server/models/db.js; server/services/logger.js; server/services/customer-health.js; server/services/health-alerts.js; server/services/customer-intelligence/quiet-customers.js
server/routes/admin-ical-history.js,,,,,"adminAuthenticate,requireTechOrAdmin:10",; ,,server/middleware/admin-auth.js
server/routes/admin-import-sheets.js,,,,GET/default <computed>:35; GET/default <computed>:93; GET/default https://docs.google.com/spreadsheets/d/1GbZ8KGMdJr8_DsRsW5qsshZSJaiKivg8ZR9Fz09lnb0/gviz/tq?tqx=out:csv&gid=24910236:214,"adminAuthenticate,requireAdmin:8",; ,,server/models/db.js; server/middleware/admin-auth.js; server/services/logger.js; server/routes/admin-inventory.js
server/routes/admin-integrations.js,,,,,adminAuthenticate:6; requireAdmin:7,; ,,server/middleware/admin-auth.js; server/services/integration-health.js
server/routes/admin-intelligence-bar.js,,,missing_city=Missing Cities:2970; pest_overdue=Pest Overdue:2971; lawn_overdue=Lawn Overdue:2972; at_risk=At Risk:2973; no_email=Missing Emails:2974; high_balance=Outstanding Balances:2975; duplicates=Duplicates:2976; win_back=Win Back:2977; schedule_gaps=Schedule Gaps:2978; tech_performance=Tech Performance:2979; day_briefing=Day Briefing:2983; truck=Where's the Truck:2984; find_time=Find a Time:2985; gaps_this_week=Gaps This Week:2986; optimize=Optimize Routes:2987; zone_density=Zone Density:2988; far_out=Far-Out Appointments:2989; unassigned=Unassigned Stops:2990; overdue_no_appt=Overdue + No Appt:2991; pest_overdue_sched=Pest Overdue:2992; briefing=Morning Briefing:2996; this_vs_last=This vs Last Week:2997; mrr=MRR Trend:2998; close_rate=Close Rate:2999; revenue_by_service=Revenue by Service:3000; churn=Churn Check:3001; lead_sources=Lead Sources:3002; balances=Outstanding Balances:3003; infra_check=Infra Check:3004; error_check=Error Check:3005; shipped_today=What Shipped:3006; integrations_check=Integrations Check:3007; agent_runs=Agent Runs:3008; cron_health=Cron Health:3009; concept_map=Concept Map:3013; entity_gaps=Entity Gaps:3014; drops=Ranking Drops:3015; top_queries=Top Queries:3016; decay=Content Decay:3017; refresh_score=Refresh Priority:3018; content_brief=Content Brief:3019; content_pipe=Content Pipeline:3020; build=Build Estimate:3025; property=Verify Property:3026; margin=Check Margin:3027; protocol=Protocol + Stock:3028; grass=Grass Type:3029; palms=Count Palms:3030; unpriced=Unpriced Products:3040; cheapest=Cheapest Sources:3041; herbicides=Herbicide Prices:3042; approvals=Approval Queue:3043; compare=Compare Vendors:3044; margins=Margin Analysis:3045; trends=Price Trends:3046; price_check=Run Price Check:3047; low_stock=Low Stock:3048; restock_queue=Restock Queue:3049; stock_count=Log Stock Count:3050; overview=Revenue Overview:3054; compare=This vs Last Month:3055; quarter=Quarter View:3056; service_lines=Service Line P&L:3057; tech_perf=Tech RPMH:3058; top_customers=Top 10 Customers:3059; ad_roi=Ad ROI:3060; low_margin=Low Margin Alert:3061; stripe_drafts=Stripe Drafts:3062; route=Today's Route:3066; next=What's Next?:3067; remaining=How Many Left?:3068; weather=Spray Check:3069; protocol=Pest Protocol:3070; lawn_protocol=Lawn Protocol:3071; stats=Review Stats:3075; unresponded=Needs Reply:3076; negative=Negative Reviews:3077; trends=Review Trends:3078; by_location=By Location:3079; draft_all=Draft Replies:3080; outreach=Outreach Candidates:3081; velocity=Velocity Pipeline:3082; unanswered=Unanswered:3086; today=Today's Activity:3087; calls=Recent Calls:3088; stats=SMS Stats:3089; csr=CSR Coach:3090; search=Search Messages:3091; deliverability=Email Deliverability:3092; overview=Tax Overview:3096; pnl=P&L:3097; quarterly=Quarterly Estimate:3098; deadlines=Deadlines:3099; expenses=Expenses YTD:3100; equipment=Depreciation:3101; mileage=Mileage:3102; ar=A/R Aging:3103; advisor=Run Advisor:3104; overview=Pipeline Overview:3108; new_leads=New Leads:3109; stale=Stale Leads:3110; funnel=Funnel:3111; sources=Source ROI:3112; lost=Lost Analysis:3113; response=Response Times:3114; cleanup=Pipeline Cleanup:3115; summary=Inbox Summary:3119; unread=Unread:3120; invoices=Vendor Invoices:3121; leads=Email Leads:3122; blocked=Blocked Senders:3123; stats=Email Stats:3124; quote_address=Quote an Address:3128; commercial=Commercial Scenario:3129; comp_check=Find Comps:3130; recent_changes=Recent Pricing Changes:3131; review_drafts=My Agent Drafts:3132; balance=Stripe Balance:3136; payouts=Recent Payouts:3137; cash_flow=Cash Flow:3138; fees=Fee Analysis:3139; reconcile=Reconciliation:3140; export=Export:3141,,"adminAuthenticate,requireTechOrAdmin:87",; ,<computed>:481,server/models/db.js; server/middleware/admin-auth.js; server/services/intelligence-bar/tools.js; server/services/intelligence-bar/threads.js; server/services/intelligence-bar/history-tools.js; server/services/intelligence-bar/authorization-contract.js; server/config/feature-gates.js; server/services/intelligence-bar/schedule-tools.js; server/services/intelligence-bar/dashboard-tools.js; server/services/intelligence-bar/seo-tools.js; server/services/intelligence-bar/procurement-tools.js; server/services/intelligence-bar/revenue-tools.js; server/services/intelligence-bar/tech-tools.js; server/services/intelligence-bar/review-tools.js; server/services/intelligence-bar/comms-tools.js; server/services/intelligence-bar/tax-tools.js; server/services/intelligence-bar/leads-tools.js; server/services/intelligence-bar/email-tools.js; server/services/intelligence-bar/banking-tools.js; server/services/intelligence-bar/estimate-tools.js; server/services/intelligence-bar/ops-tools.js; server/services/intelligence-bar/sentry-ops-tools.js; server/services/intelligence-bar/cloudflare-ops-tools.js; server/services/intelligence-bar/twilio-ops-tools.js; server/services/intelligence-bar/stripe-ops-tools.js; server/services/intelligence-bar/github-ops-tools.js; server/services/intelligence-bar/store-ops-tools.js; server/services/intelligence-bar/growthbook-tools.js; server/services/intelligence-bar/google-ads-ops-tools.js; server/services/intelligence-bar/token-health-tools.js; server/services/intelligence-bar/sendgrid-ops-tools.js; server/services/intelligence-bar/dataforseo-ops-tools.js; server/services/intelligence-bar/gbp-ops-tools.js; server/services/intelligence-bar/ga4-ops-tools.js; server/services/intelligence-bar/meta-ads-ops-tools.js; server/services/intelligence-bar/bouncie-ops-tools.js; server/services/intelligence-bar/apify-ops-tools.js; server/services/intelligence-bar/social-ops-tools.js; server/services/intelligence-bar/managed-agents-ops-tools.js; server/services/intelligence-bar/job-health-tools.js; server/services/intelligence-bar/closeout-tools.js; server/services/intelligence-bar/call-research-tools.js; server/services/intelligence-bar/write-gates.js; server/services/intelligence-bar/pending-actions.js; server/services/intelligence-bar/circuit-breaker.js; server/services/intelligence-bar/tool-events.js; server/services/feature-flags.js; server/services/agent-estimate-memory.js; server/services/agent-estimate-preview.js; server/services/logger.js; server/services/technician-eligibility.js; server/utils/datetime-et.js; server/config/models.js; server/utils/base64-validate.js; server/services/customer-email-fanout.js; server/services/customer-contact-fanout.js; server/services/intelligence-bar/proposal-pins.js; server/services/inspection-credit.js; server/services/rebooker.js; server/services/visit-groups.js; server/services/customer-contact.js; server/services/email/spam-blocker.js
server/routes/admin-inventory.js,,,prodiamine_65_wdg=Prodiamine 65 WDG:631; celsius_wg=Celsius WG:632; sedgehammer_plus=SedgeHammer Plus:633; headway=Headway:634; lesco_24_0_11=LESCO 24-0-11:635; lesco_24_2_11=LESCO 24-2-11:636; chelated_iron=Chelated Iron Plus:637; high_mn_combo=High Mn Combo:638; medallion_sc=Medallion SC:639; acelepryn_xtra=Acelepryn Xtra:640; speedzone_southern=SpeedZone Southern:641; k_flow=K-Flow 0-0-25:642; primo_maxx=Primo Maxx:643; dismiss=Dismiss:644; carbonpro_l=CarbonPro-L:645; hydretain=Hydretain:646; talstar=Talstar:647; arena_50_wdg=Arena 50 WDG:648; atrazine_4l=Atrazine 4L:649; three_way=Three-Way:650; bio_kmag=LESCO 0-0-18 Bio KMAG:651; lesco_elite_0_0_28=LESCO Elite 0-0-28:652; armada_50_wdg=Armada 50 WDG:653; bifen_it=Bifen I/T:654; dylox_420_sl=Dylox 420 SL:655; topchoice=Topchoice Granular Insecticide:656; drive_xlr8=Drive XLR8:657; torque_sc=Torque SC:658; dispatch=Dispatch wetting agent:659; anuew_ez=Anuew EZ:660; green_flo_ca=Green Flo 6-0-0 Ca:661; green_flo_phyte=Green Flo Phyte Plus 0-0-26:662; moisture_manager=Moisture Manager:663,,"adminAuthenticate,requireTechOrAdmin:30; :59",; ,,server/models/db.js; server/middleware/admin-auth.js; server/services/vendor-pricing-eligibility.js; server/services/procurement/live-restock-request.js; server/services/procurement/auto-reorder.js; server/services/logger.js; server/config/models.js; server/services/waveguard-inventory-forecast.js; server/services/vendor-credentials.js; server/services/inventory-units.js; server/services/inventory-unit-review.js; server/services/product-costing.js; server/services/price-sync.js; server/config/protocols.json; server/services/procurement/order-dispatch.js; server/services/seo/signup-evidence.js; server/services/service-report/service-line-configs.js
server/routes/admin-invoices.js,,,,,"adminAuthenticate,requireTechOrAdmin:21; :31",; ,,server/middleware/admin-auth.js; server/services/invoice.js; server/services/invoice-attachments.js; server/models/db.js; server/services/invoice-manual-payment.js; server/services/logger.js; server/utils/datetime-et.js; server/services/short-url.js; server/services/invoice-helpers.js; server/services/customer-credit.js; server/services/payment-plans.js; server/services/invoice-ai-summary.js; server/services/customer-contact.js; server/utils/portal-url.js; server/services/annual-prepay-renewals.js; server/services/invoice-followups.js; server/services/payer.js; server/services/customer-default-rows.js; server/services/open-balance.js; server/services/zelle-notice-reconciler.js; server/services/notification-service.js; server/services/scheduled-invoice-mint.js; server/services/setup-fee-alert-reconcile.js; server/services/invoice-email.js; server/services/stripe.js; server/services/review-request.js; server/services/project-report-hold.js; server/services/payment-lifecycle-email.js; server/config/invoice-followups.js
server/routes/admin-job-costs.js,,,,,"adminAuthenticate,requireAdmin:16",; ,,server/models/db.js; server/middleware/admin-auth.js; server/services/job-costing.js
server/routes/admin-job-expenses.js,,,,,"adminAuthenticate,requireAdmin:23",; ,,server/models/db.js; server/config/index.js; server/services/logger.js; server/utils/datetime-et.js; server/utils/tax-period.js; server/middleware/admin-auth.js; server/services/job-costing.js
server/routes/admin-job-forms.js,,,,,"adminAuthenticate,requireTechOrAdmin:14",; ,,server/models/db.js; server/services/logger.js; server/middleware/admin-auth.js
server/routes/admin-kb.js,,,,,"adminAuthenticate,requireTechOrAdmin:7",; ,,server/middleware/admin-auth.js; server/services/knowledge-base.js; server/services/logger.js
server/routes/admin-knowledge-bridge.js,,,,,adminAuthenticate:15,; ,,server/middleware/admin-auth.js; server/services/logger.js; server/services/knowledge-bridge.js
server/routes/admin-knowledge.js,,,,,"adminAuthenticate,requireTechOrAdmin:10",; ,,server/models/db.js; server/middleware/admin-auth.js; server/services/knowledge/wiki-compiler.js; server/services/knowledge/wiki-qa.js; server/services/knowledge/wiki-linter.js; server/services/logger.js
server/routes/admin-kpi-targets.js,,,,,"adminAuthenticate,requireAdmin:27",; ,,server/models/db.js; server/middleware/admin-auth.js; server/utils/route-cache.js; server/services/kpi-snapshot.js
server/routes/admin-lawn-assessment.js,,,,,adminAuthenticate:273; requireTechOrAdmin:274,; ,,server/models/db.js; server/middleware/admin-auth.js; server/services/logger.js; server/services/lawn-assessment.js; server/services/knowledge-bridge.js; server/services/lawn-intelligence.js; server/services/lawn-photo-merge.js; server/services/service-report/lawn-seasonality.js; server/services/service-report/application-conditions.js; server/services/lawn-grass-context.js; server/services/lawn-protocol-operating-layer.js; server/services/photos.js; server/config/index.js; server/utils/datetime-et.js; server/services/vision-delta.js; server/services/customer-address-fanout.js; server/services/customer-pricing-ai.js; server/services/irrigation-schedule-confirmation.js; server/services/agronomic-wiki.js
server/routes/admin-leads.js,,,,,"adminAuthenticate,requireAdmin:109; :204",; ,,server/models/db.js; server/services/technician-eligibility.js; server/services/customer-stages.js; server/utils/customer-comms-lock.js; server/services/scheduling/window-rules.js; server/middleware/admin-auth.js; server/services/lead-attribution.js; server/services/lead-estimate-link.js; server/services/lead-funnel-bridge.js; server/services/logger.js; server/utils/datetime-et.js; server/services/internal-test-customers.js; server/utils/speed-to-lead-fresh-start.js; server/routes/admin-customers.js; server/services/customer-default-rows.js; server/utils/intake-normalize.js; server/services/lead-statuses.js; server/services/dashboard-alerts.js; server/services/voice-agent/relay-protocol.js; server/services/messaging/send-customer-message.js; server/services/scheduling/occupancy.js; server/services/customer-properties.js; server/services/visit-groups.js; server/services/inspection-credit.js; server/services/tech-visit-notifications.js; server/services/estimator-engine/booking-predraft.js; server/services/lead-response-agent.js
server/routes/admin-mileage.js,,,,,"adminAuthenticate,requireAdmin:18",; ,,server/models/db.js; server/middleware/admin-auth.js; server/services/logger.js; server/services/bouncie-mileage.js; server/utils/datetime-et.js; server/services/pnl-report.js; server/services/bouncie.js
server/routes/admin-newsletter.js,,,,,"adminAuthenticate,requireAdmin:53",; ,,server/models/db.js; server/middleware/admin-auth.js; server/services/logger.js; server/services/sendgrid-mail.js; server/services/newsletter-sender.js; server/services/newsletter-subscribers.js; server/services/newsletter-confirm.js; server/services/email-template.js; server/config/models.js; server/config/newsletter-types.js; server/services/event-freshness.js; server/utils/datetime-et.js; server/services/newsletter-validator.js; server/services/newsletter-draft.js; server/services/newsletter-event-selection.js; server/services/newsletter-autopilot.js; server/services/newsletter-analytics.js; server/utils/internal-email-recipients.js; server/services/llm/call.js; server/services/newsletter-proof.js; server/services/newsletter-feedback.js; server/services/newsletter-event-clicks.js; server/services/newsletter-quiz.js; server/services/newsletter-portfolio.js; server/services/event-dedup.js; server/services/event-duplicates.js
server/routes/admin-notification-events.js,,,,,"adminAuthenticate,requireTechOrAdmin:7",; ,,server/models/db.js; server/middleware/admin-auth.js; server/config/notification-events.js
server/routes/admin-notifications.js,,,,,adminAuthenticate:15,; ,,server/models/db.js; server/services/logger.js; server/middleware/admin-auth.js; server/services/notification-service.js; server/services/push-notifications.js; server/services/dashboard-alerts.js; server/services/notification-bell-policy.js; server/services/admin-unread.js; server/utils/datetime-et.js
server/routes/admin-payers.js,,,,,"adminAuthenticate,requireAdmin:26",; ,,server/middleware/admin-auth.js; server/services/payer.js; server/services/logger.js; server/models/db.js; server/config/feature-gates.js; server/services/payer-statements.js; server/services/payer-statement-email.js; server/services/stripe.js; server/services/payer-statement-settle.js; server/services/payer-ar.js; server/services/payer-statement-followups.js
server/routes/admin-payments-reconcile.js,,,,,"adminAuthenticate,requireAdmin:15",; ,,server/middleware/admin-auth.js; server/models/db.js; server/services/logger.js; server/utils/datetime-et.js; server/services/audit-log.js; server/services/invoice-helpers.js; server/services/stripe-pricing.js; server/services/pay-combined.js; server/services/payment-plans.js; server/services/annual-prepay-renewals.js; server/services/billing-pause.js
server/routes/admin-pest-pressure.js,,,,,"adminAuthenticate,requireAdmin:32",; ,,server/models/db.js; server/services/logger.js; server/middleware/admin-auth.js; server/services/audit-log.js; server/services/pest-pressure/config.js; server/services/pest-pressure/calculate.js; server/services/pest-pressure/store.js; server/services/pest-pressure/orchestrate.js
server/routes/admin-photo-assessments.js,,,,,"adminAuthenticate,requireAdmin:57",; ,,server/models/db.js; server/services/logger.js; server/middleware/admin-auth.js; server/services/lawn-assessment.js; server/services/lawn-diagnostic-report.js; server/services/lawn-diagnostic-analyze.js; server/routes/public-lawn-diagnostic.js; server/services/pest-identification.js; server/services/assessment-report-email.js; server/utils/funnel-photos.js; server/utils/public-report-egress.js; server/utils/portal-url.js; server/utils/datetime-et.js; server/services/photos.js; server/config/feature-gates.js
server/routes/admin-pipeline.js,,,,,"adminAuthenticate,requireAdmin:29",; ,,server/models/db.js; server/middleware/admin-auth.js; server/services/pipeline-opportunities.js
server/routes/admin-price-change.js,,,,,"adminAuthenticate,requireAdmin:17",; ,,server/middleware/admin-auth.js; server/services/logger.js; server/services/price-change-notices.js
server/routes/admin-price-match.js,,,,,"adminAuthenticate,requireAdmin:14",; ,,server/models/db.js; server/middleware/admin-auth.js; server/services/logger.js; server/services/price-scan/price-match-draft.js; server/services/price-scan/weekly-scan.js; server/utils/cron-lock.js
server/routes/admin-pricing-config.js,,,,,"adminAuthenticate,requireAdmin:15",; ,,server/models/db.js; server/services/logger.js; server/middleware/admin-auth.js; server/services/product-costing.js; server/services/pricing-engine/constants.js; server/services/pricing-engine/index.js; server/services/pricing-engine/db-bridge.js; server/services/discount-engine.js; server/services/pest-production-calibration.js; server/config/feature-gates.js
server/routes/admin-pricing-proposals.js,,,,,"adminAuthenticate,requireAdmin:14",; ,,server/models/db.js; server/services/logger.js; server/middleware/admin-auth.js; server/services/pricing-engine/db-bridge.js; server/routes/admin-pricing-config.js
server/routes/admin-pricing-reality-check.js,,,,,"adminAuthenticate,requireAdmin:9",; ,,server/middleware/admin-auth.js; server/services/pricing-reality-check.js
server/routes/admin-pricing-strategy.js,,,,,"adminAuthenticate,requireAdmin:24",; ,,server/models/db.js; server/middleware/admin-auth.js; server/services/pricing-intelligence.js; server/services/logger.js; server/services/messaging/send-customer-message.js; server/services/sms-template-renderer.js
server/routes/admin-projects.js,,,"${…}treatment_method=${…}Method of treatment:632; ${…}product=${…}Product used:633; ${…}active_ingredient=${…}${…}:634; ${…}coverage=${…}${…}:640; customer=Customer:662; project_type=Report title or type:663; findings=Findings captured:664; wdo_property_address=Property inspected:669; wdo_finding=FDACS finding selected:670; wdo_inspection_scope=Visible/access scope:671; cert_treatment_address=Treatment address (or lot/block):677; cert_treatment_date=Date of treatment:678; cert_applicator_name=Applicator's printed name:687; cert_applicator_fdacs_id=Applicator FDACS ID #:688; cert_applicator_attestation=Applicator attestation (electronic signature):691; ti_areas_not_inspected=Areas not inspected / why (""None"" if all visible areas were inspected):705; ti_inspection_notice_affixed=Inspection notice affixed (""Yes"" required):708; tt_treatment_method=Treatment method:718; tt_epa_registration=EPA reg. no.:719; tt_percent_solution=% solution:732",,"adminAuthenticate,requireTechOrAdmin:75",; ,,server/models/db.js; server/config/index.js; server/services/logger.js; server/config/models.js; server/services/llm/call.js; server/middleware/admin-auth.js; server/services/project-types.js; server/services/service-completion-profiles.js; server/services/property-lookup/ai-property-lookup.js; server/services/property-lookup/wdo-history-lookup.js; server/services/service-library.js; server/services/messaging/send-customer-message.js; server/services/sms-template-renderer.js; server/services/project-email.js; server/utils/datetime-et.js; server/services/project-report-links.js; server/services/report-followup-appointment.js; server/services/project-completion.js; server/services/pdf/wdo-report-pdf.js; server/services/wdo-report-copies.js; server/services/customer-contact.js; server/services/pdf/addendum-photo.js; server/services/pdf/invoice-pdf.js; server/services/invoice.js; server/services/scheduled-invoice-mint.js; server/services/short-url.js; server/utils/portal-url.js; server/config/feature-gates.js; server/services/wdo-inspection-fee.js; server/services/completion-comms-context.js; server/services/payer.js; server/services/customer-credit.js; server/services/job-costing.js
server/routes/admin-property-lookup.js,,,,,"adminAuthenticate,requireTechOrAdmin:7",; ,,server/middleware/admin-auth.js; server/services/logger.js; server/routes/property-lookup-v2.js; server/services/satellite-analyzer.js
server/routes/admin-protocols.js,,,,,"adminAuthenticate,requireTechOrAdmin:28",; ,,server/models/db.js; server/middleware/admin-auth.js; server/utils/datetime-et.js; server/services/waveguard-plan-engine.js; server/services/protocol-matcher.js; server/services/job-card.js; server/services/technician-visit-scope.js; server/services/service-report/action-scope.js; server/services/lawn-protocol-operating-layer.js; server/config/protocols.json
server/routes/admin-push.js,,,,,"adminAuthenticate,requireTechOrAdmin:59",; ,,server/models/db.js; server/services/logger.js; server/services/notification-triggers.js; server/services/notification-bell-policy.js; server/services/push-notifications.js; server/middleware/admin-auth.js
server/routes/admin-referrals-v2.js,,,,,"adminAuthenticate,requireAdmin:11",; ,,server/models/db.js; server/middleware/admin-auth.js; server/services/logger.js; server/services/referral-engine.js
server/routes/admin-referrals.js,,,,GET/default ${…}?${…}:96,"adminAuthenticate,requireAdmin:10",; ,,server/models/db.js; server/middleware/admin-auth.js; server/services/logger.js; server/services/messaging/send-customer-message.js; server/services/sms-template-renderer.js; server/services/twilio.js
server/routes/admin-requests.js,,,,,"adminAuthenticate,requireTechOrAdmin:19",; ,,server/models/db.js; server/middleware/admin-auth.js; server/services/logger.js; server/services/account-membership-email.js
server/routes/admin-revenue.js,,,,,"adminAuthenticate,requireTechOrAdmin:13; :14",; ,,server/models/db.js; server/services/mrr-breakdown.js; server/middleware/admin-auth.js; server/utils/datetime-et.js; server/services/pnl-report.js; server/services/service-line.js
server/routes/admin-review-requests.js,,,,,"adminAuthenticate,requireTechOrAdmin:7; :13",; ,,server/middleware/admin-auth.js; server/services/review-request.js; server/models/db.js
server/routes/admin-reviews.js,,,,GET/default https://maps.googleapis.com/maps/api/place/details/json?place_id=${…}&fields=${…}&key=${…}:1103,"adminAuthenticate,requireAdmin:84",; ,,server/models/db.js; server/services/google-business.js; server/services/review-request.js; server/services/review-incentives.js; server/middleware/admin-auth.js; server/config/locations.js; server/services/logger.js; server/utils/datetime-et.js; server/services/customer-contact.js; server/utils/cron-lock.js; server/services/review-outreach-templates.js; server/config/feature-gates.js; server/utils/phone.js; server/services/review-reply/draft-prefix.js; server/services/review-reply/publisher.js; server/services/review-reply/drafter.js; server/services/review-reply/grounding.js; server/services/review-reply/runner.js; server/services/competitor-tracker.js
server/routes/admin-schedule-find-time.js,,,,,"adminAuthenticate,requireTechOrAdmin:34",; ,,server/models/db.js; server/middleware/admin-auth.js; server/services/logger.js; server/services/scheduling/find-time.js; server/services/rain-out.js; server/config/feature-gates.js; server/services/geocoder.js; server/utils/datetime-et.js; server/services/stamped-address.js
server/routes/admin-schedule.js,,,,"GET/default https://api.open-meteo.com/v1/forecast?latitude=27.40&longitude=-82.40&current=temperature_2m,wind_speed_10m,precipitation_probability&temperature_unit=fahrenheit&wind_speed_unit=mph&timezone=America/New_York:4009","adminAuthenticate,requireTechOrAdmin:293; :297",; ,,server/models/db.js; server/services/technician-eligibility.js; server/utils/customer-comms-lock.js; server/services/scheduling/occupancy.js; server/services/twilio.js; server/middleware/admin-auth.js; server/services/logger.js; server/services/llm/call.js; server/config/feature-gates.js; server/services/booking/create-scheduled-service.js; server/services/rebooker.js; server/services/stamped-address.js; server/services/scheduling/day-stops.js; server/services/scheduling/window-rules.js; server/services/invoice-helpers.js; server/services/visit-context/balance.js; server/utils/visit-notes.js; server/services/nextstop-alerts.js; server/utils/last-line-service.js; server/config/models.js; server/services/track-transitions.js; server/utils/service-normalizer.js; server/utils/datetime-et.js; server/services/customer-tracking-eta.js; server/services/autopay-eligibility.js; server/services/billing-lane.js; server/services/no-cost-visit-types.js; server/services/discount-engine.js; server/services/pricing-engine/discount-engine.js; server/services/re-service.js; server/services/project-completion.js; server/services/dispatch-assignment.js; server/services/call-booking-catalog.js; server/services/new-recurring-welcome-sms.js; server/services/track-transition-alerts.js; server/utils/service-duration-capture.js; server/services/service-completion-profiles.js; server/services/service-catalog-names.js; server/services/service-report/activity-indicators.js; server/services/context-aggregator.js; server/services/service-report/technician-report-copy.js; server/services/completion-recap.js; server/services/prepaid-series.js; server/services/recurring-schedule-audit.js; server/services/self-booking-plan-sync.js; server/services/weather-forecast.js; server/services/prepay-cadence.js; server/services/annual-prepay-renewals.js; server/services/technician-visit-scope.js; server/services/recurring-appointment-seeder.js; server/services/scheduling/blackout-dates.js; server/services/scheduling/blackout-nudge.js; server/services/outbound-review-confirm.js; server/services/appointment-reminders.js; server/routes/admin-dispatch.js; server/services/customer-contact.js; server/services/sms-template-renderer.js; server/utils/sms-time-format.js; server/services/visit-groups.js; server/services/invoice.js; server/services/booking/visit-financial-stamps.js; server/services/customer-properties.js; server/services/scheduling/tech-day-lock.js; server/services/pricing-engine/index.js; server/services/pricing-engine/constants.js; server/services/previsit-brief.js; server/services/appointment-tagger.js; server/services/complete-scheduled-service.js; server/services/payer.js; server/services/service-report/trace-eligibility.js; server/services/service-report/photo-marks.js; server/services/pricing-engine/v1-legacy-mapper.js; server/services/estimate-manual-acceptance.js; server/routes/admin-customers.js; server/routes/estimate-public.js; server/services/estimate-converter.js; server/services/inspection-credit.js; server/services/secure-appointment-plans.js; server/services/estimate-property-linkage.js; server/services/tech-visit-notifications.js; server/services/appointment-card-request.js; server/services/lead-estimate-link.js; server/services/customer-stages.js; server/services/geofence-handler.js; server/services/job-status.js; server/services/estimate-card-holds.js; server/services/estimate-deposits.js; server/services/customer-credit.js; server/services/stripe.js; server/services/pay-combined.js; server/services/appointment-address.js; server/services/job-costing.js; server/services/payer-statements.js; server/services/visit-cancellation-followthrough.js; server/services/prepaid-pi-guard.js; server/services/scheduled-invoice-mint.js; server/services/invoice-email.js; server/services/payment-plans.js; server/services/invoice-followups.js; server/services/typed-followup-obligation.js; server/services/call-booking-source-actions.js; server/services/notification-service.js; server/services/compliance.js; server/services/customer-health.js; server/services/time-tracking.js; server/services/route-optimizer.js; server/services/estimate-payment-context.js; server/services/review-request.js; server/services/bouncie.js; server/services/service-report/report-copy-context.js; server/services/tree-shrub-closeout.js; server/services/completion-comms-context.js; server/services/admin-cancellation.js; server/services/estimate-slot-availability.js
server/routes/admin-seo-actions.js,,,,,"adminAuthenticate,requireAdmin:8",; ,,server/models/db.js; server/middleware/admin-auth.js; server/services/seo/seo-action-generator.js; server/services/logger.js
server/routes/admin-seo-diagnosis.js,,,,,"adminAuthenticate,requireAdmin:21",; ,,server/middleware/admin-auth.js; server/services/seo/seo-diagnosis-tools.js; server/models/db.js; server/services/logger.js
server/routes/admin-seo-url-intelligence.js,,,,,"adminAuthenticate,requireAdmin:8",; ,,server/middleware/admin-auth.js; server/services/seo/url-intelligence.js; server/services/seo/seo-pipeline-dispatcher.js; server/services/logger.js; server/models/db.js; server/services/seo/sitemap-validator.js
server/routes/admin-seo-v2.js,,,,GET/default <computed>:1017,"adminAuthenticate,requireAdmin:10",; ,,server/models/db.js; server/middleware/admin-auth.js; server/services/seo/search-console-v2.js; server/services/seo/seo-advisor.js; server/services/logger.js; server/utils/datetime-et.js; server/services/seo/rankings-monitor.js; server/config/locations.js; server/services/google-business.js; server/services/seo/rank-tracker.js; server/services/seo/serp-analyzer.js; server/services/seo/backlink-monitor.js; server/services/seo/gsc-links-importer.js; server/services/seo/ai-overview-tracker.js; server/services/seo/content-qa.js; server/services/seo/cannibalization.js; server/services/seo/content-decay.js; server/services/seo/refresh-audit.js; server/services/seo/citation-auditor.js; server/services/seo/conversion-funnel.js; server/services/seo/site-rollup.js; server/services/seo/geo-grid-tracker.js; server/services/csv-generators.js; server/config/feature-gates.js; server/services/seo/llm-mention-prober.js; server/services/seo/site-auditor.js
server/routes/admin-seo.js,,,,GET/default <computed>:707,"adminAuthenticate,requireAdmin:11",; ,,server/models/db.js; server/middleware/admin-auth.js; server/services/seo/search-console.js; server/services/seo/seo-advisor.js; server/services/logger.js; server/utils/datetime-et.js; server/utils/normalize-url.js; server/config/locations.js; server/services/google-business.js; server/services/seo/rank-tracker.js; server/services/seo/serp-analyzer.js; server/services/seo/backlink-monitor.js; server/services/seo/ai-overview-tracker.js; server/services/seo/content-qa.js; server/services/seo/cannibalization.js; server/services/seo/content-decay.js; server/services/seo/citation-auditor.js; server/services/seo/conversion-funnel.js; server/services/seo/site-auditor.js
server/routes/admin-service-outlines.js,,,,,"adminAuthenticate,requireTechOrAdmin:22",; ,,server/models/db.js; server/middleware/admin-auth.js; server/services/logger.js; server/services/sendgrid-mail.js; server/services/email-template.js; server/services/short-url.js; server/services/messaging/send-customer-message.js; server/utils/portal-url.js; server/services/lawn-service-outline.js
server/routes/admin-services.js,,,,,"adminAuthenticate,requireAdmin:30",; ,,server/middleware/admin-auth.js; server/services/service-library.js; server/services/track-transitions.js; server/services/audit-log.js; server/services/invoice.js; server/services/logger.js
server/routes/admin-settings.js,,,,,,; ,,server/models/db.js; server/middleware/admin-auth.js; server/services/google-business.js; server/services/linkedin.js; server/services/logger.js; server/services/audit-log.js; server/utils/portal-url.js; server/services/staff-oauth-state.js; server/services/service-report/service-coverage.js; server/services/service-report/visit-timeline.js; server/services/call-routing-config.js; server/config/feature-gates.js; server/services/voice-route-decision.js
server/routes/admin-sms-templates.js,,,,,"adminAuthenticate,requireTechOrAdmin:10",; ,,server/models/db.js; server/middleware/admin-auth.js; server/utils/sms-time-format.js; server/models/migrations/20260514000002_tighten_sms_template_copy.js; server/services/sms-template-variants.js; server/services/audit-log.js; server/services/messaging/sms-link-policy.js
server/routes/admin-social-media.js,,,,,"adminAuthenticate,requireAdmin:12",; ,,server/models/db.js; server/middleware/admin-auth.js; server/services/social-media.js; server/services/linkedin.js; server/services/social-content-studio.js; server/services/logger.js; server/utils/cron-lock.js; server/services/social-engagement.js; server/services/token-health.js
server/routes/admin-tax.js,,,,,"adminAuthenticate,requireAdmin:15; :1681",; ,,server/models/db.js; server/services/logger.js; server/middleware/admin-auth.js; server/utils/datetime-et.js; server/utils/tax-period.js; server/services/pnl-report.js; server/services/invoice-helpers.js; server/services/tax-advisor.js; server/services/expense-categorizer.js; server/services/bouncie-mileage.js; server/services/bouncie.js; server/services/csv-generators.js; server/services/bank-import.js; server/config/feature-gates.js; server/services/job-costing.js; server/services/stripe-banking.js
server/routes/admin-timesheet-approval.js,,,,,"adminAuthenticate,requireAdmin:12",; ,,server/middleware/admin-auth.js; server/services/timesheet-approval.js; server/utils/staff-time-work-date.js
server/routes/admin-timetracking.js,,,,,adminAuthenticate:63,; ,,server/models/db.js; server/services/logger.js; server/services/time-tracking.js; server/services/push-notifications.js; server/middleware/admin-auth.js; server/services/technician-eligibility.js; server/services/technician-capabilities.js; server/services/auto-dispatch/service-category.js; server/utils/datetime-et.js; server/utils/staff-time-work-date.js; server/utils/staff-identity.js; server/services/tech-photo.js; server/sockets/index.js; server/config/index.js
server/routes/admin-token-health.js,,,,,adminAuthenticate:7; requireAdmin:8,; ,,server/middleware/admin-auth.js; server/services/token-health.js; server/services/integration-health.js
server/routes/admin-treatment-plans.js,,,,,adminAuthenticate:6; requireTechOrAdmin:7,; ,,server/middleware/admin-auth.js; server/services/waveguard-plan-engine.js
server/routes/admin-triage.js,,,,,"adminAuthenticate,requireTechOrAdmin:19",; ,,server/models/db.js; server/services/logger.js; server/middleware/admin-auth.js; server/utils/triage-locks.js; server/services/call-routing-gates.js; server/services/lead-first-touch-resume.js; server/utils/estimate-claim-sql.js; server/config/feature-gates.js; server/services/property-role-proposals.js; server/utils/customer-comms-lock.js
server/routes/admin-turf-height.js,,,,,"adminAuthenticate,requireTechOrAdmin:16",; ,,server/models/db.js; server/middleware/admin-auth.js; server/services/photos.js
server/routes/admin-usage.js,,,,,"adminAuthenticate,requireTechOrAdmin:22",; ,,server/models/db.js; server/middleware/admin-auth.js; server/utils/datetime-et.js
server/routes/admin-visits.js,,,,,"adminAuthenticate,requireAdmin:17",; ,,server/middleware/admin-auth.js; server/config/feature-gates.js; server/services/visit-groups.js; server/services/visit-combine.js; server/services/dispatch-assignment.js; server/models/db.js
server/routes/admin-wiki.js,,,,,adminAuthenticate:13,; ,,server/middleware/admin-auth.js; server/services/logger.js; server/services/agronomic-wiki.js
server/routes/admin-workflows.js,,,,,"adminAuthenticate,requireAdmin:7",; ,,server/models/db.js; server/services/logger.js; server/middleware/admin-auth.js
server/routes/ai-assistant.js,,,,,,; ,,server/config/feature-gates.js; server/models/db.js; server/middleware/rate-limit-key.js; server/middleware/auth.js; server/middleware/admin-auth.js; server/services/ai-assistant/assistant.js; server/services/logger.js; server/services/messaging/send-customer-message.js; server/services/call-route-decisions.js; server/services/voice-agent/relay-protocol.js
server/routes/appointment-public.js,,,,,noStore:50; :111; :116,; ,,server/models/db.js; server/config/feature-gates.js; server/services/logger.js; server/middleware/no-store.js; server/utils/datetime-et.js; server/services/weather-forecast.js; server/services/tech-photo.js; server/services/stamped-address.js; server/utils/sms-time-format.js; server/services/appointment-ics-eligibility.js; server/services/call-booking-source-actions.js; server/services/visit-groups.js; server/services/appointment-reminders.js
server/routes/auth.js,,,,,,; ,,server/models/db.js; server/utils/datetime-et.js; server/services/customer-credit.js; server/services/twilio.js; server/middleware/auth.js; server/services/logger.js; server/services/push-notifications.js
server/routes/badges.js,,,,,,; ,,server/models/db.js; server/middleware/auth.js; server/middleware/admin-auth.js
server/routes/billing-v2.js,,,,,authenticate:15,; ,,server/models/db.js; server/services/stripe.js; server/config/stripe-config.js; server/middleware/auth.js; server/services/logger.js; server/services/payment-lifecycle-email.js; server/services/autopay-log.js; server/services/autopay-eligibility.js; server/services/invoice-helpers.js; server/config/feature-gates.js; server/services/estimate-card-holds.js; server/utils/service-normalizer.js; server/routes/reschedule-public.js; server/services/payment-method-consents.js; server/services/autopay-enrollment.js; server/services/payer.js; server/services/notification-service.js
server/routes/booking.js,,,,GET/default <computed>:39,,; ,,server/services/stops-ahead.js; server/models/db.js; server/services/technician-eligibility.js; server/services/customer-stages.js; server/utils/customer-comms-lock.js; server/services/logger.js; server/services/scheduling/find-time.js; server/services/scheduling/travel-gap.js; server/services/scheduling/zone-day-funnel.js; server/utils/datetime-et.js; server/services/twilio.js; server/utils/intake-normalize.js; server/utils/address-normalizer.js; server/utils/slot-offer-token.js; server/services/recurring-appointment-seeder.js; server/services/self-booking-plan-sync.js; server/config/feature-gates.js; server/services/weather-forecast.js; server/services/availability.js; server/services/call-booking-source-actions.js; server/services/scheduling/occupancy.js; server/services/scheduling/parse-when.js; server/services/scheduling/blackout-dates.js; server/utils/estimate-handoff-token.js; server/services/booking-pay-at-visit.js; server/config/estimate-marketing-redirects.js; server/routes/admin-customers.js; server/services/customer-default-rows.js; server/services/reservice-scheduler.js; server/services/visit-groups.js; server/services/inspection-credit.js; server/services/notification-service.js; server/services/tech-visit-notifications.js; server/services/pricing-engine/constants.js; server/services/waveguard-existing-services.js; server/routes/public-quote.js; server/services/estimate-property-linkage.js; server/services/estimate-converter.js; server/services/slot-reservation.js; server/services/wizard-series-activation-recovery.js; server/services/estimate-acceptance-record.js; server/services/appointment-reminders.js; server/services/lead-estimate-link.js; server/services/appointment-card-request.js; server/services/appointment-tagger.js; server/middleware/auth.js; server/services/lead-from-extraction.js
server/routes/bouncie-webhook.js,,,,,,; ,,server/models/db.js; server/services/logger.js; server/services/bouncie-mileage.js; server/services/geofence-handler.js; server/services/bouncie-webhook-security.js; server/services/bouncie-payload.js
server/routes/bouncie.js,,,,POST ${…}/oauth/token:39; GET/default ${…}${…}:80; POST ${…}/oauth/token:105; POST ${…}/oauth/token:121,,; ,,server/config/index.js; server/middleware/admin-auth.js; server/services/logger.js; server/services/bouncie-token-store.js; server/services/staff-oauth-state.js; server/services/bouncie.js
server/routes/card-public.js,,,,,:28,; ,,server/models/db.js; server/services/customer-card.js; server/config/locations.js; server/constants/business.js; server/services/wallet-pass.js
server/routes/client-errors.js,,,,,,; ,,
server/routes/collections-voice-webhook.js,,,,,,; ,,server/models/db.js; server/services/logger.js; server/services/collections/outbound-voice/script.js; server/services/collections/outbound-voice/gates.js; server/services/collections/outbound-voice/staffed-hours.js; server/services/collections/outbound-voice/supervision.js; server/services/collections/outbound-voice/voicemail.js; server/services/collections/outbound-voice/outcomes.js; server/services/collections/outbound-voice/origination.js; server/services/collections/contact-policy.js; server/services/voice-agent/relay-protocol.js; server/services/collections/outbound-voice/flags.js; server/services/notification-service.js
server/routes/contracts-public.js,,,,,noStore:8; publicLimiter:21,; ,,server/models/db.js; server/middleware/no-store.js; server/services/autopay-log.js; server/services/contracts.js; server/services/logger.js; server/services/payment-lifecycle-email.js; server/services/pdf/contract-pdf.js; server/services/contract-signed-email.js
server/routes/customer-autopay.js,,,,,authenticate:23,; ,,server/middleware/auth.js; server/models/db.js; server/services/logger.js; server/config/stripe-config.js; server/services/autopay-log.js; server/services/autopay-eligibility.js; server/config/feature-gates.js; server/utils/datetime-et.js; server/services/stripe-pricing.js; server/services/payment-lifecycle-email.js; server/services/billing-lane.js; server/services/payment-method-consents.js; server/services/card-enrollment-email.js
server/routes/customer-notifications.js,,,,,authenticate:6,; ,,server/middleware/auth.js; server/services/notification-service.js
server/routes/customer-pricing-ai.js,,,,,authenticate:24,; ,,server/models/db.js; server/middleware/auth.js; server/services/customer-pricing-ai.js
server/routes/dispatch.js,,,,,,; ,,server/utils/datetime-et.js; server/services/stamped-address.js; server/models/db.js; server/services/scheduling/tech-day-lock.js
server/routes/documents.js,,,,,noStore:9,; ,,server/middleware/no-store.js; server/models/db.js; server/services/project-report-links.js; server/services/project-types.js; server/middleware/auth.js; server/services/logger.js; server/utils/address-normalizer.js; server/services/service-report/report-identity-snapshot.js; server/constants/business.js; server/services/photos.js; server/services/pdf/brand-logo.js; server/middleware/rate-limit-key.js
server/routes/estimate-public.js,,,bora_care=Bora-Care Wood Treatment Service:561; lawn_care=Lawn Care:562; mosquito=Mosquito Control:563; tree_shrub=Tree & Shrub Service:564; termite=Termite Inspection:565; rodent=Rodent Control:566; pest_control=Pest Control:567; quarterly=Quarterly (4 visits/year):16237; bi_monthly=Bi-Monthly (6 visits/year):16238; monthly=Monthly (12 visits/year):16239; quarterly=Quarterly:16531; bi_monthly=Bi-monthly:16532; monthly=Monthly:16533; tree_shrub_${…}=${…} tree & shrub program:19347; tree_shrub_beds_trees=Ornamental bed and tree treatments:19353; lawn_care_${…}=${…} lawn care program:19831; lawn_care_treatments=Fertilization and weed-control treatments:19837; mosquito_${…}=${…} mosquito control program:20052; mosquito_resting_zones=Resting-zone barrier treatment:20058; pest_control=Pest Control:21682; bundle=Recurring services:21790; quarterly=Quarterly:24131,,,; ,,server/config/index.js; server/models/db.js; server/services/customer-default-rows.js; server/utils/estimate-claim-sql.js; server/utils/customer-comms-lock.js; server/services/twilio.js; server/utils/intake-normalize.js; server/middleware/admin-auth.js; server/routes/admin-sms-templates.js; server/services/logger.js; server/utils/datetime-et.js; server/utils/address-normalizer.js; server/utils/sms-time-format.js; server/services/short-url.js; server/utils/estimate-handoff-token.js; server/services/invoice-helpers.js; server/services/estimate-one-time-copy.js; server/services/messaging/send-customer-message.js; server/services/appointment-reminders.js; server/services/pricing-engine/constants.js; server/services/pricing-engine/discount-engine.js; server/services/slot-reservation.js; server/services/scheduling/occupancy.js; server/services/pricing-engine/index.js; server/config/addon-defaults-by-frequency.js; server/services/billing-cadence.js; server/services/lead-estimate-link.js; server/services/estimate-membership-context.js; server/services/waveguard-existing-services.js; server/services/estimate-deposits.js; server/services/estimate-card-holds.js; server/services/recurring-card-on-file.js; server/services/experimentation/growthbook.js; server/services/estimate-pricing-cache.js; server/services/estimate-assistant.js; server/services/estimate-ai-context.js; server/constants/business.js; server/services/estimate-pricing-bundle-utils.js; server/services/estimate-delivery-options.js; server/services/estimate-add-service-request.js; server/services/estimate-floor-signal-replay.js; server/config/feature-gates.js; server/services/self-booking-plan-sync.js; server/services/acceptance-terms-text.js; server/services/estimate-acceptance-record.js; server/services/property-lookup/lookup-cache.js; server/routes/property-lookup-v2.js; server/middleware/rate-limit-key.js; server/utils/bot-ua.js; server/services/estimate-converter.js; server/services/recurring-appointment-seeder.js; server/services/estimate-property-linkage.js; server/services/estimate-proposal.js; server/services/admin-estimate-persistence.js; server/services/estimate-engagement-engine.js; server/services/notification-service.js; server/services/pricing-engine/v1-legacy-mapper.js; server/services/inspection-credit.js; server/services/estimate-clarify-asks.js; server/services/payment-method-consents.js; server/services/customer-credit.js; server/services/stripe-pricing.js; server/services/scheduled-invoice-mint.js; server/services/cancellation-resolution/restart.js; server/routes/admin-customers.js; server/services/invoice.js; server/services/secure-appointment-plans.js; server/services/card-enrollment-email.js; server/services/payer.js; server/services/autopay-enrollment.js; server/services/billing-lane.js; server/services/appointment-tagger.js; server/services/geocoder.js; server/services/route-optimizer.js; server/services/new-recurring-welcome-sms.js; server/services/account-membership-email.js; server/services/estimate-accepted-email.js; server/services/invoice-followups.js; server/services/payment-plans.js; server/services/annual-prepay-renewals.js; server/services/project-report-hold.js; server/services/stripe.js; server/services/customer-contact.js; server/services/reschedule-link.js; server/services/appointment-link.js; server/services/membership-state.js; server/services/termite-program-agreement.js; server/services/estimate-service-opt-out.js; server/services/estimate-service-lines.js; server/services/estimate-slot-availability.js; server/services/referral-share.js; server/services/estimate-change-request.js; server/services/estimate-measurement-review.js; server/services/pricing-authority-gate.js; server/services/estimate-extension.js; server/services/estimate-disposition.js; server/services/pricing-engine/unit-band-pricing.js; server/services/estimate-manual-discount-replay.js; server/services/estimate-tree-shrub-knob-replay.js; server/services/commercial-floor-replay.js; server/services/rodent-bait-legacy-replay.js; server/services/notification-triggers.js; server/services/termite-warranty-comparison.js; server/services/pdf/estimate-doc-pdf.js; server/services/pdf/estimate-pdf.js; server/services/estimate-proposal-billing.js; server/services/estimate-service-details.js; server/services/pdf/service-details-pdf.js; server/services/email-template-library.js; server/services/messaging/validators/send-window.js; server/services/pdf/termite-comparison-pdf.js; server/services/estimate-engagement-sessions.js; server/services/estimate-return-visit.js; server/utils/portal-url.js
server/routes/estimate-slots-public.js,,,,,:110; :117,; ,,server/models/db.js; server/services/logger.js; server/services/stripe.js; server/services/estimate-slot-availability.js; server/utils/datetime-et.js; server/services/slot-reservation.js; server/routes/estimate-public.js; server/services/estimate-membership-context.js; server/services/estimate-delivery-options.js; server/services/estimate-card-holds.js; server/services/recurring-card-on-file.js; server/services/estimate-checkout-events.js; server/services/pricing-engine/v1-legacy-mapper.js; server/config/feature-gates.js; server/utils/estimate-claim-sql.js; server/services/payment-method-consents.js; server/config/stripe-config.js
server/routes/experiments-public.js,,,,,,; ,,server/config/feature-gates.js; server/services/experimentation/growthbook.js
server/routes/feed.js,,,,"GET/default <computed>:89; GET/default <computed>:162; GET/default https://api.weather.gov/points/27.4217,-82.4065:530; GET/default <computed>:540",authenticate:10; feedLimiter:22,; ,,server/middleware/auth.js; server/services/logger.js; server/services/newsletter-feed.js; server/services/local-news-store.js
server/routes/integrations-backlink-worker.js,,,,,:17,; ,,server/middleware/link-worker-auth.js; server/config/feature-gates.js; server/services/seo/link-prospect-worker.js
server/routes/integrations-commitments-worker.js,,,,,noStore:20; commitmentsGate:21; :22; :23,; ,,server/models/db.js; server/middleware/link-worker-auth.js; server/middleware/no-store.js; server/config/feature-gates.js; server/services/call-commitments.js
server/routes/integrations-vendor-login-worker.js,,,,,:13,; ,,server/models/db.js; server/middleware/link-worker-auth.js
server/routes/integrations-vendor-price-worker.js,,,,,:22,; ,,server/models/db.js; server/services/logger.js; server/middleware/link-worker-auth.js
server/routes/integrations-watchdog-worker.js,,,,,watchdogGate:30; :31,; ,,server/middleware/link-worker-auth.js; server/config/feature-gates.js; server/services/agent-watchdog-snapshot.js
server/routes/knowledge.js,,,,,,; ,,server/services/knowledge/wiki-qa.js; server/models/db.js
server/routes/lawn-health.js,,,,,authenticate:25,; ,,server/models/db.js; server/middleware/auth.js; server/services/turf-height-service.js; server/services/service-report/turf-height.js; server/services/logger.js; server/services/photos.js; server/services/lawn-intelligence.js; server/services/lawn-health-shared.js; server/services/fawn-weather.js; server/services/assessment-analytics.js
server/routes/lead-webhook.js,,,,,,; ,,server/models/db.js; server/services/public-services-menu.js; server/services/twilio.js; server/services/pipeline-manager.js; server/services/customer-default-rows.js; server/services/lead-scorer.js; server/config/locations.js; server/services/logger.js; server/services/messaging/send-customer-message.js; server/services/sms-template-renderer.js; server/services/lead-triage.js; server/services/lead-timeline.js; server/services/experimentation/growthbook.js; server/utils/datetime-et.js; server/config/feature-gates.js; server/utils/service-line-infer.js; server/services/ads/call-attribution.js; server/config/twilio-numbers.js; server/services/twilio-failure-alerts.js; server/utils/address-normalizer.js; server/utils/intake-normalize.js; server/utils/zip-to-city.js; server/utils/lead-prefill-token.js; server/services/lead-statuses.js; server/utils/name-case.js; server/utils/turnstile.js; server/utils/lead-abuse.js; server/services/estimate-automation-duplicates.js; server/services/lead-estimate-automation.js; server/services/lead-attribution.js; server/services/lead-source-classify.js; server/services/lead-source-resolver.js; server/routes/admin-customers.js; server/services/automation-runner.js; server/services/estimate-clarify-asks.js; server/services/notification-triggers.js; server/services/lead-response-agent.js
server/routes/mcp.js,,,,,,; ,,server/config/feature-gates.js; server/middleware/hermes-auth.js; server/models/db.js; server/services/logger.js; server/services/llm/embed.js; server/services/knowledge-index/hybrid-search.js; server/services/knowledge-index/ingest.js; server/config/protocols.json; server/services/mcp-rpc.js
server/routes/notification-prefs.js,,,,,authenticate:6,; ,,server/models/db.js; server/middleware/auth.js; server/services/customer-default-rows.js
server/routes/notifications.js,,,,,authenticate:11,; ,,server/models/db.js; server/middleware/auth.js; server/services/logger.js; server/services/account-membership-email.js; server/services/customer-contact.js; server/services/service-contact-events.js; server/services/customer-default-rows.js; server/services/recipient-optin.js
server/routes/one-tap-purchase.js,,,,,authenticate:30,; ,,server/middleware/auth.js; server/config/feature-gates.js; server/services/one-tap-purchase.js
server/routes/pay-statement.js,,,,,statementPayLimiter:41,; ,,server/models/db.js; server/services/logger.js; server/config/stripe-config.js; server/services/stripe.js; server/config/feature-gates.js; server/services/payer-statements.js; server/services/payer-statement-settle.js; server/services/stripe-pricing.js
server/routes/pay-v2-helpers.js,,,,,,; ,,server/services/invoice-helpers.js
server/routes/pay-v2.js,,,,,noStore:10; payLimiter:39,; ,,server/models/db.js; server/middleware/no-store.js; server/middleware/rate-limit-key.js; server/services/invoice.js; server/services/invoice-attachments.js; server/services/stripe.js; server/config/stripe-config.js; server/services/pdf/invoice-pdf.js; server/services/payment-method-consents.js; server/services/logger.js; server/services/invoice-helpers.js; server/services/receipt-delivery-queue.js; server/services/bill-payment-error-alerts.js; server/routes/pay-v2-helpers.js; server/services/autopay-eligibility.js; server/config/feature-gates.js; server/services/payer.js; server/services/pay-combined.js; server/services/prepaid-pi-guard.js; server/services/project-report-hold.js; server/services/autopay-enrollment.js
server/routes/prep-public.js,,,,,:37,; ,,server/models/db.js; server/services/logger.js; server/services/project-email.js; server/services/project-types.js; server/services/email-template-library.js; server/utils/portal-url.js; server/utils/date-only.js; server/utils/datetime-et.js; server/constants/business.js; server/services/customer-contact.js; server/services/pdf/prep-guide-pdf.js
server/routes/price-change-public.js,,,,,:18,; ,,server/models/db.js; server/services/logger.js; server/services/price-change-notices.js; server/utils/date-only.js; server/constants/business.js
server/routes/promotions.js,,,,,authenticate:10,; ,,server/models/db.js; server/services/twilio.js; server/middleware/auth.js; server/services/logger.js; server/services/messaging/send-customer-message.js; server/services/sms-template-renderer.js
server/routes/property-alerts.js,,,,,authenticate:21,; ,,server/middleware/auth.js; server/config/feature-gates.js; server/services/property-alerts.js
server/routes/property-lookup-v2.js,,,,GET/default <computed>:1239; GET/default <computed>:1262; POST <computed>:1393; POST <computed>:4827; POST https://generativelanguage.googleapis.com/v1beta/models/${…}:generateContent?key=${…}:4869,"adminAuthenticate,requireTechOrAdmin:50",; ,,server/services/logger.js; server/middleware/admin-auth.js; server/config/models.js; server/services/property-lookup/ai-property-lookup.js; server/services/property-lookup/fema-nfhl.js; server/services/service-area.js; server/services/property-lookup/county-permits.js; server/services/property-lookup/parcel-gis.js; server/services/property-lookup/lookup-cache.js; server/services/estimator-engine/unit-scope-model.js; server/services/estimator-engine/property-facts-shadow.js; server/services/pricing-engine/commercial-helpers.js; server/services/lookup-confidence.js; server/services/pricing-engine/service-pricing.js; server/services/pricing-engine/property-calculator.js; server/services/property-lookup/manatee-permit-sync.js; server/services/property-lookup/provider-accuracy.js; server/config/feature-gates.js; server/models/db.js; server/services/waveguard-existing-services.js; server/services/pricing-engine/index.js; server/services/pricing-engine/v1-legacy-mapper.js
server/routes/property-recommendations.js,,,,,authenticate:34,; ,,server/middleware/auth.js; server/config/feature-gates.js; server/models/db.js; server/services/logger.js; server/services/property-recommendations.js; server/services/service-report/cross-sell.js; server/services/estimate-add-service-request.js; server/services/cta-service-request.js; server/services/billing-cadence.js; server/services/waveguard-existing-services.js; server/services/payer.js; server/services/notification-triggers.js
server/routes/property-score.js,,,,,authenticate:20,; ,,server/middleware/auth.js; server/config/feature-gates.js; server/services/property-score.js
server/routes/property.js,,,,,:13; authenticate:14,; ,,server/models/db.js; server/middleware/auth.js; server/services/logger.js; server/services/account-membership-email.js; server/services/termite-stations.js; server/services/irrigation-weekly-email.js; server/services/irrigation-schedule-confirmation.js; server/services/maps/basemap-provider.js; server/config/feature-gates.js; server/services/termite-bonds.js
server/routes/public-a2a.js,,,,,,; ,,server/middleware/rate-limit-key.js; server/config/feature-gates.js; server/services/logger.js; server/services/mcp-rpc.js
server/routes/public-ai-intake.js,,,,,,; ,,server/config/feature-gates.js; server/middleware/rate-limit-key.js; server/services/ask-waves-intake.js
server/routes/public-automation-preview.js,,,,,,; ,,server/models/db.js
server/routes/public-careers.js,,,,,,; ,,server/models/db.js; server/services/logger.js; server/config/feature-gates.js; server/utils/turnstile.js; server/utils/lead-abuse.js; server/utils/intake-normalize.js; server/middleware/rate-limit-key.js; server/services/job-applications.js; server/services/job-application-screen.js; server/services/notification-triggers.js
server/routes/public-credentials.js,,,,,,; ,,server/models/db.js; server/services/logger.js
server/routes/public-lawn-assessment.js,,,,,:83,; ,,server/models/db.js; server/services/logger.js; server/services/lawn-assessment.js; server/services/lawn-diagnostic-report.js; server/services/lawn-diagnostic-analyze.js; server/routes/public-lawn-diagnostic.js; server/config/feature-gates.js; server/utils/turnstile.js; server/utils/lead-abuse.js; server/utils/public-report-egress.js; server/utils/funnel-photos.js; server/utils/datetime-et.js; server/services/pricing-engine/index.js
server/routes/public-lawn-diagnostic.js,,,,,,; ,,server/models/db.js; server/services/logger.js; server/services/lawn-diagnostic-report.js; server/utils/public-report-egress.js; server/utils/datetime-et.js
server/routes/public-mcp.js,,,,,,; ,,server/middleware/rate-limit-key.js; server/config/feature-gates.js; server/models/db.js; server/services/logger.js; server/services/mcp-rpc.js; server/routes/public-pricing-ranges.js; server/routes/public-quote.js
server/routes/public-newsletter.js,,,,,,; ,,server/models/db.js; server/services/newsletter-draft.js; server/services/newsletter-event-clicks.js; server/services/logger.js; server/services/newsletter-feed.js; server/services/newsletter-subscribers.js; server/services/newsletter-confirm.js; server/services/automation-runner.js; server/services/newsletter-quiz.js; server/services/newsletter-feedback.js; server/constants/business.js; server/services/email-template.js
server/routes/public-pest-forecast.js,,,,,,; ,,server/services/logger.js; server/services/pest-forecast/forecast.js; server/services/pest-forecast/locations.js
server/routes/public-pest-identifier.js,,,,,,; ,,server/models/db.js; server/services/logger.js; server/services/pest-identification.js; server/config/feature-gates.js; server/utils/turnstile.js; server/utils/lead-abuse.js; server/utils/public-report-egress.js; server/utils/funnel-photos.js; server/routes/public-lawn-assessment.js; server/utils/datetime-et.js; server/utils/service-line-infer.js; server/services/pricing-engine/index.js
server/routes/public-pricing-ranges.js,,,,,,; ,,server/models/db.js; server/services/pricing-engine/index.js; server/services/pricing-engine/public-ranges.js
server/routes/public-products.js,,,,,,; ,,server/models/db.js
server/routes/public-property-lookup.js,,,,,,; ,,server/models/db.js; server/services/logger.js; server/routes/property-lookup-v2.js; server/services/lead-source-resolver.js; server/utils/address-normalizer.js; server/utils/intake-normalize.js; server/utils/zip-to-city.js; server/utils/lead-prefill-token.js; server/utils/turnstile.js; server/utils/lead-abuse.js; server/services/experimentation/growthbook.js; server/services/lead-timeline.js; server/config/feature-gates.js
server/routes/public-quote.js,,,,,,; ,,server/models/db.js; server/services/lead-statuses.js; server/services/lead-estimate-link.js; server/services/lead-funnel-bridge.js; server/services/public-services-menu.js; server/services/logger.js; server/services/pricing-engine/index.js; server/services/estimate-delivery-options.js; server/services/twilio.js; server/services/short-url.js; server/services/newsletter-subscribers.js; server/services/newsletter-confirm.js; server/services/automation-runner.js; server/services/lead-source-resolver.js; server/services/ads/call-attribution.js; server/services/experimentation/growthbook.js; server/utils/datetime-et.js; server/services/estimate-converter.js; server/utils/service-line-infer.js; server/routes/admin-sms-templates.js; server/services/messaging/send-customer-message.js; server/services/email-template-library.js; server/services/sendgrid-mail.js; server/utils/address-normalizer.js; server/services/lookup-confidence.js; server/utils/intake-normalize.js; server/utils/zip-to-city.js; server/utils/lead-abuse.js; server/services/estimate-automation-duplicates.js; server/constants/business.js; server/services/pricing-engine/commercial-helpers.js; server/services/booking-pay-at-visit.js; server/routes/property-lookup-v2.js; server/services/waveguard-existing-services.js; server/config/feature-gates.js; server/routes/admin-customers.js; server/services/customer-default-rows.js; server/services/notification-service.js; server/routes/estimate-public.js; server/utils/estimate-handoff-token.js
server/routes/public-service-areas.js,,,,,,; ,,server/models/db.js; server/services/logger.js
server/routes/public-services-menu.js,,,,,,; ,,server/services/public-services-menu.js
server/routes/public-shortlinks.js,,,,,shortlinkLimiter:43,; ,,server/models/db.js; server/services/logger.js; server/services/short-url.js; server/utils/bot-ua.js; server/constants/business.js; server/middleware/rate-limit-key.js
server/routes/public-ui-flags.js,,,,,,; ,,
server/routes/push.js,,,,,authenticate:17,; ,,server/models/db.js; server/middleware/auth.js
server/routes/receipt-v2.js,,,,,noStore:9,; ,,server/models/db.js; server/services/invoice.js; server/middleware/no-store.js; server/services/pdf/invoice-pdf.js; server/services/logger.js; server/services/payer.js; server/services/invoice-email.js
server/routes/referral-links.js,,,,,,; ,,server/models/db.js; server/services/logger.js; server/middleware/rate-limit-key.js
server/routes/referrals-v2.js,,,,,authenticate:17,; ,,server/models/db.js; server/middleware/auth.js; server/services/logger.js; server/services/referral-engine.js; server/services/messaging/send-customer-message.js; server/services/sms-template-renderer.js; server/utils/phone.js; server/services/email-template-library.js
server/routes/referrals.js,,,,,authenticate:10,; ,,server/models/db.js; server/middleware/auth.js; server/services/logger.js; server/services/messaging/send-customer-message.js; server/services/sms-template-renderer.js
server/routes/reports-public.js,,,,,reportLimiter:213,; ,,server/models/db.js; server/services/logger.js; server/utils/address-normalizer.js; server/services/stamped-address.js; server/services/project-report-links.js; server/services/project-report-assistant.js; server/services/project-types.js; server/services/report-followup-appointment.js; server/services/cta-service-request.js; server/services/service-report/report-data.js; server/services/service-report/report-identity-snapshot.js; server/services/service-report/assessment-pin.js; server/config/index.js; server/middleware/admin-auth.js; server/services/pest-forecast/forecast.js; server/services/service-report/service-line-configs.js; server/services/pest-pressure/orchestrate.js; server/services/pest-pressure/store.js; server/services/pest-pressure/customer-view.js; server/services/pest-pressure/one-time-exclusion.js; server/services/service-report/pdf.js; server/services/social-media.js; server/utils/portal-url.js; server/services/service-report/time-format.js; server/services/service-report/pdf-storage.js; server/services/service-report/technician-report-copy.js; server/services/service-report/mosquito-report-v2.js; server/services/service-report/pest-report-v2.js; server/services/service-report/termite-report-v2.js; server/services/service-report/cockroach-report-v2.js; server/services/service-report/reservice-report.js; server/services/treatment-zone-maps.js; server/services/service-report/photo-marks.js; server/services/termite-stations.js; server/services/service-report/treatment-narrative.js; server/services/service-report/pdf-queue.js; server/services/service-report/pdf-events.js; server/services/service-report/dynamic-context.js; server/services/service-report/report-assistant.js; server/constants/business.js; server/services/service-report/report-consistency.js; server/config/feature-gates.js; server/services/service-report/cross-sell.js; server/services/referral-engine.js; server/services/referral-share.js; server/services/photos.js; server/config/locations.js; server/services/estimate-add-service-request.js; server/services/service-report/click-estimate-mint.js; server/services/estimate-pricing-audit.js; server/services/notification-triggers.js; server/services/service-report/recap-pipeline.js; server/services/service-report/recap-storage.js; server/services/pdf/brand-logo.js
server/routes/requests.js,,,,,,; ,,server/models/db.js; server/middleware/auth.js; server/services/logger.js; server/services/notification-service.js; server/services/messaging/send-customer-message.js; server/services/messaging/gsm-normalize.js; server/services/sms-template-renderer.js; server/services/account-membership-email.js; server/services/cancellation-processor.js; server/services/cancellation-confirmations.js; server/services/cancellation-eligibility.js; server/services/cancellation-resolution/index.js; server/services/cancellation-resolution/reason-codes.js; server/services/cancellation-resolution/resolve.js; server/utils/datetime-et.js; server/utils/request-photo-validation.js; server/services/admin-cancellation.js; server/services/reservice-link.js; server/services/cancellation-resolution/facts.js; server/services/address-validation/index.js; server/services/cancellation-resolution/impact.js; server/services/cancellation-resolution/restart.js; server/services/cancellation-resolution/actions.js
server/routes/reschedule-public.js,,,,,noStore:57; :149,; ,,server/models/db.js; server/services/logger.js; server/services/rebooker.js; server/middleware/no-store.js; server/utils/datetime-et.js; server/services/stamped-address.js; server/services/weather-forecast.js; server/services/call-booking-source-actions.js; server/services/visit-groups.js; server/routes/booking.js; server/services/scheduling/parse-when.js; server/services/appointment-reminders.js; server/routes/admin-dispatch.js; server/services/dispatch-assignment.js; server/services/twilio.js
server/routes/reservice-public.js,,,,,noStore:68; :77,; ,,server/models/db.js; server/services/logger.js; server/middleware/no-store.js; server/utils/datetime-et.js; server/services/reservice-scheduler.js; server/routes/booking.js; server/services/scheduling/parse-when.js
server/routes/review-gate.js,,,,,noStore:10,; ,,server/models/db.js; server/services/logger.js; server/middleware/no-store.js; server/config/locations.js; server/config/models.js; server/services/llm/call.js; server/utils/portal-url.js; server/utils/bot-ua.js; server/services/review-request.js; server/middleware/rate-limit-key.js; server/config/feature-gates.js; server/services/notification-service.js; server/services/customer-contact.js; server/services/tech-photo.js; server/services/photos.js; server/services/referral-invite-email.js; server/services/workflows/referral-nudge.js; server/services/customer-health.js; server/services/twilio.js; server/services/health-alerts.js
server/routes/review-public.js,,,,,noStore:13; :14,; ,,server/services/review-request.js; server/middleware/no-store.js; server/middleware/rate-limit-key.js
server/routes/reviews-public.js,,,,,,; ,,server/models/db.js
server/routes/satisfaction.js,,,,,authenticate:9,; ,,server/models/db.js; server/middleware/auth.js; server/services/twilio.js; server/services/logger.js; server/services/review-request.js; server/config/locations.js
server/routes/schedule.js,,,,,authenticate:37,; ,,server/models/db.js; server/middleware/auth.js; server/services/logger.js; server/services/notification-service.js; server/utils/service-normalizer.js; server/services/waveguard-existing-services.js; server/services/self-booking-plan-sync.js; server/utils/datetime-et.js; server/services/appointment-ics-eligibility.js; server/services/call-booking-source-actions.js; server/services/cancellation-eligibility.js; server/services/visit-groups.js; server/services/reservice-scheduler.js; server/routes/reschedule-public.js; server/config/feature-gates.js; server/services/estimate-card-holds.js
server/routes/secure-card-public.js,,,,,:37; :46,; ,,server/services/logger.js; server/services/appointment-card-request.js; server/config/stripe-config.js; server/services/secure-appointment-plans.js
server/routes/service-outlines-public.js,,,,,,; ,,server/models/db.js; server/services/lawn-service-outline.js
server/routes/service-preferences.js,,,,,:25; authenticate:26,; ,,server/models/db.js; server/middleware/auth.js; server/services/logger.js; server/services/notification-service.js; server/services/account-membership-email.js
server/routes/service-records.js,,,,,"adminAuthenticate,requireTechOrAdmin:7",; ,,server/models/db.js; server/middleware/admin-auth.js; server/services/service-report/photo-chain.js
server/routes/services.js,,,,,authenticate:13,; ,,server/models/db.js; server/services/photos.js; server/middleware/auth.js; server/services/project-types.js; server/utils/datetime-et.js
server/routes/social-feed-public.js,,,,,:15,; ,,server/services/logger.js; server/services/social-feed.js
server/routes/stripe-terminal.js,,,,,,; ,,server/models/db.js; server/services/logger.js; server/config/stripe-config.js; server/config/index.js; server/middleware/admin-auth.js; server/config/feature-gates.js; server/services/stripe-pricing.js; server/services/invoice-helpers.js; server/services/stripe.js; server/services/audit-log.js; server/services/customer-credit.js; server/services/pay-combined.js
server/routes/stripe-webhook-helpers.js,,,,,,; ,,
server/routes/stripe-webhook.js,,,,,,; ,,server/utils/sentry-scrub.js; server/models/db.js; server/services/logger.js; server/services/autopay-eligibility.js; server/config/stripe-config.js; server/routes/stripe-webhook-helpers.js; server/services/notification-triggers.js; server/services/notification-service.js; server/services/messaging/send-customer-message.js; server/services/sms-template-renderer.js; server/utils/datetime-et.js; server/services/stripe-invoice-state.js; server/services/stripe-pricing.js; server/config/feature-gates.js; server/services/invoice-helpers.js; server/utils/portal-url.js; server/services/payment-lifecycle-email.js; server/services/receipt-delivery-queue.js; server/config/twilio-numbers.js; server/services/estimate-card-holds.js; server/services/appointment-card-request.js; server/services/billing-pause.js; server/services/payer-statement-settle.js; server/services/payer-statement-followups.js; server/services/pay-combined.js; server/services/stripe.js; server/services/project-report-hold.js; server/services/estimate-deposits.js; server/services/customer-credit.js; server/services/invoice-followups.js; server/services/annual-prepay-renewals.js; server/services/payment-plans.js; server/services/payment-method-consents.js; server/services/autopay-enrollment.js; server/services/review-request.js; server/services/billing-cron.js; server/services/autopay-log.js; server/services/customer-health.js; server/services/invoice.js; server/services/autopay-setup-link.js; server/services/recurring-card-on-file.js; server/routes/estimate-public.js; server/services/payer.js; server/services/stripe-banking.js
server/routes/tech-field-lead.js,,,,,adminAuthenticate:7,; ,,server/models/db.js; server/middleware/admin-auth.js; server/services/twilio.js
server/routes/tech-knowledge.js,,,,,"adminAuthenticate,requireTechOrAdmin:7",; ,,server/middleware/admin-auth.js; server/services/knowledge/wiki-qa.js
server/routes/tech-lawn-diagnostic.js,,,,,"adminAuthenticate,requireTechOrAdmin:160",; ,,server/models/db.js; server/middleware/admin-auth.js; server/services/logger.js; server/services/lawn-assessment.js; server/services/lawn-diagnostic-report.js; server/services/lawn-diagnostic-prompt.js; server/services/lawn-diagnostic-analyze.js; server/utils/datetime-et.js
server/routes/tech-notifications.js,,,,,"adminAuthenticate,requireTechOrAdmin:13",; ,,server/models/db.js; server/services/time-tracking.js; server/services/geofence-matcher.js; server/services/geofence-handler.js; server/middleware/admin-auth.js
server/routes/tech-social.js,,,,,"adminAuthenticate,requireTechOrAdmin:40",; ,<computed>:58,server/models/db.js; server/services/logger.js; server/middleware/admin-auth.js; server/services/tech-social-caption.js; server/services/social-compliance-judge.js; server/services/social-media.js; server/services/feature-flags.js; server/config/locations.js
server/routes/tech-timetracking.js,,,,,"adminAuthenticate,requireTechOrAdmin:10",; ,,server/models/db.js; server/services/time-tracking.js; server/services/timesheet-approval.js; server/middleware/admin-auth.js; server/utils/datetime-et.js; server/utils/staff-time-work-date.js
server/routes/tech-track.js,,,,,"adminAuthenticate,requireTechOrAdmin:302",; ,,server/models/db.js; server/config/index.js; server/services/logger.js; server/middleware/admin-auth.js; server/services/track-transitions.js; server/services/job-status.js; server/services/call-booking-source-actions.js; server/services/outbound-review-confirm.js; server/services/visit-groups.js; server/services/appointment-reminders.js; server/utils/service-duration-capture.js; server/services/service-photos.js; server/services/service-report/photo-marks.js; server/services/rain-out.js; server/services/service-report/trace-eligibility.js; server/services/service-completion-profiles.js; server/services/service-report/recap-media.js; server/config/feature-gates.js; server/services/treatment-zone-maps.js; server/services/service-report/pdf-storage.js; server/services/geocoder.js; server/services/treatment-zone-suggest.js; server/middleware/rate-limit-key.js; server/services/call-recording-processor.js
server/routes/tool-health.js,,,,,"adminAuthenticate,requireAdmin:17",; ,,server/models/db.js; server/middleware/admin-auth.js
server/routes/track-public.js,,,,,:75,; ,,server/models/db.js; server/services/logger.js; server/services/tech-photo.js; server/services/photos.js; server/services/customer-tracking-eta.js; server/services/tracking-vehicle-location.js; server/services/geocoder.js; server/services/stamped-address.js; server/services/customer-contact.js; server/services/stops-ahead.js; server/config/feature-gates.js; server/services/review-outreach-templates.js
server/routes/tracking.js,,,,,authenticate:16,; ,,server/models/db.js; server/middleware/auth.js; server/services/logger.js; server/utils/datetime-et.js; server/services/tech-photo.js; server/services/customer-tracking-eta.js; server/services/tracking-vehicle-location.js; server/services/stops-ahead.js; server/constants/business.js; server/config/feature-gates.js; server/services/stamped-address.js; server/services/weather-forecast.js; server/services/photos.js; server/services/bouncie.js
server/routes/twilio-messenger-webhook.js,,,,,,; ,,server/models/db.js; server/services/logger.js; server/services/sms-media.js; server/services/conversations.js
server/routes/twilio-voice-webhook.js,,,,GET/default <computed>:183; GET/default <computed>:1221,,; ,,server/models/db.js; server/services/logger.js; server/config/twilio-numbers.js; server/services/twilio-failure-alerts.js; server/services/conversations.js; server/services/messaging/inbound-dedupe.js; server/services/call-routing-config.js; server/services/voice-route-decision.js; server/services/voice-agent/relay-protocol.js; server/services/voice-agent/relay-server.js; server/services/call-recording-processor.js; server/services/missed-call-bell.js; server/utils/phone.js; server/utils/known-caller-phone.js; server/services/voice-agent/relay-transfer.js; server/services/call-routing-gates.js; server/services/voice-agent/relay-profiles.js; server/config/feature-gates.js; server/middleware/spam-block.js; server/services/notification-service.js; server/utils/pan-scrub.js
server/routes/twilio-webhook.js,,,,,,; ,,server/models/db.js; server/config/twilio-numbers.js; server/services/twilio.js; server/services/logger.js; server/utils/datetime-et.js; server/services/customer-default-rows.js; server/services/messaging/validators/suppression.js; server/services/messaging/opt-out-detector.js; server/services/messaging/inbound-dedupe.js; server/services/conversations.js; server/services/sms-media.js; server/services/twilio-failure-alerts.js; server/services/sms-intent.js; server/utils/portal-url.js; server/utils/name-case.js; server/utils/intake-normalize.js; server/config/feature-gates.js; server/services/contact-correction.js; server/services/contact-correction-queue.js; server/middleware/spam-block.js; server/services/customer-intelligence/event-rescore.js; server/services/recipient-optin.js; server/services/reschedule-intent-flagger.js; server/services/notification-service.js; server/services/reschedule-sms.js; server/services/lead-intake.js; server/services/customer-stages.js; server/config/locations.js; server/routes/admin-customers.js; server/services/notification-triggers.js; server/services/estimate-clarify-asks.js; server/services/estimator-engine/sms-thread.js; server/services/estimate-conversion-agent.js; server/services/ai-assistant/assistant.js; server/services/messaging/send-customer-message.js; server/services/context-aggregator.js; server/services/response-drafter.js; server/services/sms-shadow-drafter.js; server/services/messaging/suppression-ownership.js; server/services/appointment-reminders.js; server/services/messaging/landline-suppression.js; server/services/voicemail-lead-sms.js; server/services/dropped-call-sms.js
server/routes/visual-service-moments.js,,,,,,; ,,server/models/db.js; server/services/logger.js; server/middleware/admin-auth.js; server/services/visual-service-notes.js
server/routes/webhooks-bouncie.js,,,,,,; ,,server/models/db.js; server/services/logger.js; server/services/bouncie-mileage.js; server/services/gps-arrival-detector.js; server/services/tech-status.js; server/services/customer-tracking-eta.js; server/services/bouncie-webhook-security.js; server/services/bouncie-payload.js
server/routes/webhooks-resend.js,,,,,,; ,,server/models/db.js; server/services/logger.js
server/routes/webhooks-sendgrid.js,,,,,,; ,,server/models/db.js; server/services/logger.js; server/services/email-bounce-recovery.js; server/services/email-bounce-rescue.js; server/services/transactional-email-provider-retry.js
server/routes/webhooks-voice-agent.js,,,,,,; ,,server/services/logger.js; server/config/feature-gates.js; server/utils/phone.js; server/services/lead-from-extraction.js
server/routes/well-known.js,,,,,,; ,,server/config/feature-gates.js
server/services/admin-cancellation.js,,,,,,; ,,server/models/db.js; server/services/logger.js; server/utils/datetime-et.js; server/services/cancellation-resolution/index.js; server/services/cancellation-resolution/reason-codes.js; server/services/cancellation-resolution/impact.js; server/services/cancellation-processor.js; server/services/cancellation-eligibility.js; server/services/cancellation-confirmations.js; server/services/customer-offboarding.js; server/services/annual-prepay-renewals.js; server/services/estimate-card-holds.js; server/services/appointment-card-request.js; server/services/notification-service.js; server/services/invoice.js; server/services/audit-log.js
server/services/agent-activity.js,,,claim=Claim opportunity:43; brief=Build brief:44; agent=Write draft:45; uniqueness_gate=Uniqueness gate:46; quality_gate=Quality gate:47; seo_completion_gate=SEO completion gate:48; publish=Publish:49; index_submit=Submit to index:50; link_plan=Plan internal links:51; inbound=Inbound text:258; draft=Draft reply:259; approve=Owner approval:260,,,; ,,server/models/db.js; server/config/feature-gates.js
server/services/agent-control/sources/agent-decisions.js,,,decide=Decide:164; safety=Safety flags:165; review=Owner review:166,,,; ,,server/models/db.js; server/services/agent-control/sources/shape.js
server/services/agent-control/sources/autonomous-runs.js,,,,,,; ,,server/models/db.js; server/services/agent-activity.js; server/services/agent-control/sources/shape.js
server/services/agent-control/sources/call-log.js,,,transcribe=Transcribe:161; extract=Extract:162; enrich=Enrich:163; link=Link customer / lead:164,,,; ,,server/models/db.js; server/services/agent-control/sources/shape.js; server/services/voice-agent/relay-protocol.js; server/config/call-extraction-retry.js
server/services/agent-control/sources/managed-sessions.js,,,turn_${…}=Turn ${…}:121,,,; ,,server/models/db.js; server/services/agent-control/sources/shape.js; server/services/agent-control/taxonomy.js
server/services/agent-control/sources/message-drafts.js,,,draft=Draft reply:141; approve=Owner approval:142,,,; ,,server/models/db.js; server/services/agent-control/sources/shape.js; server/services/agent-control/sources/agent-decisions.js
server/services/agent-watchdog-liveness.js,,,,,,; ,,server/models/db.js; server/services/logger.js; server/services/notification-service.js; server/config/feature-gates.js; server/utils/datetime-et.js
server/services/annual-prepay-renewals.js,,,,,,; ,,server/models/db.js; server/services/logger.js; server/utils/customer-comms-lock.js; server/utils/datetime-et.js; server/services/messaging/send-customer-message.js; server/services/sms-template-renderer.js; server/services/account-membership-email.js; server/services/scheduling/occupancy.js; server/services/estimate-converter.js; server/services/notification-service.js; server/services/customer-properties.js; server/services/visit-groups.js; server/services/secure-appointment-plans.js; server/services/appointment-reminders.js; server/services/invoice.js; server/services/customer-credit.js; server/services/autopay-eligibility.js; server/services/retry-collectibility.js; server/services/billing-lane.js; server/services/payer.js; server/services/estimate-card-holds.js; server/services/estimate-first-application-invoice.js; server/services/completion-invoice-candidate.js; server/services/completion-charge-verdict.js; server/config/feature-gates.js; server/services/setup-fee-obligation.js; server/config/invoice-followups.js; server/services/invoice-helpers.js; server/utils/portal-url.js; server/services/short-url.js; server/services/collections/rail-guard.js; server/services/collections/contact-ledger.js
server/services/appointment-card-request.js,,,,,,; ,,server/models/db.js; server/services/logger.js; server/utils/portal-url.js; server/utils/datetime-et.js; server/services/call-booking-catalog.js; server/services/messaging/send-customer-message.js; server/services/estimate-card-holds.js; server/routes/admin-sms-templates.js; server/services/secure-appointment-plans.js; server/services/payer.js; server/services/autopay-eligibility.js; server/services/autopay-enrollment.js; server/services/notification-service.js; server/services/payment-method-consents.js; server/services/waveguard-existing-services.js; server/config/twilio-numbers.js; server/services/messaging/deferred-recipient-identity.js; server/services/card-enrollment-email.js; server/services/stripe.js; server/services/autopay-setup-link.js; server/config/feature-gates.js; server/services/appointment-reminders.js; server/services/billing-lane.js; server/services/autopay-log.js; server/services/completion-balance-sweep.js; server/services/invoice.js
server/services/appointment-reminders.js,,,,GET/default <computed>:1387,,; ,,server/models/db.js; server/services/logger.js; server/services/messaging/send-customer-message.js; server/services/messaging/validators/line-type.js; server/services/customer-contact.js; server/routes/admin-sms-templates.js; server/utils/datetime-et.js; server/services/appointment-email.js; server/services/notification-service.js; server/services/reschedule-link.js; server/services/appointment-link.js; server/services/slot-reservation.js; server/services/recipient-optin.js; server/config/feature-gates.js; server/services/messaging/send-window.js; server/utils/sms-time-format.js; server/services/estimate-card-holds.js; server/config/index.js; server/config/twilio-numbers.js; server/services/composer-customer-links.js; server/services/visit-groups.js; server/services/messaging/suppression-ownership.js; server/services/messaging/landline-suppression.js; server/services/job-status.js
server/services/autopay-setup-link.js,,,,,,; ,,server/models/db.js; server/services/logger.js; server/utils/portal-url.js; server/services/messaging/send-customer-message.js; server/config/feature-gates.js; server/services/billing-lane.js; server/services/autopay-enrollment.js; server/services/autopay-eligibility.js; server/services/payer.js; server/services/email-template-library.js; server/services/payment-method-consents.js; server/services/appointment-card-request.js; server/services/stripe.js; server/services/notification-service.js
server/services/autopay-sms-digest.js,,,,,,; ,,server/services/sendgrid-mail.js; server/services/logger.js; server/services/ops-digest.js; server/models/db.js; server/utils/internal-email-recipients.js; server/services/billing-lane.js
server/services/billing-cron.js,,,,,,; ,,server/models/db.js; server/services/logger.js; server/services/twilio.js; server/services/messaging/send-customer-message.js; server/services/autopay-log.js; server/utils/datetime-et.js; server/routes/admin-sms-templates.js; server/services/payment-lifecycle-email.js; server/services/account-membership-email.js; server/services/annual-prepay-renewals.js; server/services/billing-lane.js; server/services/retry-collectibility.js; server/config/feature-gates.js; server/services/billing-helpers.js; server/services/autopay-eligibility.js; server/services/stripe.js; server/services/automation-enroll.js; server/services/invoice.js; server/services/setup-fee-alert-reconcile.js; server/services/recurring-card-on-file.js
server/services/booking-funnel-canary.js,,,,,,; ,,server/models/db.js; server/services/logger.js; server/config/feature-gates.js; server/services/notification-service.js; server/services/twilio.js
server/services/call-booking-miss-watchdog.js,,,,,,; ,,server/models/db.js; server/services/logger.js; server/services/notification-service.js; server/utils/datetime-et.js; server/config/feature-gates.js; server/utils/cron-lock.js
server/services/call-commitments-watchdog.js,,,,,,; ,,server/models/db.js; server/services/logger.js; server/services/notification-service.js; server/services/call-commitments.js; server/services/internal-test-customers.js; server/config/feature-gates.js; server/utils/cron-lock.js; server/utils/datetime-et.js
server/services/call-ingest-watchdog.js,,,,,,; ,,server/models/db.js; server/services/logger.js; server/services/notification-service.js; server/config/feature-gates.js; server/utils/cron-lock.js
server/services/call-processing-stall-watchdog.js,,,,,,; ,,server/models/db.js; server/services/logger.js; server/services/notification-service.js; server/utils/call-timeline.js; server/services/internal-test-customers.js; server/utils/claim-ceiling.js; server/utils/datetime-et.js; server/config/feature-gates.js; server/utils/cron-lock.js
server/services/call-recording-processor.js,,,,GET/default <computed>:4889; POST <computed>:5003; POST <computed>:5120; POST https://generativelanguage.googleapis.com/v1beta/models/${…}:generateContent?key=${…}:5180; POST https://generativelanguage.googleapis.com/v1beta/models/${…}:generateContent?key=${…}:5925,,; setInterval None:6549,,server/models/db.js; server/services/logger.js; server/services/technician-eligibility.js; server/config/models.js; server/services/messaging/send-customer-message.js; server/services/newsletter-subscribers.js; server/services/newsletter-confirm.js; server/config/twilio-numbers.js; server/utils/phone.js; server/utils/triage-locks.js; server/config/locations.js; server/services/voice-agent/relay-transfer.js; server/services/voice-agent/relay-transcript.js; server/utils/datetime-et.js; server/services/customer-stages.js; server/utils/intake-normalize.js; server/utils/lead-service-interest.js; server/utils/name-case.js; server/schemas/validate-extraction.js; server/utils/normalize-extraction-v2.js; server/utils/pan-scrub.js; server/services/prompts/call-extraction-v1.js; server/services/llm/call.js; server/services/call-route-decisions.js; server/services/call-field-candidates.js; server/schemas/call-extraction.model-output.schema.json; server/services/call-triage-flags.js; server/services/address-validation/recovery.js; server/services/contact-dictation.js; server/services/contact-quarantine-arbiter.js; server/services/call-routing-gates.js; server/config/feature-gates.js; server/services/call-disposition.js; server/services/call-spam-classifier.js; server/services/call-profile-enrichment.js; server/utils/extraction-compat.js; server/services/call-booking-catalog.js; server/services/address-validation/index.js; server/services/sms-template-renderer.js; server/services/conversations.js; server/services/scheduling/occupancy.js; server/config/transcription-vocabulary.js; server/services/notification-service.js; server/config/call-extraction-retry.js; server/utils/name-match.js; server/utils/lead-extracted-data-merge.js; server/utils/call-lead-customer-gate.js; server/utils/call-lead-source.js; server/services/voice-agent/relay-protocol.js; server/services/customer-properties.js; server/utils/non-lead-call-content.js; server/services/lead-first-touch-resume.js; server/services/estimator-engine/index.js; server/services/payer.js; server/services/customer-contact.js; server/services/service-contact-events.js; server/utils/lead-contact-completeness.js; server/utils/workable-lead-signal.js; server/services/appointment-reminders.js; server/services/inspection-credit.js; server/services/lead-statuses.js; server/utils/call-timeline.js; server/services/customer-address-fanout.js; server/utils/address-normalizer.js; server/services/ads/call-attribution.js; server/services/ads/google-call-bridge.js; server/services/notification-triggers.js; server/services/lead-estimate-link.js; server/services/lead-funnel-bridge.js; server/services/re-service.js; server/services/customer-email-fanout.js; server/services/property-role-proposals.js; server/services/email-bounce-recovery.js; server/routes/admin-customers.js; server/services/customer-default-rows.js; server/services/stripe.js; server/services/call-property-lookup.js; server/services/recipient-optin.js; server/services/contact-correction.js; server/services/dropped-call-sms.js; server/services/voicemail-lead-sms.js; server/services/estimate-clarify-asks.js; server/services/reservice-scheduler.js; server/utils/customer-comms-lock.js; server/services/visit-groups.js; server/services/scheduling/tech-day-lock.js; server/services/tech-visit-notifications.js; server/services/outbound-review-confirm.js; server/services/appointment-card-request.js; server/services/appointment-link.js; server/services/composer-customer-links.js; server/services/appointment-email.js; server/services/estimator-engine/booking-predraft.js; server/services/automation-runner.js; server/services/csr/csr-coach.js; server/services/call-commitments.js; server/services/unrecorded-call-watchdog.js
server/services/cancellation-processor.js,,,,,,; ,,server/models/db.js; server/services/logger.js; server/services/track-transitions.js; server/services/job-status.js; server/utils/datetime-et.js; server/config/feature-gates.js; server/services/cancellation-eligibility.js; server/utils/customer-comms-lock.js; server/services/notification-service.js; server/services/self-booking-plan-sync.js; server/services/pricing-engine/constants.js; server/services/plan-rate-ledger.js; server/services/billing-lane.js; server/services/tech-visit-notifications.js; server/services/appointment-reminders.js; server/services/invoice.js; server/services/estimate-card-holds.js; server/services/appointment-card-request.js; server/services/churn-classifier.js
server/services/cancellation-resolution/actions.js,,,,,,; ,,server/models/db.js; server/services/logger.js; server/services/cancellation-resolution/templates.js; server/services/notification-service.js; server/services/cancellation-resolution/retention-offer.js; server/services/reservice-link.js; server/services/cancellation-resolution/holds.js
server/services/collections/outbound-voice/collections-conversation.js,,,,,,; ,,server/config/models.js; server/models/db.js; server/services/logger.js; server/services/collections/outbound-voice/script.js; server/services/collections/outbound-voice/gates.js; server/services/collections/outbound-voice/staffed-hours.js; server/services/collections/outbound-voice/supervision.js; server/services/collections/outbound-voice/outcomes.js; server/services/collections/outbound-voice/flags.js; server/services/invoice-helpers.js; server/utils/datetime-et.js; server/services/collections/account-anchor.js; server/services/invoice.js; server/utils/pan-scrub.js; server/services/collections/contact-policy.js; server/services/notification-service.js; server/services/collections/rail-guard.js; server/services/collections/consent-provenance.js; server/services/collections/contact-ledger.js; server/services/voice-agent/relay-transcript.js
server/services/collections/outbound-voice/flags.js,,,,,,; ,,server/models/db.js; server/services/logger.js; server/services/notification-service.js
server/services/collections/shadow-sweep.js,,,,,,; ,,server/models/db.js; server/services/logger.js; server/services/collections/contact-policy.js; server/utils/datetime-et.js; server/services/invoice-helpers.js; server/services/collections/account-anchor.js; server/services/collections/case-lock.js; server/services/notification-service.js
server/services/complete-scheduled-service.js,,,,,,; ,<computed>:149; <computed>:3178,server/models/db.js; server/routes/admin-sms-templates.js; server/services/logger.js; server/services/stripe.js; server/utils/datetime-et.js; server/services/track-transitions.js; server/services/stamped-address.js; server/services/completion-recap.js; server/services/recap-visit-context.js; server/services/completion-attempts.js; server/services/property-zones.js; server/services/termite-stations.js; server/services/messaging/send-customer-message.js; server/utils/portal-url.js; server/services/messaging/segment-counter.js; server/services/nutrient-ledger.js; server/services/waveguard-plan-engine.js; server/services/waveguard-approval-engine.js; server/services/short-url.js; server/services/autopay-eligibility.js; server/services/billing-lane.js; server/services/completion-charge-verdict.js; server/services/service-report/service-line-configs.js; server/services/pest-pressure/orchestrate.js; server/services/pest-pressure/store.js; server/services/service-report/report-data.js; server/services/service-report/report-identity-snapshot.js; server/services/service-report/tip-library.js; server/config/feature-gates.js; server/services/service-report/report-reconciliation.js; server/services/service-report/turf-height.js; server/services/turf-height-service.js; server/services/turf-height-ocr.js; server/services/service-report/application-conditions.js; server/services/service-report/delivery.js; server/services/service-report/delivery-queue.js; server/services/service-report/pdf-queue.js; server/services/service-report/dynamic-context.js; server/services/service-report/preview-image.js; server/services/service-report/no-activity-finding.js; server/services/service-report/service-record-timing.js; server/services/service-photos.js; server/services/lawn-protocol-completion.js; server/services/tree-shrub-closeout.js; server/services/tree-shrub-assessment.js; server/services/service-completion-profiles.js; server/services/service-report/activity-indicators.js; server/services/service-report/technician-report-copy.js; server/services/service-report/companion-completions.js; server/services/typed-followup-obligation.js; server/services/service-closeout-requirements.js; server/services/estimate-first-application-invoice.js; server/services/feature-flags.js; server/services/track-transition-alerts.js; server/utils/service-duration-capture.js; server/utils/duration-minutes.js; server/services/inventory-units.js; server/services/time-tracking.js; server/services/vision-delta.js; server/services/completion-invoice-candidate.js; shared/specialty-service-closeouts.js; shared/lawn-condition-findings.js; server/services/completion-tier-snapshot.js; server/services/no-cost-visit-types.js; server/services/job-status.js; server/services/visit-groups.js; server/services/payer.js; server/services/tax-calculator.js; server/routes/admin-schedule.js; server/services/inspection-credit.js; server/services/service-report/trace-eligibility.js; server/services/compliance.js; server/services/dispatch-alerts.js; server/services/knowledge-bridge.js; server/services/agronomic-wiki.js; server/services/application-limits.js; server/services/recurring-series-extend.js; server/services/completion-comms-guard.js; server/services/setup-fee-obligation.js; server/services/setup-fee-alert-reconcile.js; server/services/notification-service.js; server/services/annual-prepay-renewals.js; server/services/scheduled-invoice-mint.js; server/services/invoice.js; server/services/service-report/evidence-prewarm.js; server/routes/reports-public.js; server/services/visual-service-notes.js; server/services/service-report/recap-pipeline.js; server/services/prepaid-pi-guard.js; server/services/payment-plans.js; server/services/estimate-deposits.js; server/services/customer-credit.js; server/services/autopay-log.js; server/services/completion-balance-sweep.js; server/services/estimate-card-holds.js; server/services/review-request.js; server/services/customer-card.js; server/services/invoice-helpers.js; server/config/twilio-numbers.js; server/services/invoice-email.js; server/services/service-report/failure-alerts.js; server/services/service-report/lawn-report-write-gate.js; server/services/reservice-link.js; server/services/messaging/send-window.js; server/services/open-balance.js; server/services/notification-triggers.js; server/services/job-form.js; server/services/supplies-consumption.js; server/services/job-costing.js; server/services/referral-engine.js; server/services/lead-estimate-link.js
server/services/completion-comms-guard.js,,,,,,; ,,server/models/db.js; server/services/logger.js; server/config/feature-gates.js; server/services/notification-service.js; server/services/dispatch-alerts.js
server/services/completion-record-invariants.js,,,,,,; ,,server/models/db.js
server/services/contact-correction.js,,,,,,; ,,server/models/db.js; server/services/logger.js; server/config/models.js; server/services/llm/call.js; server/utils/intake-normalize.js; server/config/feature-gates.js; server/utils/address-normalizer.js; server/services/data-hygiene/normalizers.js; server/utils/zip-to-city.js; server/services/customer-properties.js; server/services/customer-address-fanout.js; server/services/customer-email-fanout.js; server/services/customer-contact-fanout.js; server/services/geocoder.js; server/services/lead-first-touch-resume.js; server/services/notification-service.js
server/services/content/autonomous-runner.js,,,,,,; ,,server/models/db.js; server/services/logger.js; server/utils/datetime-et.js; server/config/locations.js; server/services/content/scoring-config.js; server/services/content/guardrail-options.js; server/config/feature-gates.js; server/services/content/comparison-table-gate.js; packages/affiliate-registry/index.js; server/services/content/email-approvals.js; server/services/twilio.js; server/services/social-compliance-judge.js; server/services/content-astro/blog-categories.js; server/services/content-astro/spoke-sites.js; server/services/content-astro/spoke-routing.js
server/services/content/email-approvals.js,,,,GET/default <computed>:1098,,; ,,server/models/db.js; server/services/logger.js; server/services/newsletter-proof.js; server/config/feature-gates.js; server/services/email.js; server/services/content/autonomous-review-queue.js; server/services/notification-service.js
server/services/content/parked-run-digest.js,,,,,,; ,,server/models/db.js; server/services/logger.js; server/services/ops-digest.js; server/utils/internal-email-recipients.js; server/utils/datetime-et.js; server/services/content/email-approvals.js; server/services/content/pii-redactor.js; server/config/feature-gates.js; server/services/email.js
server/services/content/post-publish-visibility-worker.js,,,,,,; ,,server/models/db.js; server/services/logger.js; server/services/seo/sitemap-manager.js; server/services/seo/indexnow-submit.js; server/services/content/ai-visibility-gate.js; server/utils/normalize-url.js; server/services/twilio.js
server/services/customer-dedupe.js,,,,,,; ,,server/models/db.js; server/services/logger.js; server/utils/customer-comms-lock.js; server/services/pay-combined.js; server/services/customer-address-fanout.js; server/services/service-contact-events.js; server/services/notification-service.js
server/services/dashboard-alerts.js,,,ar_overdue_60=${…} invoice${…} 60+ days overdue:164; payments_failed_today=${…} failed payment${…} today:184; calls_unmapped_today=${…} unmapped phone number${…} rang today:209; cards_expiring_7d=${…} card${…} expiring in 7 days:283; inventory_unit_review=${…} inventory product${…} need${…} unit review:305; churn_at_risk=${…} customer${…} at churn risk:333; stale_draft_invoices=${…} draft invoice${…} unsent 3+ days — invisible to dunning (${…}${…}):385; closeout_gaps_today=${…} completed visit${…} today not closed out (${…} open item${…}):521; leads_awaiting_contact=${…} lead${…} waiting over ${…}m for first contact:626; estimates_expiring=${…} open estimate${…} expiring within 3 days:680; at_risk_mrr=${…} recurring account${…} with MRR at risk:705; autopay_coverage_low=Autopay covers ${…}% of customers — ${…} billed manually:739; leads_unattributed_7d=${…} lead${…} this week missing a source:782; builder_warranty_expiring=${…} lead${…} with a builder termite warranty expiring soon:806; customer_duplicates_review=${…} possible duplicate customer${…} to review:830,,,; ,,server/models/db.js; server/services/logger.js; server/utils/datetime-et.js; server/utils/speed-to-lead-fresh-start.js; server/services/lead-statuses.js; server/services/internal-test-customers.js; server/services/mrr-breakdown.js; server/services/customer-stages.js; server/services/autopay-eligibility.js; server/services/closeout-alerts.js; server/services/voice-agent/relay-protocol.js; server/services/annual-prepay-renewals.js; server/services/inventory-unit-review.js; server/services/customer-dedupe.js
server/services/data-hygiene/auto-apply.js,,,,,,; ,,server/models/db.js; server/services/logger.js; server/config/feature-gates.js; server/services/audit-log.js; server/services/notification-service.js
server/services/email-bounce-recovery.js,,,,,,; ,,server/models/db.js; server/services/logger.js; server/services/sendgrid-mail.js; server/services/email-template-library.js; server/services/notification-service.js; server/utils/email-typo-correction.js; server/services/email-bounce-reverify.js
server/services/email-bounce-rescue.js,,,,,,; ,,server/models/db.js; server/services/logger.js; server/services/ops-digest.js; server/services/notification-service.js; server/config/models.js; server/services/llm/call.js; server/utils/email-typo-correction.js; server/services/voice-agent/relay-protocol.js; server/services/customer-email-fanout.js; server/services/email.js
server/services/email-template-library.js,,,,,,; ,,server/models/db.js; server/services/sendgrid-mail.js; server/services/email-template.js; server/services/audit-log.js; server/services/logger.js; server/services/notification-service.js; server/services/internal-test-customers.js; server/constants/business.js
server/services/email/email-actions.js,,,,,,; ,,server/models/db.js; server/services/email/gmail-client.js; server/services/logger.js; server/services/email/spam-blocker.js; server/services/customer-stages.js; server/utils/internal-email-recipients.js; server/services/email/inbox-hygiene.js; server/services/lead-estimate-automation.js; server/services/estimate-automation-duplicates.js; server/routes/lead-webhook.js; server/services/estimate-clarify-asks.js; server/services/email/auto-unsubscribe.js; server/services/notification-service.js; server/config/models.js; server/services/llm/call.js; server/services/email/invoice-processor.js
server/services/email/inbox-hygiene.js,,,,,,; ,,server/models/db.js; server/services/logger.js; server/services/email/gmail-client.js; server/services/email/spam-blocker.js; server/services/email/email-actions.js; server/services/notification-service.js
server/services/estimate-card-holds.js,,,,,,; ,,server/models/db.js; server/services/logger.js; server/services/stripe.js; server/services/pricing-engine/constants.js; server/services/invoice-helpers.js; server/utils/datetime-et.js; server/services/notification-service.js; server/services/payment-method-consents.js; server/services/appointment-reminders.js; server/config/feature-gates.js; server/services/payer.js; server/services/invoice.js; server/services/scheduled-invoice-mint.js; server/services/invoice-email.js; server/services/receipt-delivery-queue.js
server/services/estimate-clarify-asks.js,,,,,,; ,,server/models/db.js; server/services/logger.js; server/config/feature-gates.js; server/utils/address-normalizer.js; server/services/estimator-engine/address-compare.js; server/utils/estimate-claim-sql.js; server/services/customer-properties.js; server/services/notification-service.js; server/services/sms-service-intent.js; server/services/call-property-lookup.js; server/services/estimator-engine/sms-thread.js; server/services/estimator-engine/index.js; server/services/lead-estimate-automation.js
server/services/estimate-converter.js,,,,,,; ,,server/models/db.js; server/utils/customer-comms-lock.js; server/services/logger.js; server/services/technician-eligibility.js; server/services/availability.js; server/services/pricing-engine/constants.js; server/services/pricing-engine/discount-engine.js; server/services/billing-cadence.js; server/services/account-membership-email.js; server/services/new-recurring-welcome-sms.js; server/utils/datetime-et.js; server/services/prepay-cadence.js; server/services/customer-stages.js; server/services/lawn-grass-context.js; server/services/waveguard-existing-services.js; server/services/billing-lane.js; server/services/recurring-appointment-seeder.js; server/services/visit-groups.js; server/services/scheduling/blackout-dates.js; server/config/feature-gates.js; server/services/customer-credit.js; server/routes/estimate-public.js; server/services/plan-rate-ledger.js; server/services/estimate-property-linkage.js; server/services/tax-calculator.js; server/services/notification-service.js; server/services/appointment-reminders.js; server/services/customer-pricing-ai.js; server/services/tech-visit-notifications.js; server/services/inspection-credit.js; server/services/invoice.js; server/services/estimate-deposits.js; server/services/annual-prepay-renewals.js; server/services/notification-triggers.js; server/services/secure-appointment-plans.js
server/services/estimate-hot-view-alert.js,,,,,,; ,,server/services/logger.js; server/config/feature-gates.js; server/services/notification-service.js; server/services/notification-bell-policy.js
server/services/estimate-measurement-review.js,,,,,,; ,,server/models/db.js; server/services/logger.js; server/services/notification-service.js; server/services/estimate-add-service-request.js; server/routes/estimate-public.js
server/services/estimator-engine/index.js,,,,,,; ,,server/models/db.js; server/services/logger.js; server/services/admin-estimate-persistence.js; server/services/estimator-engine/context-builder.js; server/services/estimator-engine/source-arbitration.js; server/services/lookup-confidence.js; server/services/estimator-engine/intent-composer.js; server/services/estimator-engine/draft-builder.js; server/utils/address-normalizer.js; server/services/estimator-engine/address-compare.js; server/routes/property-lookup-v2.js; server/services/property-lookup/county-parcel-gis.js; server/services/notification-service.js; server/utils/estimate-claim-sql.js; server/services/estimator-engine/property-facts-shadow.js; server/services/estimator-engine/unit-scope-model.js; server/services/waveguard-existing-services.js; server/services/pricing-engine/unit-band-pricing.js; server/services/pricing-engine/service-pricing.js; server/services/estimate-membership-context.js; server/services/estimator-engine/commercial-proposal.js; server/services/estimator-engine/scope-guards.js; server/services/estimate-clarify-asks.js; server/services/estimator-engine/sms-thread.js; server/services/pricing-engine/index.js
server/services/eval/call-extraction-replay.js,,,,,,; ,,server/services/logger.js; server/services/ops-digest.js; server/services/llm-dispatch-metrics.js; server/services/notification-service.js; server/services/email.js; server/scripts/replay-call-extraction-variance.js
server/services/eval/incident-regression.js,,,,,,; ,,server/services/logger.js; server/services/llm-dispatch-metrics.js; server/services/notification-service.js; server/services/content/fact-check-gate.js; server/services/email/email-classifier.js; server/services/email/email-actions.js
server/services/google-business.js,,,,GET/default <computed>:131; GET/default <computed>:309; GET/default https://mybusiness.googleapis.com/v4/${…}:375; GET/default <computed>:403; POST <computed>:416; GET/default <computed>:429; GET/default <computed>:1162; GET/default <computed>:1196; GET/default <computed>:2361,,; ,,server/services/logger.js; server/services/ops-digest.js; server/models/db.js; server/config/locations.js; server/config/models.js; server/services/notification-service.js; server/utils/cron-lock.js; server/services/review-reply/draft-prefix.js; server/services/review-click-correlation.js; server/config/feature-gates.js; server/services/review-reply/runner.js; server/services/automation-enroll.js; server/services/review-incentives.js; server/services/email.js
server/services/inbound-sms-read.js,,,,,,; ,,server/models/db.js; server/services/logger.js; server/services/notification-service.js
server/services/inspection-credit.js,,,,,,; ,,server/models/db.js; server/services/logger.js; server/config/feature-gates.js; server/services/customer-credit.js; server/utils/datetime-et.js; server/services/pricing-engine/constants.js; server/services/notification-service.js; server/services/invoice.js; server/services/invoice-email.js
server/services/intelligence-bar/comms-tools.js,,,,,,; ,,server/models/db.js; server/services/logger.js; server/config/models.js; server/utils/datetime-et.js; server/services/call-commitments.js; server/config/feature-gates.js; server/services/voice-agent/relay-protocol.js; server/services/messaging/send-customer-message.js
server/services/intelligence-bar/estimate-tools.js,,,,,,; ,,server/models/db.js; server/services/logger.js; server/services/pricing-engine/index.js; server/services/estimator-engine/draft-builder.js; server/services/estimator-engine/address-compare.js; server/services/external-phone.js; server/services/lawn-grass-context.js; server/services/short-url.js; server/services/estimate-delivery-options.js; server/services/estimate-learning.js; server/services/estimate-automation-duplicates.js; server/routes/property-lookup-v2.js; server/services/agent-estimate-context.js; server/services/waveguard-existing-services.js; server/services/estimate-membership-context.js; server/services/protocol-reader.js; server/services/agent-estimate-preview.js; server/services/estimate-pricing-cache.js; server/services/intelligence-bar/procurement-tools.js
server/services/intelligence-bar/tools.js,,,,,,; ,,server/models/db.js; server/utils/customer-comms-lock.js; server/services/scheduling/window-rules.js; server/services/logger.js; server/services/technician-eligibility.js; server/services/customer-default-rows.js; server/utils/datetime-et.js; server/services/customer-stages.js; server/services/track-token-expiry.js; server/services/stamped-address.js; server/utils/address-normalizer.js; server/services/customer-email-fanout.js; server/services/customer-contact-fanout.js; server/utils/intake-normalize.js; server/services/customer-properties.js; server/services/billing-lane.js; server/services/plan-rate-ledger.js; server/services/customer-address-fanout.js; server/services/lead-first-touch-resume.js; server/services/geocoder.js; server/services/notification-service.js; server/services/admin-cancellation.js; server/services/intelligence-bar/proposal-pins.js; server/services/inspection-credit.js; server/services/visit-groups.js; server/services/tech-visit-notifications.js; server/services/appointment-reminders.js; server/services/rebooker.js; server/services/typed-followup-obligation.js; server/services/visit-cancellation-followthrough.js; server/services/estimate-card-holds.js; server/services/job-status.js; server/services/knowledge-bridge.js; server/config/feature-gates.js; server/services/knowledge-index/hybrid-search.js; server/services/agronomic-wiki.js
server/services/inventory-unit-review.js,,,,,,; ,,server/models/db.js; server/services/logger.js; server/config/feature-gates.js; server/services/inventory-units.js; server/services/notification-service.js
server/services/knowledge-base.js,,,,GET/default https://graph.facebook.com/v25.0/me?access_token=${…}:312; GET/default https://graph.facebook.com/v25.0/debug_token?input_token=${…}&access_token=${…}:315,,; ,,server/models/db.js; server/services/logger.js; server/config/models.js; server/services/llm/deep.js; server/services/linkedin.js; server/services/token-health.js; server/services/twilio.js; server/config/protocols.json; server/services/pricing-engine/index.js
server/services/lawn-pricing-invariant-sweep.js,,,,,,; ,,server/models/db.js; server/services/logger.js; server/services/pricing-engine/service-pricing.js; server/services/pricing-engine/constants.js; server/services/estimate-pricing-audit.js; server/services/pricing-engine/index.js
server/services/lead-from-extraction.js,,,,,,; ,,server/models/db.js; server/services/logger.js; server/utils/lead-extracted-data-merge.js; server/utils/name-case.js; server/utils/lead-service-interest.js; server/utils/lead-contact-completeness.js; server/utils/pan-scrub.js; server/services/notification-service.js; server/services/voice-agent/relay-context.js
server/services/lead-intake.js,,,,,,; ,,server/models/db.js; server/services/logger.js; server/services/twilio.js; server/services/sms-service-intent.js; server/utils/portal-url.js; server/services/estimate-automation-duplicates.js; server/services/estimator-engine/sms-thread.js; server/services/estimate-clarify-asks.js
server/services/lead-to-cash-invariants.js,,,churned_live_state=Churned/inactive accounts still carrying live plan state:55; waveguard_alignment_drift=WaveGuard members whose customer fields drift from their recurring services:66; recurring_schedule_anomalies=Recurring series children off their cadence:82; stale_open_visits=Past-dated visits still in an open status:95; converted_open_estimates=Estimates still open for customers who converted another way (6:00 guard did not converge):106; completion_lane_coverage=Active catalog services that do not resolve to exactly one completion lane:117; closeout_failed_facts=Yesterday's completed visits with a failed closeout fact or a contradiction:176,,,; ,,server/models/db.js; server/services/logger.js; server/services/ops-digest.js; server/services/sendgrid-mail.js; server/config/feature-gates.js; server/utils/internal-email-recipients.js; server/utils/datetime-et.js; server/utils/sentry-scrub.js; server/scripts/audit-churned-accounts-live-state.js; server/scripts/align-waveguard-portal-records.js; server/services/recurring-schedule-audit.js; server/services/stale-visit-sweep.js; server/services/estimate-conversion-guard.js; server/config/completion-lane-registry.js; server/services/closeout-status.js; server/services/completion-record-invariants.js
server/services/linkedin.js,,,,POST <computed>:183; GET/default https://api.linkedin.com/rest/socialActions/${…}:252; POST <computed>:284; POST <computed>:318; GET/default <computed>:360; POST ${…}?action=initializeUpload:407; GET/default <computed>:436; PUT <computed>:488; GET/default ${…}/${…}:508; POST <computed>:563,,; ,,server/services/logger.js; server/models/db.js; server/utils/portal-url.js
server/services/newsletter-sunset.js,,,,,,; ,,server/models/db.js; server/services/logger.js; server/services/newsletter-sender.js
server/services/notification-service.js,,,,,,; ,,server/models/db.js; server/services/logger.js; server/services/internal-test-customers.js; server/services/notification-triggers.js; server/utils/strip-emoji.js; server/services/notification-bell-policy.js; server/services/push-notifications.js
server/services/notification-triggers.js,,,,,,; ,,server/models/db.js; server/services/logger.js; server/services/notification-service.js; server/services/push-notifications.js; server/services/internal-test-customers.js; server/utils/strip-emoji.js; server/services/notification-bell-policy.js; server/services/admin-unread.js
server/services/one-tap-purchase.js,,,,,,; ,,server/models/db.js; server/services/logger.js; server/services/slot-reservation.js; server/services/estimate-slot-availability.js; server/services/service-report/cross-sell.js; server/services/scheduling/occupancy.js; server/utils/customer-comms-lock.js; server/services/billing-cadence.js; server/utils/sms-time-format.js; server/services/customer-pricing-ai.js; server/services/pricing-engine/index.js; server/services/estimate-membership-context.js; server/services/payment-method-consents.js; server/services/payer.js; server/services/estimate-property-linkage.js; server/services/waveguard-existing-services.js; server/services/estimate-converter.js; server/services/scheduled-invoice-mint.js; server/routes/estimate-public.js; server/services/notification-service.js; server/services/autopay-enrollment.js; server/services/estimate-accepted-email.js; server/services/account-membership-email.js; server/services/appointment-tagger.js; server/services/appointment-reminders.js; server/services/termite-program-agreement.js; server/services/notification-triggers.js
server/services/ops-queue.js,,,jobs=Scheduled jobs:406; calls=Call processing:407; content=Content engine parks:408; approvals=Email-reply approvals:409; ib=Intelligence Bar confirmations:410; reports=Service report delivery:411; followups=Follow-up visits owed:412; alerts=Open admin alerts:413,,,; ,,server/models/db.js; server/services/logger.js; server/services/intelligence-bar/job-health-tools.js; server/services/call-processing-stall-watchdog.js; server/services/content/email-approvals.js; server/services/service-report/delivery-queue.js; server/services/service-report/pdf-queue.js; server/services/call-recording-processor.js; server/services/content/autonomous-review-queue.js
server/services/payment-method-firsts-watch.js,,,,,,; ,,server/models/db.js; server/services/logger.js; server/services/ops-digest.js; server/services/email.js
server/services/pest-recap.js,,,,,,; ,,server/models/db.js; server/services/completion-tier-snapshot.js; server/services/service-closeout-requirements.js; server/services/logger.js; server/services/job-status.js; server/services/track-transitions.js; server/services/messaging/send-customer-message.js; server/services/completion-recap.js; server/services/service-completion-profiles.js; server/services/service-report/pdf-storage.js; server/services/service-report/report-identity-snapshot.js; server/services/service-report/report-data.js; server/services/service-report/service-line-configs.js; server/services/inventory-units.js; server/utils/datetime-et.js; server/services/completion-comms-context.js; server/services/recap-visit-context.js; server/services/visit-groups.js; server/services/service-report/trace-eligibility.js; server/services/compliance.js; server/services/referral-engine.js; server/services/lead-estimate-link.js; server/services/estimate-card-holds.js; server/services/appointment-card-request.js; server/services/notification-service.js; server/services/customer-card.js
server/services/price-scan/price-match-draft.js,,,,,,; ,,server/services/sendgrid-mail.js; server/services/logger.js; server/services/ops-digest.js; server/services/price-scan/mark-email.js
server/services/procurement/auto-reorder.js,,,,,,; ,,server/models/db.js; server/services/logger.js; server/config/feature-gates.js; server/services/vendor-pricing-eligibility.js; server/services/procurement/live-restock-request.js; server/services/procurement/order-dispatch.js; server/services/notification-service.js
server/services/procurement/order-dispatch.js,,,,,,; setInterval None:1366,,server/models/db.js; server/services/logger.js; server/config/feature-gates.js; server/utils/datetime-et.js; server/services/vendor-credentials.js; server/services/audit-log.js; server/services/product-costing.js; server/services/inventory-units.js; server/services/procurement/adapters/siteone.js; server/services/procurement/adapters/stickermule.js; server/services/notification-service.js; server/services/procurement/auto-reorder.js
server/services/promised-estimate-watcher.js,,,,,,; ,,server/services/sendgrid-mail.js; server/services/logger.js; server/services/ops-digest.js; server/models/db.js; server/utils/internal-email-recipients.js; server/utils/datetime-et.js; server/config/feature-gates.js; server/services/call-commitments.js
server/services/recurring-appointment-seeder.js,,,,,,; ,,server/utils/datetime-et.js; server/utils/customer-comms-lock.js; server/services/scheduling/blackout-nudge.js; server/services/service-catalog-names.js; server/services/technician-eligibility.js; server/services/appointment-tagger.js; server/services/booking/visit-financial-stamps.js; server/services/logger.js; server/models/db.js; server/services/notification-service.js; server/services/estimate-converter.js; server/services/estimate-property-linkage.js; server/services/self-booking-plan-sync.js; server/config/feature-gates.js; server/services/scheduling/blackout-dates.js; server/services/customer-properties.js; server/services/visit-groups.js
server/services/recurring-card-on-file.js,,,,,,; ,,server/models/db.js; server/services/logger.js; server/services/stripe.js; server/config/feature-gates.js; server/routes/estimate-public.js; server/services/self-booking-plan-sync.js; server/services/waveguard-existing-services.js; server/services/payer.js; server/services/autopay-eligibility.js; server/services/payment-method-consents.js; server/services/autopay-enrollment.js; server/services/notification-service.js; server/services/invoice-followups.js; server/services/payment-plans.js; server/services/annual-prepay-renewals.js; server/services/project-report-hold.js; server/services/invoice.js; server/services/inspection-credit.js; server/services/customer-credit.js
server/services/reschedule-intent-watcher.js,,,,,,; ,,server/services/sendgrid-mail.js; server/services/logger.js; server/services/ops-digest.js; server/models/db.js; server/utils/internal-email-recipients.js; server/services/internal-test-customers.js; server/utils/datetime-et.js; server/config/feature-gates.js; server/services/notification-triggers.js
server/services/review-reply/runner.js,,,,,,; ,,server/models/db.js; server/services/logger.js; server/services/google-business.js; server/services/notification-service.js; server/config/locations.js; server/services/review-reply/draft-prefix.js; server/services/review-reply/grounding.js; server/services/review-reply/drafter.js; server/services/review-reply/publisher.js; server/services/review-reply/fingerprint.js
server/services/schedule-integrity-watchdog.js,,,,,,; ,,server/models/db.js; server/services/logger.js; server/services/notification-service.js; server/utils/datetime-et.js; server/config/feature-gates.js; server/utils/cron-lock.js; server/services/annual-prepay-renewals.js; server/services/irrigation-weekly-email.js
server/services/scheduler.js,,,,,,; ,,server/utils/scheduled-cron.js; server/models/db.js; server/services/twilio.js; server/services/logger.js; server/utils/datetime-et.js; server/utils/date-only.js; server/services/messaging/send-customer-message.js; server/config/feature-gates.js; server/utils/cron-lock.js; server/utils/estimate-claim-sql.js; server/services/messaging/deferred-recipient-identity.js; server/services/messaging/deferred-replay-registry.js; server/services/sms-suggest-mode.js; server/services/admin-estimate-persistence.js; server/services/estimator-engine/index.js; server/services/content/content-registry.js; server/services/content/content-registry-live-status.js; server/services/seo/gsc-opportunity-miner.js; server/services/sms-draft-canary.js; server/services/booking-funnel-canary.js; server/services/payment-method-firsts-watch.js; server/services/seo/seo-pipeline-runs.js; server/services/geocoder.js; server/services/inspection-credit.js; server/services/outbound-review-confirm.js; server/services/voice-agent/relay-reservice.js; server/services/voice-agent/relay-alert.js; server/services/lead-from-extraction.js; server/services/knowledge-index/resolution-sync.js; server/services/knowledge-index/ingest.js; server/services/link-library.js; server/services/data-hygiene/index.js; server/services/data-hygiene/auto-apply.js; server/services/vision-delta.js; server/services/call-property-lookup.js; server/services/property-lookup/manatee-permit-sync.js; server/services/inventory-unit-review.js; server/services/procurement/auto-reorder.js; server/services/procurement/order-dispatch.js; server/services/mrr-snapshot.js; server/services/llm-dispatch-metrics.js; server/services/kpi-snapshot.js; server/services/auto-dispatch/index.js; server/services/route-reorder.js; server/services/customer-dedupe.js; server/services/price-scan/weekly-scan.js; server/services/lawn-pricing-invariant-sweep.js; server/services/irrigation-weekly-email.js; server/services/turf-variance-digest.js; server/services/reschedule-intent-watcher.js; server/services/promised-estimate-watcher.js; server/services/call-commitments-watchdog.js; server/services/autopay-sms-digest.js; server/services/stripe-webhook-health.js; server/services/unworked-comms-watcher.js; server/services/newsletter-sunset.js; server/services/backlink-profile-astro-sync.js; server/services/seo/geo-grid-tracker.js; server/services/seo/rank-tracker.js; server/services/seo/ai-overview-tracker.js; server/services/seo/llm-mention-prober.js; server/services/seo/competitor-gap-miner.js; server/services/seo/backlink-monitor.js; server/services/seo/link-registry-intake.js; server/services/seo/link-path-investigator.js; server/services/seo/link-authority-bridge.js; server/services/seo/link-prospect-outreach.js; server/services/seo/link-registry-baseline.js; server/services/seo/link-registry-gap-ingest.js; server/services/seo/link-registry-enrich.js; server/services/seo/link-prospect-verifier.js; server/services/seo/link-prospect-indexer.js; server/services/seo/link-prospect-worker.js; server/services/seo/signup-classifier.js; server/services/seo/signup-runner.js; server/services/seo/backlink-outreach-drafter.js; server/services/seo/local-opportunity-promoter.js; server/services/seo/site-auditor.js; server/services/bi-agent.js; server/services/seo/content-decay.js; server/services/seo/cannibalization.js; server/services/content/customer-insights-miner.js; server/services/content/opportunity-queue.js; server/services/content/autonomous-runner.js; server/services/content/email-approvals.js; server/services/seo/impact-tracker.js; server/services/seo/impact-verdict-digest.js; server/services/seo/regression-requeue.js; server/services/content/parked-run-digest.js; server/services/event-ingestion.js; server/services/payment-method-consents.js; server/services/property-lookup/lookup-cache.js; server/services/messaging/inbound-dedupe.js; server/services/sms-voice-corpus-miner.js; server/services/call-research-miner.js; server/services/call-retranscription-backfill.js; server/services/voice-profile-distiller.js; server/services/sms-shadow-judge.js; server/services/sms-auto-send.js; server/services/sms-sealed-eval.js; server/services/sms-shadow-backfill.js; server/services/sms-pathology-ledger.js; server/services/event-normalizer.js; server/services/event-image-backfill.js; server/services/newsletter-sender.js; server/services/pest-insider-autopilot.js; server/services/newsletter-autopilot.js; server/services/event-freshness.js; server/services/newsletter-proof.js; server/services/event-curation.js; server/services/eval/incident-regression.js; server/services/eval/call-extraction-replay.js; server/services/event-dedup.js; server/services/newsletter-subscribers.js; server/services/automation-runner.js; server/services/transactional-email-provider-retry.js; server/services/email-template-automation-executor.js; server/services/appointment-reminders.js; server/services/new-recurring-welcome-sms.js; server/services/storm-watch.js; server/services/content-astro/pages-poll.js; server/services/content/autonomous-pr-poller.js; server/services/content/post-publish-visibility-worker.js; server/services/late-payment-checker.js; server/services/invoice-followups.js; server/services/collections/shadow-sweep.js; server/services/collections/outbound-voice/gates.js; server/services/collections/outbound-voice/dial-sweep.js; server/services/collections/outbound-voice/retention.js; server/services/previsit-card-request-sweep.js; server/services/previsit-brief.js; server/services/previsit-balance-reminder.js; server/services/payer-statement-followups.js; server/services/messaging/policy.js; server/services/context-aggregator.js; server/services/estimate-deposits.js; server/services/service-report/delivery-queue.js; server/routes/stripe-webhook.js; server/scripts/sync-lawn-area-weather.js; server/services/property-alerts.js; server/services/service-report/pdf-queue.js; server/services/service-report/recap-pipeline.js; server/services/service-report/neighborhood-pressure-aggregates.js; server/routes/admin-estimates.js; server/services/lead-estimate-auto-send.js; server/services/invoice.js; server/services/email/email-sync.js; server/services/missed-call-bell.js; server/services/email/inbox-hygiene.js; server/services/email/spam-blocker.js; server/services/notification-service.js; server/services/estimate-follow-up.js; server/services/estimate-engagement-engine.js; server/services/booking-abandon-recovery.js; server/services/click-followup.js; server/services/slot-reservation.js; server/services/one-tap-purchase.js; server/services/estimate-actuals.js; server/services/dashboard-alerts-cron.js; server/services/property-lookup-canary.js; server/services/waveguard-inventory-forecast.js; server/services/tax-advisor.js; server/services/content-scheduler.js; server/services/social-media.js; server/services/social-engagement.js; server/services/social-content-studio.js; server/services/ads/budget-manager.js; server/services/customer-intelligence/signal-detector.js; server/services/customer-intelligence/health-scorer.js; server/services/customer-intelligence/retention-engine.js; server/services/customer-health.js; server/services/customer-stages.js; server/services/csr/csr-coach.js; server/services/content/blog-writer.js; server/services/content/blog-auditor.js; server/services/ads/google-ads.js; server/services/ads/meta-ads.js; server/services/ads/google-call-bridge.js; server/services/ads/call-attribution.js; server/services/ad-cost-allocation.js; server/services/ad-attribution-sync.js; server/services/ads/data-manager.js; server/services/ads/meta-data-manager.js; server/services/ads/meta-audiences.js; server/services/ads/google-customer-match.js; server/services/seo/search-console-v2.js; server/services/notification-triggers.js; server/services/estimate-conversion-guard.js; server/services/estimate-expiration.js; server/services/lead-staleness.js; server/services/document-contract-delivery.js; server/services/termite-program-agreement.js; server/services/credential-expiry-checker.js; server/services/sunbiz-annual-report-reminder.js; server/services/google-business.js; server/services/ads/campaign-advisor.js; server/services/seo/seo-advisor.js; server/services/token-health.js; server/services/knowledge-base.js; server/services/call-recording-processor.js; server/services/call-self-audit.js; server/services/review-request.js; server/services/review-reply/runner.js; server/services/agronomic-wiki.js; server/services/knowledge-bridge.js; server/services/wiki-yellow-digest.js; server/services/time-tracking-crons.js; server/services/equipment-crons.js; server/services/billing-cron.js; server/services/recurring-card-on-file.js; server/services/autopay-notifications.js; server/services/bouncie-mileage-crons.js; server/services/workflows/payment-expiry.js; server/services/workflows/missed-appointment.js; server/services/lead-to-cash-invariants.js; server/services/stale-visit-sweep.js; server/services/intelligence-bar/threads.js; server/services/workflows/renewal-reminder.js; server/services/cancellation-resolution/index.js; server/services/cancellation-resolution/holds.js; server/services/workflows/seasonal-reactivation.js; server/services/campaign-drafts.js; server/services/workflows/balance-reminder.js; server/services/analytics/ga4-crons.js; server/services/tech-late-detector.js; server/services/unassigned-overdue-detector.js; server/services/call-ingest-watchdog.js; server/services/call-processing-stall-watchdog.js; server/services/agent-watchdog-liveness.js; server/services/call-booking-miss-watchdog.js; server/services/schedule-integrity-watchdog.js; server/services/call-log-relink.js; server/services/triage-auto-resolve.js; server/services/stripe-banking.js
server/services/seo/backlink-monitor.js,,,,,,; ,,server/models/db.js; server/services/logger.js; server/services/seo/dataforseo.js; server/utils/datetime-et.js; server/services/content-astro/spoke-sites.js; server/utils/cron-lock.js; server/services/seo/link-prospect-verifier.js; server/services/seo/lost-link-recovery.js; server/services/twilio.js; server/services/notification-service.js; server/config/feature-gates.js; server/services/seo/prospect-scorer.js; server/services/seo/llm-mention-prober.js
server/services/seo/impact-verdict-digest.js,,,,,,; ,,server/services/sendgrid-mail.js; server/services/logger.js; server/services/ops-digest.js; server/models/db.js; server/utils/internal-email-recipients.js; server/utils/cron-lock.js; server/utils/datetime-et.js; server/services/seo/impact-tracker.js
server/services/seo/link-authority-bridge.js,,,,,,; ,,server/config/feature-gates.js; server/services/logger.js; server/utils/datetime-et.js; server/services/seo/prospect-domain-lock.js; server/services/seo/link-registry.js; server/services/seo/link-authority-policy.js; server/services/seo/link-outreach-mandate.js; server/services/seo/link-authority-selection.js; server/utils/cron-lock.js; server/services/notification-service.js; server/services/seo/link-prospect-outreach.js; server/services/seo/link-prospect-verifier.js
server/services/service-report/failure-alerts.js,,,,,,; ,,server/models/db.js; server/services/logger.js; server/services/notification-triggers.js
server/services/sms-draft-canary.js,,,,,,; ,,server/services/logger.js; server/config/models.js; server/services/notification-service.js; server/services/twilio.js; server/services/llm/call.js
server/services/sms-pathology-ledger.js,,,,,,; ,,server/models/db.js; server/services/logger.js; server/config/models.js; server/services/sms-shadow-drafter.js; server/services/llm/call.js; server/services/llm/deep.js; server/services/notification-service.js
server/services/sms-sealed-eval.js,,,,,,; ,,server/models/db.js; server/services/logger.js; server/config/models.js; server/services/sms-shadow-drafter.js; server/services/sms-shadow-judge.js; server/services/llm/call.js; server/services/sms-graduation.js; server/utils/cron-lock.js; server/services/notification-service.js
server/services/social-content-studio.js,,,local_trigger_fact_cta=Local trigger + fact + soft CTA:171; proof_number=Proof number:176; review_card=Review card:181; technician_authority=Technician authority:186; seasonal_urgency=Seasonal urgency:191; service_carousel=Service carousel:196,,,; setInterval None:2640,,server/models/db.js; server/config/locations.js; server/services/social-media.js; server/services/social-card-renderer.js; server/services/content/blog-share-gate.js; server/services/social-creative-engine.js; server/utils/cron-lock.js; server/services/logger.js; server/services/ops-digest.js; server/utils/datetime-et.js; server/services/sendgrid-mail.js
server/services/staff-password-reset-email.js,,,,,,; ,,server/services/sendgrid-mail.js; server/services/email-template.js; server/services/logger.js
server/services/stale-visit-sweep.js,,,,,,; ,,server/models/db.js; server/services/logger.js; server/services/notification-service.js; server/utils/datetime-et.js; server/config/feature-gates.js; server/utils/cron-lock.js
server/services/sunbiz-annual-report-reminder.js,,,,,,; ,,server/models/db.js; server/services/logger.js; server/utils/datetime-et.js; server/services/notification-service.js
server/services/supplies-consumption.js,,,,,,; ,,server/services/logger.js; server/config/feature-gates.js; server/services/notification-service.js
server/services/tax-advisor.js,,,,,,; ,,server/models/db.js; server/services/logger.js; server/config/models.js; server/utils/datetime-et.js; server/services/twilio.js
server/services/termite-program-agreement.js,,,,,,; ,,server/models/db.js; server/services/logger.js; server/utils/date-only.js; server/services/notification-service.js; server/services/document-template-library.js; server/services/document-contract-delivery.js
server/services/time-tracking-crons.js,,,,,,; ,,server/utils/scheduled-cron.js; server/models/db.js; server/services/logger.js; server/services/time-tracking.js; server/services/twilio.js; server/utils/staff-time-work-date.js; server/utils/cron-lock.js
server/services/token-health.js,,,,"GET/default <computed>:52; GET/default <computed>:53; POST https://oauth2.googleapis.com/token:364; GET/default https://api.beehiiv.com/v2/publications/${…}:570; GET/default https://api.dataforseo.com/v3/appendix/user_data:607; GET/default https://api.stripe.com/v1/account:640; GET/default https://api.twilio.com/2010-04-01/Accounts/${…}.json:678; GET/default https://api.anthropic.com/v1/models?limit=1:711; GET/default https://api.openai.com/v1/models:745; GET/default https://generativelanguage.googleapis.com/v1beta/models?key=${…}:779; GET/default https://maps.googleapis.com/maps/api/geocode/json?address=Bradenton,FL&key=${…}:812; GET/default https://api.sendgrid.com/v3/user/account:845; GET/default https://api.github.com/repos/${…}/${…}:884",,; ,,server/models/db.js; server/services/logger.js; server/services/linkedin.js; server/services/bouncie-token-store.js; server/services/bouncie.js; server/services/notification-service.js
server/services/transactional-email-provider-retry.js,,,,,,; ,,server/models/db.js; server/services/logger.js; server/services/sendgrid-mail.js; server/services/email-template-library.js; server/services/notification-service.js
server/services/turf-variance-digest.js,,,,,,; ,,server/services/sendgrid-mail.js; server/services/logger.js; server/services/ops-digest.js; server/models/db.js; server/utils/internal-email-recipients.js
server/services/twilio.js,,,,,,; ,,server/config/index.js; server/models/db.js; server/services/logger.js; server/routes/admin-sms-templates.js; server/services/short-url.js; server/services/messaging/gsm-normalize.js; server/utils/technician-name.js; server/utils/portal-url.js; server/services/messaging/send-customer-message.js; server/services/audit-log.js; server/services/notification-triggers.js; server/config/twilio-numbers.js; server/config/locations.js; server/config/feature-gates.js; server/services/sms-guard.js; server/services/messaging/push-channel-routing.js; server/services/conversations.js; server/services/reply-training-capture.js; server/services/twilio-failure-alerts.js; server/services/messaging/sync-optout.js; server/utils/sms-time-format.js; server/services/reschedule-link.js; server/services/estimate-card-holds.js; server/services/appointment-reminders.js; server/services/customer-contact.js; server/services/recipient-optin.js; server/services/appointment-email.js; server/services/reservice-link.js
server/services/unrecorded-call-watchdog.js,,,,,,; ,,server/models/db.js; server/services/logger.js; server/services/notification-service.js; server/config/feature-gates.js; server/utils/cron-lock.js
server/services/unworked-comms-watcher.js,,,callbacks=callbacks:726; followUps=follow-ups:727; unanswered=unanswered texts:728; requests=service requests:729,,,; ,,server/services/sendgrid-mail.js; server/services/logger.js; server/services/ops-digest.js; server/models/db.js; server/utils/internal-email-recipients.js
server/services/voice-agent/relay-alert.js,,,,,,; ,,server/services/logger.js; server/services/voice-agent/relay-protocol.js; server/utils/pan-scrub.js; server/models/db.js; server/services/voice-agent/relay-context.js; server/services/twilio.js
server/services/voice-agent/relay-reservice.js,,,,,,; ,,server/services/logger.js; server/services/voice-agent/relay-protocol.js; server/services/voice-agent/relay-context.js; server/services/voice-agent/relay-tools.js; server/services/voice-agent/relay-booking.js; server/utils/pan-scrub.js; server/models/db.js; server/services/reservice-scheduler.js; server/utils/sms-time-format.js; server/services/notification-service.js; server/services/voice-agent/relay-alert.js
server/services/voice-agent/relay-transfer.js,,,,,,; ,,server/services/logger.js; server/services/voice-agent/relay-transcript.js; server/services/voice-agent/relay-language.js; server/services/twilio-failure-alerts.js; server/services/notification-service.js; server/services/voice-agent/relay-protocol.js
server/services/voice-profile-distiller.js,,,,,,; ,,server/models/db.js; server/services/logger.js; server/services/voice-agent/relay-conversation.js; server/services/llm/deep.js; server/services/notification-service.js
server/services/waveguard-inventory-forecast.js,,,,,,; ,,server/models/db.js; server/services/logger.js; server/services/waveguard-plan-engine.js; server/utils/datetime-et.js; server/services/inventory-units.js
server/services/wdo-report-attention.js,,,,,,; ,,server/models/db.js; server/services/logger.js; server/services/notification-service.js; server/utils/datetime-et.js; server/config/feature-gates.js; server/utils/cron-lock.js
server/services/wiki-yellow-digest.js,,,,,,; ,,server/services/sendgrid-mail.js; server/services/logger.js; server/services/ops-digest.js; server/models/db.js; server/utils/internal-email-recipients.js; server/utils/cron-lock.js; server/services/agronomic-wiki.js
server/services/wizard-series-activation-recovery.js,,,,,,; ,,server/models/db.js; server/services/logger.js; server/utils/customer-comms-lock.js; server/config/feature-gates.js; server/services/recurring-appointment-seeder.js; server/services/booking-pay-at-visit.js; server/services/notification-service.js; server/services/self-booking-plan-sync.js; server/services/appointment-tagger.js; server/services/new-recurring-welcome-sms.js; server/services/lead-estimate-link.js
server/services/zelle-notice-reconciler.js,,,,,,; ,,server/models/db.js; server/services/logger.js; server/config/feature-gates.js; server/services/zelle-notice.js; server/utils/name-match.js; server/services/open-balance.js; server/services/invoice-helpers.js; server/services/notification-service.js; server/services/invoice-manual-payment.js
